{
"type": "FeatureCollection",
"name": "medellin_city_priority_screen_v4",
"crs": { "type": "name", "properties": { "name": "urn:ogc:def:crs:OGC:1.3:CRS84" } },
"features": [
{ "type": "Feature", "properties": { "OBJECTID": 1, "BARRIO": "TOSCANA", "area_total_ha": 29.229286881737714, "Alta": 0.090744397025090531, "Media": 0.0, "Baja": 29.00641075684775, "high_share": 0.003104571021258377, "medhigh_share": 0.003104571021258377, "screening_score": 0.003104571021258377, "screening_rank": 80, "barrio_code": "0501", "comuna_code": "05", "comuna_name": "Castilla", "population_2026": 7418.0, "imcv_ampi_2023": 98.62, "population_match": "exact", "population_density_km2_2026": 25378.655421917672, "hazard_weighted_population_proxy_2026": 23.029707835694641, "exposure_component": 0.32674375769766639, "vulnerability_component": 0.5765521398432788, "priority_exposure": 0.32674375769766639, "priority_balanced": 0.38919585323406947, "priority_equity": 0.43915752966319199, "rank_exposure": 78.0, "rank_balanced": 79.0, "rank_equity": 79.0, "rank_hazard_only": 80 }, "geometry": { "type": "Polygon", "coordinates": [ [ [ -75.5573719085005, 6.303465022096629 ], [ -75.557710022024608, 6.303486471774776 ], [ -75.557989746591204, 6.303496395912701 ], [ -75.558275555648706, 6.30352286571526 ], [ -75.558562453175497, 6.30357855761819 ], [ -75.558882579270602, 6.303643898268091 ], [ -75.559295432473803, 6.303767430901849 ], [ -75.559702053185504, 6.303821808773922 ], [ -75.559959618826696, 6.30382302753021 ], [ -75.5602101408479, 6.303823289888352 ], [ -75.561186284963597, 6.303902356094901 ], [ -75.561165223834706, 6.303925797029681 ], [ -75.561006898535894, 6.304151298026699 ], [ -75.560935029598099, 6.304352194863789 ], [ -75.560868305907107, 6.30459399747891 ], [ -75.560817614106895, 6.304812372142047 ], [ -75.560741499132703, 6.305289969008559 ], [ -75.560704317105404, 6.306369537533103 ], [ -75.560637782387602, 6.307386838098658 ], [ -75.560589525316502, 6.307754264374061 ], [ -75.560479447693098, 6.308318666044621 ], [ -75.560361903074806, 6.30873305373414 ], [ -75.560273208527505, 6.309032399067711 ], [ -75.560155432746498, 6.309365925735693 ], [ -75.559991429620496, 6.30971809352223 ], [ -75.559749095954999, 6.310122118568149 ], [ -75.5595410166856, 6.310542609607931 ], [ -75.559337820345206, 6.310911451932559 ], [ -75.558829700251806, 6.311610453491671 ], [ -75.558462076406101, 6.312182405004308 ], [ -75.558323915491499, 6.31206881033057 ], [ -75.557927926691093, 6.31186339484846 ], [ -75.557521222859805, 6.31178173732414 ], [ -75.557292919261798, 6.311811612536759 ], [ -75.557041538154806, 6.31186493582107 ], [ -75.556887672882596, 6.311889726537611 ], [ -75.556721667035305, 6.311891171612579 ], [ -75.556589553345006, 6.311781456796751 ], [ -75.556648850573211, 6.311403280851221 ], [ -75.556899561349098, 6.311114193437251 ], [ -75.557328819797902, 6.31063364678128 ], [ -75.5576205012581, 6.309890444584277 ], [ -75.557803271286204, 6.309769119797429 ], [ -75.557842003469801, 6.309590722107339 ], [ -75.557851301158095, 6.30932083078245 ], [ -75.557814186004094, 6.309005280132198 ], [ -75.557761004682405, 6.308700492112159 ], [ -75.557712939577101, 6.308425891111563 ], [ -75.557671071210393, 6.308207778325631 ], [ -75.557623052336197, 6.30794973919275 ], [ -75.557593240749199, 6.307725747464758 ], [ -75.557573118029893, 6.307370204567909 ], [ -75.557568715989703, 6.30723674446991 ], [ -75.557565324696299, 6.307105232254058 ], [ -75.557591483181895, 6.306749557834979 ], [ -75.557611750770107, 6.306445535369992 ], [ -75.557598913476099, 6.306175705704051 ], [ -75.557539762376095, 6.305894315879819 ], [ -75.557412295483402, 6.305648193095849 ], [ -75.557283872035001, 6.305419608981651 ], [ -75.557123334354102, 6.30521937040291 ], [ -75.5569889222146, 6.305007364115471 ], [ -75.556931089620306, 6.304836062169509 ], [ -75.556918562191797, 6.304675346275297 ], [ -75.556996226342704, 6.304388697141488 ], [ -75.557069181327194, 6.30421507513392 ], [ -75.557241032032195, 6.303790791370468 ], [ -75.5573719085005, 6.303465022096629 ] ] ] } },
{ "type": "Feature", "properties": { "OBJECTID": 2, "BARRIO": "FLORENCIA", "area_total_ha": 29.649347734428563, "Alta": 0.0, "Media": 0.0, "Baja": 0.0, "high_share": 0.0, "medhigh_share": 0.0, "screening_score": 0.0, "screening_rank": 87, "barrio_code": "0503", "comuna_code": "05", "comuna_name": "Castilla", "population_2026": 11797.0, "imcv_ampi_2023": 98.62, "population_match": "exact", "population_density_km2_2026": 39788.396377777404, "hazard_weighted_population_proxy_2026": 0.0, "exposure_component": 0.0, "vulnerability_component": 0.5765521398432788, "priority_exposure": 0.0, "priority_balanced": 0.1441380349608197, "priority_equity": 0.25944846292947549, "rank_exposure": 85.0, "rank_balanced": 115.0, "rank_equity": 114.0, "rank_hazard_only": 87 }, "geometry": { "type": "Polygon", "coordinates": [ [ [ -75.565138996677106, 6.307697479715102 ], [ -75.565592669327103, 6.308021583039787 ], [ -75.566458986144994, 6.308394197334472 ], [ -75.566936950762795, 6.308768891351423 ], [ -75.567216841188099, 6.30883628871932 ], [ -75.5674633810074, 6.308851173629752 ], [ -75.567743141584003, 6.308872781888962 ], [ -75.568011717601806, 6.308853505293569 ], [ -75.568308399456299, 6.308810764388809 ], [ -75.568657513667404, 6.308808793047407 ], [ -75.569012793294803, 6.308851619371859 ], [ -75.569413591787907, 6.308980046741341 ], [ -75.569804432828604, 6.309144551697499 ], [ -75.570681832111703, 6.30952199608024 ], [ -75.571881904026199, 6.309797193794451 ], [ -75.571664225859195, 6.310727241190409 ], [ -75.571633000122503, 6.310714665065839 ], [ -75.571421689306504, 6.310705528411567 ], [ -75.571165300722399, 6.31076471657197 ], [ -75.570567332917093, 6.310999270994269 ], [ -75.570213846140305, 6.311232152627569 ], [ -75.569940550831404, 6.311360559456721 ], [ -75.569713649345303, 6.311528777311429 ], [ -75.569474724523602, 6.311714566692593 ], [ -75.569253035152101, 6.31194609553813 ], [ -75.569038155438093, 6.312096742624771 ], [ -75.568768782145995, 6.31219006649134 ], [ -75.568546552244499, 6.312232593615653 ], [ -75.568306223012698, 6.31227907047338 ], [ -75.568089981505295, 6.312305017612041 ], [ -75.567861678361496, 6.312334897324701 ], [ -75.567523779489207, 6.312389446201581 ], [ -75.567445827669999, 6.31257379959355 ], [ -75.566989617454496, 6.31277287497669 ], [ -75.5668369002709, 6.312847353492501 ], [ -75.566681930396612, 6.312838052928141 ], [ -75.566498623595095, 6.31277037850018 ], [ -75.566263939878894, 6.312679469177329 ], [ -75.565975966922295, 6.31260137858362 ], [ -75.565724244977105, 6.312533899327282 ], [ -75.565455404283497, 6.312461597842501 ], [ -75.565173208699704, 6.312291910956592 ], [ -75.564955514546511, 6.31216100959427 ], [ -75.564697660631396, 6.312060423170941 ], [ -75.564239559931394, 6.311948715994201 ], [ -75.564076558034699, 6.3119452836984 ], [ -75.564113178003893, 6.310318193381109 ], [ -75.564272467241295, 6.308663475470131 ], [ -75.564272223372299, 6.30857774163657 ], [ -75.564555039533701, 6.30825933400059 ], [ -75.564781778988717, 6.30803363694611 ], [ -75.565138996677106, 6.307697479715102 ] ] ] } },
{ "type": "Feature", "properties": { "OBJECTID": 3, "BARRIO": "BOYACA", "area_total_ha": 25.649349114870986, "Alta": 0.0, "Media": 0.0, "Baja": 2.1448790928436452, "high_share": 0.0, "medhigh_share": 0.0, "screening_score": 0.0, "screening_rank": 87, "barrio_code": "0505", "comuna_code": "05", "comuna_name": "Castilla", "population_2026": 6141.0, "imcv_ampi_2023": 98.62, "population_match": "exact", "population_density_km2_2026": 23942.128014623067, "hazard_weighted_population_proxy_2026": 0.0, "exposure_component": 0.0, "vulnerability_component": 0.5765521398432788, "priority_exposure": 0.0, "priority_balanced": 0.1441380349608197, "priority_equity": 0.25944846292947549, "rank_exposure": 85.0, "rank_balanced": 115.0, "rank_equity": 114.0, "rank_hazard_only": 87 }, "geometry": { "type": "Polygon", "coordinates": [ [ [ -75.567625252596713, 6.30104508511968 ], [ -75.567545104956906, 6.301517822629598 ], [ -75.567461675493306, 6.301898013820541 ], [ -75.567323366878298, 6.302438138640739 ], [ -75.567281641452411, 6.302977988309288 ], [ -75.567204787739101, 6.303547163496573 ], [ -75.567169052057807, 6.30407043343096 ], [ -75.567139383387001, 6.304604403221278 ], [ -75.567044851035206, 6.304971962256641 ], [ -75.567024642000604, 6.30529449383884 ], [ -75.566947249350505, 6.305674669102109 ], [ -75.566823211572, 6.305927351690309 ], [ -75.566658949840502, 6.306186968937832 ], [ -75.5664673454053, 6.306384310698528 ], [ -75.566024014665501, 6.306864902445309 ], [ -75.565138996677106, 6.307697479715102 ], [ -75.564781778988717, 6.30803363694611 ], [ -75.564555039533701, 6.30825933400059 ], [ -75.564272223372299, 6.30857774163657 ], [ -75.564274180223109, 6.30749730147391 ], [ -75.564260105055496, 6.307147587571862 ], [ -75.5642240274763, 6.306843726358291 ], [ -75.564154065793403, 6.306653948485708 ], [ -75.563845693103502, 6.306122889751321 ], [ -75.563564093833605, 6.30580803725887 ], [ -75.563345041912697, 6.305552432811202 ], [ -75.563143269965494, 6.30535815816097 ], [ -75.563009846711196, 6.30514128192193 ], [ -75.562962946060097, 6.304923184235679 ], [ -75.563029652571501, 6.304675536849049 ], [ -75.563079059442302, 6.30435974181459 ], [ -75.563105458029995, 6.3040898007787 ], [ -75.563103795544293, 6.303858909977518 ], [ -75.5630104544434, 6.303584438207552 ], [ -75.562894363648297, 6.303447400983847 ], [ -75.562634107113396, 6.303207502688441 ], [ -75.562657234264606, 6.303202564684507 ], [ -75.562926504979998, 6.303074174315211 ], [ -75.563198497994506, 6.302841530373878 ], [ -75.563334919655205, 6.302697928460628 ], [ -75.563572611145304, 6.302432258564371 ], [ -75.563797931752305, 6.302062379643162 ], [ -75.563990232833802, 6.301755919844189 ], [ -75.5641774717282, 6.301438757013111 ], [ -75.564238608822507, 6.301355773337523 ], [ -75.564492704757797, 6.301552821962421 ], [ -75.564687118829497, 6.30163605328137 ], [ -75.564910646847807, 6.301697768471433 ], [ -75.565133154033518, 6.30175364090548 ], [ -75.565454143345605, 6.301769289945851 ], [ -75.565722715175994, 6.301749038659342 ], [ -75.566076739149295, 6.301706138465053 ], [ -75.566378398936706, 6.301646824518062 ], [ -75.566744219923606, 6.30150646544961 ], [ -75.567188214539598, 6.301260664927542 ], [ -75.567625252596713, 6.30104508511968 ] ] ] } },
{ "type": "Feature", "properties": { "OBJECTID": 4, "BARRIO": "TEJELO", "area_total_ha": 41.583787268376341, "Alta": 0.0, "Media": 0.0, "Baja": 0.0, "high_share": 0.0, "medhigh_share": 0.0, "screening_score": 0.0, "screening_rank": 87, "barrio_code": "0504", "comuna_code": "05", "comuna_name": "Castilla", "population_2026": 12165.0, "imcv_ampi_2023": 98.62, "population_match": "exact", "population_density_km2_2026": 29254.189671298278, "hazard_weighted_population_proxy_2026": 0.0, "exposure_component": 0.0, "vulnerability_component": 0.5765521398432788, "priority_exposure": 0.0, "priority_balanced": 0.1441380349608197, "priority_equity": 0.25944846292947549, "rank_exposure": 85.0, "rank_balanced": 115.0, "rank_equity": 114.0, "rank_hazard_only": 87 }, "geometry": { "type": "Polygon", "coordinates": [ [ [ -75.567625252596713, 6.30104508511968 ], [ -75.567672474185301, 6.301022543141678 ], [ -75.568197025677904, 6.300800869528079 ], [ -75.568623009073406, 6.300590192302558 ], [ -75.569125441186699, 6.300374425016762 ], [ -75.569574860980197, 6.30026792380312 ], [ -75.569935709683207, 6.300149011000371 ], [ -75.570355711505812, 6.300310510233781 ], [ -75.570218525545798, 6.30053790038893 ], [ -75.569998270223905, 6.300918482956579 ], [ -75.569817335835396, 6.301328179481 ], [ -75.569491043340193, 6.30192242566615 ], [ -75.569216071639104, 6.302520419459902 ], [ -75.569155848052802, 6.302922953612248 ], [ -75.569163874459093, 6.303267811196108 ], [ -75.569260314368194, 6.303922225705429 ], [ -75.569473373178297, 6.304897807254869 ], [ -75.571395395907899, 6.305026758054857 ], [ -75.571704227729299, 6.305012235132761 ], [ -75.571920404112007, 6.30496485309631 ], [ -75.572053451179499, 6.305049231740132 ], [ -75.572129596644302, 6.305289650097701 ], [ -75.572160730781107, 6.305622752562171 ], [ -75.57220407035831, 6.306001606586231 ], [ -75.572209248624901, 6.306053226946993 ], [ -75.572232020064604, 6.306627962455511 ], [ -75.572254145232705, 6.307328378175838 ], [ -75.572235452108103, 6.307828216946429 ], [ -75.572193881993499, 6.308419698473839 ], [ -75.572150829230196, 6.308844590443111 ], [ -75.571888842586901, 6.30976112623039 ], [ -75.571881904026199, 6.309797193794451 ], [ -75.570681832111703, 6.30952199608024 ], [ -75.569804432828604, 6.309144551697499 ], [ -75.569413591787907, 6.308980046741341 ], [ -75.569012793294803, 6.308851619371859 ], [ -75.568657513667404, 6.308808793047407 ], [ -75.568308399456299, 6.308810764388809 ], [ -75.568011717601806, 6.308853505293569 ], [ -75.567743141584003, 6.308872781888962 ], [ -75.5674633810074, 6.308851173629752 ], [ -75.567216841188099, 6.30883628871932 ], [ -75.566936950762795, 6.308768891351423 ], [ -75.566458986144994, 6.308394197334472 ], [ -75.565592669327103, 6.308021583039787 ], [ -75.565138996677106, 6.307697479715102 ], [ -75.566024014665501, 6.306864902445309 ], [ -75.5664673454053, 6.306384310698528 ], [ -75.566658949840502, 6.306186968937832 ], [ -75.566823211572, 6.305927351690309 ], [ -75.566947249350505, 6.305674669102109 ], [ -75.567024642000604, 6.30529449383884 ], [ -75.567044851035206, 6.304971962256641 ], [ -75.567139383387001, 6.304604403221278 ], [ -75.567169052057807, 6.30407043343096 ], [ -75.567204787739101, 6.303547163496573 ], [ -75.567281641452411, 6.302977988309288 ], [ -75.567323366878298, 6.302438138640739 ], [ -75.567461675493306, 6.301898013820541 ], [ -75.567545104956906, 6.301517822629598 ], [ -75.567625252596713, 6.30104508511968 ] ] ] } },
{ "type": "Feature", "properties": { "OBJECTID": 5, "BARRIO": "SANTANDER", "area_total_ha": 42.671255294155451, "Alta": 0.0, "Media": 0.0, "Baja": 0.0, "high_share": 0.0, "medhigh_share": 0.0, "screening_score": 0.0, "screening_rank": 87, "barrio_code": "0601", "comuna_code": "06", "comuna_name": "Doce de Octubre", "population_2026": 14703.0, "imcv_ampi_2023": 100.36, "population_match": "exact", "population_density_km2_2026": 34456.450598053591, "hazard_weighted_population_proxy_2026": 0.0, "exposure_component": 0.0, "vulnerability_component": 0.52411091018685951, "priority_exposure": 0.0, "priority_balanced": 0.13102772754671488, "priority_equity": 0.23584990958408678, "rank_exposure": 85.0, "rank_balanced": 146.0, "rank_equity": 145.0, "rank_hazard_only": 87 }, "geometry": { "type": "Polygon", "coordinates": [ [ [ -75.574908219589403, 6.303804745993181 ], [ -75.575012603510999, 6.304068464996111 ], [ -75.575219457593903, 6.30427928201826 ], [ -75.575402613354896, 6.304295318097951 ], [ -75.575585638731098, 6.304265566507 ], [ -75.575757608716998, 6.304240716323552 ], [ -75.575944362472796, 6.304107684433119 ], [ -75.576144141587093, 6.303956105007098 ], [ -75.576343017995498, 6.303840574925529 ], [ -75.576580766241605, 6.303597306247117 ], [ -75.576767270020895, 6.303377567548921 ], [ -75.576943712593902, 6.303157857818992 ], [ -75.577114320412306, 6.303008310294252 ], [ -75.577285104000296, 6.302920139174122 ], [ -75.577490225565498, 6.302877656842528 ], [ -75.577695335046599, 6.30283127971471 ], [ -75.577907616960999, 6.302829695061737 ], [ -75.578083676078705, 6.302827241736939 ], [ -75.578249449410094, 6.30274590382536 ], [ -75.578368809523994, 6.302618909782952 ], [ -75.578458926242902, 6.302468617606707 ], [ -75.578542828212093, 6.302255993508508 ], [ -75.578626548133499, 6.301980043893192 ], [ -75.578916412505706, 6.301667454180131 ], [ -75.5789913033137, 6.301821168914871 ], [ -75.579055132324797, 6.301975889466051 ], [ -75.579114276514503, 6.302251428449858 ], [ -75.579106211622602, 6.30259633216358 ], [ -75.579102978510804, 6.30287204970517 ], [ -75.579086535011797, 6.303102017398281 ], [ -75.579049109484004, 6.303382703987809 ], [ -75.578976210653209, 6.303572890419927 ], [ -75.578830132639993, 6.303855839931977 ], [ -75.578710872755394, 6.304017905700779 ], [ -75.578563505630299, 6.304202459522073 ], [ -75.578342732166504, 6.304399890118201 ], [ -75.578075640245302, 6.3045847879257 ], [ -75.577858772586112, 6.304741289383937 ], [ -75.577642977226503, 6.304921168691351 ], [ -75.5775005929397, 6.305089146755078 ], [ -75.577388408099694, 6.305262882639199 ], [ -75.577338497932701, 6.305400393834642 ], [ -75.577276763237606, 6.305624646122859 ], [ -75.577141929593196, 6.30667136367302 ], [ -75.577095055377498, 6.307165436569563 ], [ -75.577068714488121, 6.307452913473659 ], [ -75.577018163962805, 6.307718050091498 ], [ -75.576963603134203, 6.307988071446001 ], [ -75.576903004699602, 6.308258109142108 ], [ -75.576807328989204, 6.30857501097195 ], [ -75.576690735027199, 6.30896601469277 ], [ -75.576596293669397, 6.309362801600691 ], [ -75.576317422721999, 6.310352453849431 ], [ -75.576090080345594, 6.311067222261888 ], [ -75.575992357220997, 6.311021715333653 ], [ -75.57572735749072, 6.31088510739283 ], [ -75.575436303719897, 6.310784622512722 ], [ -75.575057801774705, 6.31071361569778 ], [ -75.574680401433298, 6.310675728774808 ], [ -75.573681037756799, 6.310924103860362 ], [ -75.573517308450704, 6.311017126762701 ], [ -75.573225936966494, 6.311157278021012 ], [ -75.573042811802594, 6.311152930890092 ], [ -75.572837521538204, 6.311137931959522 ], [ -75.572625120044506, 6.311098596655741 ], [ -75.572373415561898, 6.311036966413232 ], [ -75.572103388865102, 6.310901346659039 ], [ -75.571664225859195, 6.310727241190409 ], [ -75.571881904026199, 6.309797193794451 ], [ -75.571888842586901, 6.30976112623039 ], [ -75.572150829230196, 6.308844590443111 ], [ -75.572193881993499, 6.308419698473839 ], [ -75.572235452108103, 6.307828216946429 ], [ -75.572254145232705, 6.307328378175838 ], [ -75.572232020064604, 6.306627962455511 ], [ -75.572209248624901, 6.306053226946993 ], [ -75.57220407035831, 6.306001606586231 ], [ -75.572514678186195, 6.305552568525282 ], [ -75.5725927388077, 6.305407182858301 ], [ -75.572712118272406, 6.305286035053832 ], [ -75.572883779268594, 6.30515207211455 ], [ -75.573025473661403, 6.305094186855781 ], [ -75.573275609455393, 6.304959999787312 ], [ -75.573601281026001, 6.304853848488031 ], [ -75.573869643515295, 6.304760527145331 ], [ -75.574091658115293, 6.304643956573711 ], [ -75.574323618728798, 6.304487414202012 ], [ -75.574478125064502, 6.304335964897342 ], [ -75.574738043596, 6.3041052993862 ], [ -75.574908219589403, 6.303804745993181 ] ] ] } },
{ "type": "Feature", "properties": { "OBJECTID": 6, "BARRIO": "DOCE DE OCTUBRE #1", "area_total_ha": 45.020648884160344, "Alta": 0.0, "Media": 0.0, "Baja": 0.0, "high_share": 0.0, "medhigh_share": 0.0, "screening_score": 0.0, "screening_rank": 87, "barrio_code": "0602", "comuna_code": "06", "comuna_name": "Doce de Octubre", "population_2026": 15935.0, "imcv_ampi_2023": 100.36, "population_match": "exact", "population_density_km2_2026": 35394.869676359609, "hazard_weighted_population_proxy_2026": 0.0, "exposure_component": 0.0, "vulnerability_component": 0.52411091018685951, "priority_exposure": 0.0, "priority_balanced": 0.13102772754671488, "priority_equity": 0.23584990958408678, "rank_exposure": 85.0, "rank_balanced": 146.0, "rank_equity": 145.0, "rank_hazard_only": 87 }, "geometry": { "type": "Polygon", "coordinates": [ [ [ -75.579114276514503, 6.302251428449858 ], [ -75.579492888597201, 6.302363351849352 ], [ -75.579658825490995, 6.302339493414219 ], [ -75.579881113390499, 6.302319368228192 ], [ -75.5801044309855, 6.302307035554142 ], [ -75.580286532249104, 6.302306512589141 ], [ -75.580441811390799, 6.30242492313897 ], [ -75.580540802506405, 6.302562005024299 ], [ -75.580742727374201, 6.302807906569988 ], [ -75.581059292676102, 6.303034965832991 ], [ -75.5813063592025, 6.30323397380549 ], [ -75.581696285865206, 6.303431594651911 ], [ -75.582098419917003, 6.3036759443141 ], [ -75.582430888876303, 6.303834761289571 ], [ -75.582347352075615, 6.30417403524569 ], [ -75.582282057919301, 6.304559047479292 ], [ -75.582227516904894, 6.304834912054817 ], [ -75.582243090938917, 6.30535218619341 ], [ -75.582285130504602, 6.3056268007217 ], [ -75.582453347335004, 6.306045236069381 ], [ -75.582529679114501, 6.306348977120567 ], [ -75.582612065820001, 6.30665854652242 ], [ -75.582723560526901, 6.306944649854579 ], [ -75.582759398595499, 6.307161801840899 ], [ -75.582636416093706, 6.307428121678382 ], [ -75.582466109330895, 6.307681915214046 ], [ -75.582503040431305, 6.307929263484858 ], [ -75.582693967223094, 6.308197602583109 ], [ -75.582787285541897, 6.308460376658961 ], [ -75.582874568237102, 6.308723168874811 ], [ -75.5830498452423, 6.309147429504927 ], [ -75.582997514979795, 6.309142709541651 ], [ -75.582637203825612, 6.309098932855968 ], [ -75.581979092764499, 6.309057964983088 ], [ -75.581772897326601, 6.309077069408539 ], [ -75.581539701815103, 6.309153731213259 ], [ -75.581386975420699, 6.309224317127101 ], [ -75.580400420737305, 6.309724993462781 ], [ -75.579290165252303, 6.31024453520848 ], [ -75.578720555252701, 6.310541368247461 ], [ -75.57848145321212, 6.31066383477075 ], [ -75.578316684497594, 6.310745170565091 ], [ -75.578139616175704, 6.31074762733061 ], [ -75.577973576120698, 6.310736414823578 ], [ -75.577762314744504, 6.31074384153854 ], [ -75.577505000815094, 6.310831288814222 ], [ -75.577243851476297, 6.31098401982846 ], [ -75.576946441215398, 6.311123216324067 ], [ -75.5766387120036, 6.311171838509392 ], [ -75.576472687007893, 6.311166471291697 ], [ -75.576233143267899, 6.31113500912651 ], [ -75.576090080345594, 6.311067222261888 ], [ -75.576317422721999, 6.310352453849431 ], [ -75.576596293669397, 6.309362801600691 ], [ -75.576690735027199, 6.30896601469277 ], [ -75.576807328989204, 6.30857501097195 ], [ -75.576903004699602, 6.308258109142108 ], [ -75.576963603134203, 6.307988071446001 ], [ -75.577018163962805, 6.307718050091498 ], [ -75.577068714488121, 6.307452913473659 ], [ -75.577095055377498, 6.307165436569563 ], [ -75.577141929593196, 6.30667136367302 ], [ -75.577276763237606, 6.305624646122859 ], [ -75.577338497932701, 6.305400393834642 ], [ -75.577388408099694, 6.305262882639199 ], [ -75.5775005929397, 6.305089146755078 ], [ -75.577642977226503, 6.304921168691351 ], [ -75.577858772586112, 6.304741289383937 ], [ -75.578075640245302, 6.3045847879257 ], [ -75.578342732166504, 6.304399890118201 ], [ -75.578563505630299, 6.304202459522073 ], [ -75.578710872755394, 6.304017905700779 ], [ -75.578830132639993, 6.303855839931977 ], [ -75.578976210653209, 6.303572890419927 ], [ -75.579049109484004, 6.303382703987809 ], [ -75.579086535011797, 6.303102017398281 ], [ -75.579102978510804, 6.30287204970517 ], [ -75.579106211622602, 6.30259633216358 ], [ -75.579114276514503, 6.302251428449858 ] ] ] } },
{ "type": "Feature", "properties": { "OBJECTID": 7, "BARRIO": "PROGRESO #2", "area_total_ha": 14.371321791110638, "Alta": 0.0, "Media": 0.0, "Baja": 0.0, "high_share": 0.0, "medhigh_share": 0.0, "screening_score": 0.0, "screening_rank": 87, "barrio_code": "0611", "comuna_code": "06", "comuna_name": "Doce de Octubre", "population_2026": 5965.0, "imcv_ampi_2023": 100.36, "population_match": "exact", "population_density_km2_2026": 41506.272608060608, "hazard_weighted_population_proxy_2026": 0.0, "exposure_component": 0.0, "vulnerability_component": 0.52411091018685951, "priority_exposure": 0.0, "priority_balanced": 0.13102772754671488, "priority_equity": 0.23584990958408678, "rank_exposure": 85.0, "rank_balanced": 146.0, "rank_equity": 145.0, "rank_hazard_only": 87 }, "geometry": { "type": "Polygon", "coordinates": [ [ [ -75.582430888876303, 6.303834761289571 ], [ -75.5827865579556, 6.304014943856868 ], [ -75.583016225965693, 6.304111705936441 ], [ -75.583320508101593, 6.304264757354662 ], [ -75.583618665554894, 6.304387625500831 ], [ -75.583997579626896, 6.304603786939251 ], [ -75.584341171970706, 6.304782054321449 ], [ -75.584342353209806, 6.304842454434122 ], [ -75.5844012805549, 6.305042001241559 ], [ -75.584516685836903, 6.30528815051495 ], [ -75.584645352175698, 6.30559758534511 ], [ -75.584768032904194, 6.305924574431618 ], [ -75.584797872383106, 6.306154407407833 ], [ -75.5847946094771, 6.306418434176558 ], [ -75.584729282265116, 6.30679175470883 ], [ -75.584650616588704, 6.307074509496557 ], [ -75.5846521987595, 6.307274223267263 ], [ -75.584728138592396, 6.307441572564311 ], [ -75.5848785032845, 6.307599938253319 ], [ -75.585040074909102, 6.307806009720998 ], [ -75.585352129741196, 6.30821136355356 ], [ -75.585554323109406, 6.308548838546421 ], [ -75.585768970796295, 6.30901780009788 ], [ -75.585857626251908, 6.309407236470809 ], [ -75.585531622292905, 6.309398435701991 ], [ -75.585108955852107, 6.309362635420571 ], [ -75.584748678560402, 6.3093305526022 ], [ -75.584302899389399, 6.309304561733951 ], [ -75.583713055019004, 6.309211763656771 ], [ -75.583329619248502, 6.309173900144462 ], [ -75.5830498452423, 6.309147429504927 ], [ -75.582874568237102, 6.308723168874811 ], [ -75.582787285541897, 6.308460376658961 ], [ -75.582693967223094, 6.308197602583109 ], [ -75.582503040431305, 6.307929263484858 ], [ -75.582466109330895, 6.307681915214046 ], [ -75.582636416093706, 6.307428121678382 ], [ -75.582759398595499, 6.307161801840899 ], [ -75.582723560526901, 6.306944649854579 ], [ -75.582612065820001, 6.30665854652242 ], [ -75.582529679114501, 6.306348977120567 ], [ -75.582453347335004, 6.306045236069381 ], [ -75.582285130504602, 6.3056268007217 ], [ -75.582243090938917, 6.30535218619341 ], [ -75.582227516904894, 6.304834912054817 ], [ -75.582282057919301, 6.304559047479292 ], [ -75.582347352075615, 6.30417403524569 ], [ -75.582430888876303, 6.303834761289571 ] ] ] } },
{ "type": "Feature", "properties": { "OBJECTID": 8, "BARRIO": "EL TRIUNFO", "area_total_ha": 13.865965960804179, "Alta": 0.0, "Media": 0.0, "Baja": 0.0, "high_share": 0.0, "medhigh_share": 0.0, "screening_score": 0.0, "screening_rank": 87, "barrio_code": "0612", "comuna_code": "06", "comuna_name": "Doce de Octubre", "population_2026": 4830.0, "imcv_ampi_2023": 100.36, "population_match": "exact", "population_density_km2_2026": 34833.490963797783, "hazard_weighted_population_proxy_2026": 0.0, "exposure_component": 0.0, "vulnerability_component": 0.52411091018685951, "priority_exposure": 0.0, "priority_balanced": 0.13102772754671488, "priority_equity": 0.23584990958408678, "rank_exposure": 85.0, "rank_balanced": 146.0, "rank_equity": 145.0, "rank_hazard_only": 87 }, "geometry": { "type": "Polygon", "coordinates": [ [ [ -75.584579319903398, 6.302933245666431 ], [ -75.584786029425601, 6.303093397324768 ], [ -75.584959404042095, 6.30320688303367 ], [ -75.585176021209705, 6.303313423211602 ], [ -75.585537789532594, 6.303515019910413 ], [ -75.585534237714697, 6.303678701736673 ], [ -75.585634963687696, 6.304068104045849 ], [ -75.585842203593501, 6.304411410196942 ], [ -75.586097931284002, 6.304822772976611 ], [ -75.586334863255303, 6.305344277532373 ], [ -75.586453995612999, 6.305835921203759 ], [ -75.586513710521302, 6.30630727769294 ], [ -75.586803365752999, 6.30662111732916 ], [ -75.587044299337904, 6.306786040660451 ], [ -75.587216901206403, 6.306979413805902 ], [ -75.587299407022002, 6.307329899179419 ], [ -75.587262354693195, 6.307738210305909 ], [ -75.587260746992214, 6.308226305373641 ], [ -75.587270005555396, 6.308645199083807 ], [ -75.587346388754696, 6.308965499628158 ], [ -75.587447021865913, 6.309321779309679 ], [ -75.58755298188251, 6.309780334916961 ], [ -75.587370107800695, 6.30986172676442 ], [ -75.587147612831302, 6.309811710109611 ], [ -75.586895791038003, 6.309709169451067 ], [ -75.586671186883706, 6.309625060369737 ], [ -75.586464726404898, 6.309552590481021 ], [ -75.586161647484403, 6.309468708375018 ], [ -75.585857626251908, 6.309407236470809 ], [ -75.585768970796295, 6.30901780009788 ], [ -75.585554323109406, 6.308548838546421 ], [ -75.585352129741196, 6.30821136355356 ], [ -75.585040074909102, 6.307806009720998 ], [ -75.5848785032845, 6.307599938253319 ], [ -75.584728138592396, 6.307441572564311 ], [ -75.5846521987595, 6.307274223267263 ], [ -75.584650616588704, 6.307074509496557 ], [ -75.584729282265116, 6.30679175470883 ], [ -75.5847946094771, 6.306418434176558 ], [ -75.584797872383106, 6.306154407407833 ], [ -75.584768032904194, 6.305924574431618 ], [ -75.584645352175698, 6.30559758534511 ], [ -75.584516685836903, 6.30528815051495 ], [ -75.5844012805549, 6.305042001241559 ], [ -75.584342353209806, 6.304842454434122 ], [ -75.584341171970706, 6.304782054321449 ], [ -75.584335554729705, 6.3045784566961 ], [ -75.584389825314304, 6.304209065019851 ], [ -75.584472404854509, 6.303887329706048 ], [ -75.584498774757606, 6.303611544599001 ], [ -75.584529991962299, 6.303272421968801 ], [ -75.584579319903398, 6.302933245666431 ] ] ] } },
{ "type": "Feature", "properties": { "OBJECTID": 9, "BARRIO": "MIRADOR DEL DOCE", "area_total_ha": 6.5302659647577874, "Alta": 0.0, "Media": 0.0, "Baja": 0.0, "high_share": 0.0, "medhigh_share": 0.0, "screening_score": 0.0, "screening_rank": 87, "barrio_code": "0610", "comuna_code": "06", "comuna_name": "Doce de Octubre", "population_2026": 5385.0, "imcv_ampi_2023": 100.36, "population_match": "exact", "population_density_km2_2026": 82462.184986974462, "hazard_weighted_population_proxy_2026": 0.0, "exposure_component": 0.0, "vulnerability_component": 0.52411091018685951, "priority_exposure": 0.0, "priority_balanced": 0.13102772754671488, "priority_equity": 0.23584990958408678, "rank_exposure": 85.0, "rank_balanced": 146.0, "rank_equity": 145.0, "rank_hazard_only": 87 }, "geometry": { "type": "Polygon", "coordinates": [ [ [ -75.582545389868301, 6.303068681642918 ], [ -75.582697588291197, 6.302815915966929 ], [ -75.582730128709699, 6.30258590426676 ], [ -75.582756467505703, 6.302299402092079 ], [ -75.5828740758175, 6.30191326641517 ], [ -75.583019984832703, 6.30157283815157 ], [ -75.583262414208804, 6.301209724576911 ], [ -75.583647274751115, 6.30139566790582 ], [ -75.584093375940697, 6.301535645771819 ], [ -75.584911429895797, 6.30226980767756 ], [ -75.584746968752597, 6.302456361824889 ], [ -75.584634766937697, 6.302623278713368 ], [ -75.584579319903398, 6.302933245666431 ], [ -75.584529991962299, 6.303272421968801 ], [ -75.584498774757606, 6.303611544599001 ], [ -75.584472404854509, 6.303887329706048 ], [ -75.584389825314304, 6.304209065019851 ], [ -75.584335554729705, 6.3045784566961 ], [ -75.584341171970706, 6.304782054321449 ], [ -75.583997579626896, 6.304603786939251 ], [ -75.583618665554894, 6.304387625500831 ], [ -75.583320508101593, 6.304264757354662 ], [ -75.583016225965693, 6.304111705936441 ], [ -75.5827865579556, 6.304014943856868 ], [ -75.582430888876303, 6.303834761289571 ], [ -75.582640130640897, 6.303476613524079 ], [ -75.582616544454794, 6.303321778500031 ], [ -75.582545389868301, 6.303068681642918 ] ] ] } },
{ "type": "Feature", "properties": { "OBJECTID": 10, "BARRIO": "DOCE DE OCTUBRE #2", "area_total_ha": 38.696845316710565, "Alta": 0.0, "Media": 0.0, "Baja": 0.0, "high_share": 0.0, "medhigh_share": 0.0, "screening_score": 0.0, "screening_rank": 87, "barrio_code": "0603", "comuna_code": "06", "comuna_name": "Doce de Octubre", "population_2026": 15744.0, "imcv_ampi_2023": 100.36, "population_match": "exact", "population_density_km2_2026": 40685.4870756124, "hazard_weighted_population_proxy_2026": 0.0, "exposure_component": 0.0, "vulnerability_component": 0.52411091018685951, "priority_exposure": 0.0, "priority_balanced": 0.13102772754671488, "priority_equity": 0.23584990958408678, "rank_exposure": 85.0, "rank_balanced": 146.0, "rank_equity": 145.0, "rank_hazard_only": 87 }, "geometry": { "type": "Polygon", "coordinates": [ [ [ -75.582922375516802, 6.297019543891171 ], [ -75.582735200976103, 6.297354245319639 ], [ -75.582681499962803, 6.297572628593812 ], [ -75.582609031949005, 6.297911869958618 ], [ -75.582555991403396, 6.298360171860604 ], [ -75.582479401059899, 6.299015078588222 ], [ -75.582415593961997, 6.299567653466451 ], [ -75.582361417191294, 6.299970169461807 ], [ -75.582271810809004, 6.300297770879901 ], [ -75.582029569339994, 6.301425658704899 ], [ -75.582201838169695, 6.302204551163991 ], [ -75.582301508777107, 6.302577395939831 ], [ -75.582545389868301, 6.303068681642918 ], [ -75.582616544454794, 6.303321778500031 ], [ -75.582640130640897, 6.303476613524079 ], [ -75.582430888876303, 6.303834761289571 ], [ -75.582098419917003, 6.3036759443141 ], [ -75.581696285865206, 6.303431594651911 ], [ -75.5813063592025, 6.30323397380549 ], [ -75.581059292676102, 6.303034965832991 ], [ -75.580742727374201, 6.302807906569988 ], [ -75.580540802506405, 6.302562005024299 ], [ -75.580441811390799, 6.30242492313897 ], [ -75.580286532249104, 6.302306512589141 ], [ -75.5801044309855, 6.302307035554142 ], [ -75.579881113390499, 6.302319368228192 ], [ -75.579658825490995, 6.302339493414219 ], [ -75.579492888597201, 6.302363351849352 ], [ -75.579114276514503, 6.302251428449858 ], [ -75.579055132324797, 6.301975889466051 ], [ -75.5789913033137, 6.301821168914871 ], [ -75.578916412505706, 6.301667454180131 ], [ -75.578626548133499, 6.301980043893192 ], [ -75.578542828212093, 6.302255993508508 ], [ -75.578458926242902, 6.302468617606707 ], [ -75.578368809523994, 6.302618909782952 ], [ -75.578249449410094, 6.30274590382536 ], [ -75.578083676078705, 6.302827241736939 ], [ -75.577907616960999, 6.302829695061737 ], [ -75.577695335046599, 6.30283127971471 ], [ -75.577490225565498, 6.302877656842528 ], [ -75.577285104000296, 6.302920139174122 ], [ -75.577114320412306, 6.303008310294252 ], [ -75.576943712593902, 6.303157857818992 ], [ -75.576767270020895, 6.303377567548921 ], [ -75.576580766241605, 6.303597306247117 ], [ -75.576343017995498, 6.303840574925529 ], [ -75.576144141587093, 6.303956105007098 ], [ -75.575944362472796, 6.304107684433119 ], [ -75.575757608716998, 6.304240716323552 ], [ -75.575585638731098, 6.304265566507 ], [ -75.575402613354896, 6.304295318097951 ], [ -75.575219457593903, 6.30427928201826 ], [ -75.575012603510999, 6.304068464996111 ], [ -75.574908219589403, 6.303804745993181 ], [ -75.575189398893201, 6.30326908190363 ], [ -75.575843867798, 6.302040639811809 ], [ -75.576080265192999, 6.301677545561309 ], [ -75.576362809705103, 6.30126755438545 ], [ -75.576702270194403, 6.30070736851391 ], [ -75.577045181124006, 6.299947453653339 ], [ -75.577388005511395, 6.299157337580851 ], [ -75.577872062655004, 6.298149560691319 ], [ -75.577995346652102, 6.29798748285717 ], [ -75.578166985910599, 6.297847673962582 ], [ -75.578400029724904, 6.297719380471169 ], [ -75.578594068446193, 6.29767206046793 ], [ -75.578736831024599, 6.2976365780066 ], [ -75.578889555631505, 6.297566968678479 ], [ -75.579175245313493, 6.297553483406432 ], [ -75.5794335378678, 6.296757763842741 ], [ -75.579643709848696, 6.296723061653269 ], [ -75.579851399709099, 6.296875420683359 ], [ -75.580099567902593, 6.297109498101949 ], [ -75.580306238246493, 6.297256988880659 ], [ -75.580495723740697, 6.297376274074869 ], [ -75.580655953061097, 6.297467391766363 ], [ -75.580844136650896, 6.297483413694462 ], [ -75.5809941696793, 6.297527796446321 ], [ -75.581171172323806, 6.297503906903328 ], [ -75.581439885933904, 6.29753528355395 ], [ -75.582095194630199, 6.297306400436902 ], [ -75.582442963384807, 6.297189466845603 ], [ -75.582654003704207, 6.297107022852072 ], [ -75.582922375516802, 6.297019543891171 ] ] ] } },
{ "type": "Feature", "properties": { "OBJECTID": 11, "BARRIO": "PICACHITO", "area_total_ha": 35.066482397115443, "Alta": 0.0, "Media": 0.0, "Baja": 0.0, "high_share": 0.0, "medhigh_share": 0.0, "screening_score": 0.0, "screening_rank": 87, "barrio_code": "0609", "comuna_code": "06", "comuna_name": "Doce de Octubre", "population_2026": 4824.0, "imcv_ampi_2023": 100.36, "population_match": "exact", "population_density_km2_2026": 13756.726281723713, "hazard_weighted_population_proxy_2026": 0.0, "exposure_component": 0.0, "vulnerability_component": 0.52411091018685951, "priority_exposure": 0.0, "priority_balanced": 0.13102772754671488, "priority_equity": 0.23584990958408678, "rank_exposure": 85.0, "rank_balanced": 146.0, "rank_equity": 145.0, "rank_hazard_only": 87 }, "geometry": { "type": "Polygon", "coordinates": [ [ [ -75.592126068283704, 6.296351920730633 ], [ -75.591848289473504, 6.296664479630933 ], [ -75.591450655464897, 6.296931595127759 ], [ -75.591143580911606, 6.29720332058787 ], [ -75.590780006283893, 6.2974196782757 ], [ -75.590393434440301, 6.297685789167809 ], [ -75.5901266570215, 6.29797590830736 ], [ -75.5899390363073, 6.298154735937071 ], [ -75.589746656152499, 6.298427102842414 ], [ -75.589440701314302, 6.298738767165894 ], [ -75.589179856779893, 6.298993795846481 ], [ -75.588925178675794, 6.299293622429739 ], [ -75.588749815390898, 6.29953671404557 ], [ -75.588546645513105, 6.299905560491371 ], [ -75.588331141752306, 6.300183840090068 ], [ -75.588150894434605, 6.30047760500628 ], [ -75.587846342924706, 6.3009276066479 ], [ -75.587379601494803, 6.30130500989909 ], [ -75.587050801915709, 6.301720008567091 ], [ -75.5867669309212, 6.302015048304591 ], [ -75.586471761324205, 6.302230230961491 ], [ -75.586096152349498, 6.30246220915269 ], [ -75.585841476110602, 6.30276398296482 ], [ -75.585711298874998, 6.302976741819692 ], [ -75.585610247497399, 6.30317285400746 ], [ -75.585537789532594, 6.303515019910413 ], [ -75.585176021209705, 6.303313423211602 ], [ -75.584959404042095, 6.30320688303367 ], [ -75.584786029425601, 6.303093397324768 ], [ -75.584579319903398, 6.302933245666431 ], [ -75.584634766937697, 6.302623278713368 ], [ -75.584746968752597, 6.302456361824889 ], [ -75.584911429895797, 6.30226980767756 ], [ -75.584093375940697, 6.301535645771819 ], [ -75.5843022220253, 6.301040132661762 ], [ -75.5844125556889, 6.300574130847811 ], [ -75.584483651184101, 6.300108240475928 ], [ -75.584612607939803, 6.299820470370981 ], [ -75.584798678093094, 6.299451672983119 ], [ -75.585001964980606, 6.299122769477811 ], [ -75.585199300252199, 6.298823110774528 ], [ -75.585505798434994, 6.29834972203968 ], [ -75.585883459294493, 6.297783578302579 ], [ -75.586069892684606, 6.297541429633419 ], [ -75.586403817430593, 6.297159541276789 ], [ -75.586727649444001, 6.296766965244411 ], [ -75.587027531904496, 6.296442652764259 ], [ -75.587350441718598, 6.296079306445112 ], [ -75.5876976385061, 6.295765575536169 ], [ -75.588037748908107, 6.295436276279858 ], [ -75.588643310206294, 6.294705801645319 ], [ -75.588683639864698, 6.294735885320991 ], [ -75.589103926548901, 6.29499673883347 ], [ -75.589511037591393, 6.295224507538871 ], [ -75.589883673472201, 6.29535884813942 ], [ -75.590302571013794, 6.29548721054898 ], [ -75.590543119766807, 6.295520612079369 ], [ -75.590731418316807, 6.295576571999572 ], [ -75.5910123080902, 6.295643956832509 ], [ -75.591189552666705, 6.295704820007278 ], [ -75.591517133515495, 6.29591430531939 ], [ -75.591764030586305, 6.296055828891517 ], [ -75.592126068283704, 6.296351920730633 ] ] ] } },
{ "type": "Feature", "properties": { "OBJECTID": 12, "BARRIO": "PICACHO", "area_total_ha": 34.715915291517902, "Alta": 0.0, "Media": 0.0, "Baja": 0.0, "high_share": 0.0, "medhigh_share": 0.0, "screening_score": 0.0, "screening_rank": 87, "barrio_code": "0608", "comuna_code": "06", "comuna_name": "Doce de Octubre", "population_2026": 21441.0, "imcv_ampi_2023": 100.36, "population_match": "exact", "population_density_km2_2026": 61761.298297782901, "hazard_weighted_population_proxy_2026": 0.0, "exposure_component": 0.0, "vulnerability_component": 0.52411091018685951, "priority_exposure": 0.0, "priority_balanced": 0.13102772754671488, "priority_equity": 0.23584990958408678, "rank_exposure": 85.0, "rank_balanced": 146.0, "rank_equity": 145.0, "rank_hazard_only": 87 }, "geometry": { "type": "Polygon", "coordinates": [ [ [ -75.588643310206294, 6.294705801645319 ], [ -75.588037748908107, 6.295436276279858 ], [ -75.5876976385061, 6.295765575536169 ], [ -75.587350441718598, 6.296079306445112 ], [ -75.587027531904496, 6.296442652764259 ], [ -75.586727649444001, 6.296766965244411 ], [ -75.586403817430593, 6.297159541276789 ], [ -75.586069892684606, 6.297541429633419 ], [ -75.585883459294493, 6.297783578302579 ], [ -75.585505798434994, 6.29834972203968 ], [ -75.585199300252199, 6.298823110774528 ], [ -75.585001964980606, 6.299122769477811 ], [ -75.584798678093094, 6.299451672983119 ], [ -75.584612607939803, 6.299820470370981 ], [ -75.584483651184101, 6.300108240475928 ], [ -75.5844125556889, 6.300574130847811 ], [ -75.5843022220253, 6.301040132661762 ], [ -75.584093375940697, 6.301535645771819 ], [ -75.583647274751115, 6.30139566790582 ], [ -75.583262414208804, 6.301209724576911 ], [ -75.583019984832703, 6.30157283815157 ], [ -75.5828740758175, 6.30191326641517 ], [ -75.582756467505703, 6.302299402092079 ], [ -75.582730128709699, 6.30258590426676 ], [ -75.582697588291197, 6.302815915966929 ], [ -75.582545389868301, 6.303068681642918 ], [ -75.582301508777107, 6.302577395939831 ], [ -75.582201838169695, 6.302204551163991 ], [ -75.582029569339994, 6.301425658704899 ], [ -75.582271810809004, 6.300297770879901 ], [ -75.582361417191294, 6.299970169461807 ], [ -75.582415593961997, 6.299567653466451 ], [ -75.582479401059899, 6.299015078588222 ], [ -75.582555991403396, 6.298360171860604 ], [ -75.582609031949005, 6.297911869958618 ], [ -75.582681499962803, 6.297572628593812 ], [ -75.582735200976103, 6.297354245319639 ], [ -75.582922375516802, 6.297019543891171 ], [ -75.583150254424893, 6.29684547291841 ], [ -75.583432018050203, 6.296516345813276 ], [ -75.583720122803598, 6.295944613019893 ], [ -75.583945264295593, 6.29551822451239 ], [ -75.584101995673606, 6.295093006709737 ], [ -75.584224216305998, 6.294562670951819 ], [ -75.584379526575106, 6.293993269756868 ], [ -75.584519002794707, 6.293515493132808 ], [ -75.584675615284198, 6.29304935848063 ], [ -75.584748480464299, 6.29284845584418 ], [ -75.584820004940795, 6.292531623606002 ], [ -75.584812233722317, 6.292278344857809 ], [ -75.585096319846997, 6.292058323492528 ], [ -75.585268105913798, 6.291971121337291 ], [ -75.585622738800296, 6.291793763654172 ], [ -75.585558839013999, 6.291963463678266 ], [ -75.585561462127401, 6.292175839286559 ], [ -75.585670725665693, 6.292386933413741 ], [ -75.585958241472994, 6.292659864518909 ], [ -75.586211257728095, 6.292830600403149 ], [ -75.586630287237796, 6.293005728777368 ], [ -75.587123845811703, 6.293207919557058 ], [ -75.587392924498403, 6.293366916894551 ], [ -75.5876520925937, 6.293577577782581 ], [ -75.587894289068203, 6.293834077013961 ], [ -75.588055953482694, 6.294074244718791 ], [ -75.588223570263096, 6.29428516938521 ], [ -75.588431581796812, 6.29454858574047 ], [ -75.588643310206294, 6.294705801645319 ] ] ] } },
{ "type": "Feature", "properties": { "OBJECTID": 13, "BARRIO": "SAN MARTIN DE PORRES", "area_total_ha": 33.84865127910389, "Alta": 0.0, "Media": 0.0, "Baja": 0.0, "high_share": 0.0, "medhigh_share": 0.0, "screening_score": 0.0, "screening_rank": 87, "barrio_code": "0606", "comuna_code": "06", "comuna_name": "Doce de Octubre", "population_2026": 18362.0, "imcv_ampi_2023": 100.36, "population_match": "exact", "population_density_km2_2026": 54247.360843401126, "hazard_weighted_population_proxy_2026": 0.0, "exposure_component": 0.0, "vulnerability_component": 0.52411091018685951, "priority_exposure": 0.0, "priority_balanced": 0.13102772754671488, "priority_equity": 0.23584990958408678, "rank_exposure": 85.0, "rank_balanced": 146.0, "rank_equity": 145.0, "rank_hazard_only": 87 }, "geometry": { "type": "Polygon", "coordinates": [ [ [ -75.584812233722317, 6.292278344857809 ], [ -75.584820004940795, 6.292531623606002 ], [ -75.584748480464299, 6.29284845584418 ], [ -75.584675615284198, 6.29304935848063 ], [ -75.584519002794707, 6.293515493132808 ], [ -75.584379526575106, 6.293993269756868 ], [ -75.584224216305998, 6.294562670951819 ], [ -75.584101995673606, 6.295093006709737 ], [ -75.583945264295593, 6.29551822451239 ], [ -75.583720122803598, 6.295944613019893 ], [ -75.583432018050203, 6.296516345813276 ], [ -75.583150254424893, 6.29684547291841 ], [ -75.582922375516802, 6.297019543891171 ], [ -75.582654003704207, 6.297107022852072 ], [ -75.582442963384807, 6.297189466845603 ], [ -75.582095194630199, 6.297306400436902 ], [ -75.581439885933904, 6.29753528355395 ], [ -75.581171172323806, 6.297503906903328 ], [ -75.5809941696793, 6.297527796446321 ], [ -75.580844136650896, 6.297483413694462 ], [ -75.580655953061097, 6.297467391766363 ], [ -75.580495723740697, 6.297376274074869 ], [ -75.580306238246493, 6.297256988880659 ], [ -75.580099567902593, 6.297109498101949 ], [ -75.579851399709099, 6.296875420683359 ], [ -75.579643709848696, 6.296723061653269 ], [ -75.5794335378678, 6.296757763842741 ], [ -75.579175245313493, 6.297553483406432 ], [ -75.578723011866401, 6.297378445912812 ], [ -75.578344339188703, 6.297244112126341 ], [ -75.578832247543104, 6.295826170809941 ], [ -75.580417943325401, 6.290956279426893 ], [ -75.582697631220299, 6.291633642602203 ], [ -75.584348151373206, 6.292179335022641 ], [ -75.584812233722317, 6.292278344857809 ] ] ] } },
{ "type": "Feature", "properties": { "OBJECTID": 14, "BARRIO": "PEDREGAL", "area_total_ha": 60.183453222317624, "Alta": 0.0, "Media": 0.0, "Baja": 0.0, "high_share": 0.0, "medhigh_share": 0.0, "screening_score": 0.0, "screening_rank": 87, "barrio_code": "0604", "comuna_code": "06", "comuna_name": "Doce de Octubre", "population_2026": 22832.0, "imcv_ampi_2023": 100.36, "population_match": "exact", "population_density_km2_2026": 37937.337885313114, "hazard_weighted_population_proxy_2026": 0.0, "exposure_component": 0.0, "vulnerability_component": 0.52411091018685951, "priority_exposure": 0.0, "priority_balanced": 0.13102772754671488, "priority_equity": 0.23584990958408678, "rank_exposure": 85.0, "rank_balanced": 146.0, "rank_equity": 145.0, "rank_hazard_only": 87 }, "geometry": { "type": "Polygon", "coordinates": [ [ [ -75.573485554883604, 6.295695355653719 ], [ -75.574482358365017, 6.295969188458312 ], [ -75.576115868181702, 6.296543207120581 ], [ -75.577359454004693, 6.29691764543956 ], [ -75.578344339188703, 6.297244112126341 ], [ -75.578723011866401, 6.297378445912812 ], [ -75.579175245313493, 6.297553483406432 ], [ -75.578889555631505, 6.297566968678479 ], [ -75.578736831024599, 6.2976365780066 ], [ -75.578594068446193, 6.29767206046793 ], [ -75.578400029724904, 6.297719380471169 ], [ -75.578166985910599, 6.297847673962582 ], [ -75.577995346652102, 6.29798748285717 ], [ -75.577872062655004, 6.298149560691319 ], [ -75.577388005511395, 6.299157337580851 ], [ -75.577045181124006, 6.299947453653339 ], [ -75.576702270194403, 6.30070736851391 ], [ -75.576362809705103, 6.30126755438545 ], [ -75.576080265192999, 6.301677545561309 ], [ -75.575843867798, 6.302040639811809 ], [ -75.575189398893201, 6.30326908190363 ], [ -75.574908219589403, 6.303804745993181 ], [ -75.574738043596, 6.3041052993862 ], [ -75.574478125064502, 6.304335964897342 ], [ -75.574323618728798, 6.304487414202012 ], [ -75.574091658115293, 6.304643956573711 ], [ -75.573869643515295, 6.304760527145331 ], [ -75.573601281026001, 6.304853848488031 ], [ -75.573275609455393, 6.304959999787312 ], [ -75.573025473661403, 6.305094186855781 ], [ -75.572883779268594, 6.30515207211455 ], [ -75.572712118272406, 6.305286035053832 ], [ -75.5725927388077, 6.305407182858301 ], [ -75.572514678186195, 6.305552568525282 ], [ -75.57220407035831, 6.306001606586231 ], [ -75.572160730781107, 6.305622752562171 ], [ -75.572129596644302, 6.305289650097701 ], [ -75.572053451179499, 6.305049231740132 ], [ -75.571920404112007, 6.30496485309631 ], [ -75.571704227729299, 6.305012235132761 ], [ -75.571395395907899, 6.305026758054857 ], [ -75.569473373178297, 6.304897807254869 ], [ -75.569260314368194, 6.303922225705429 ], [ -75.569163874459093, 6.303267811196108 ], [ -75.569155848052802, 6.302922953612248 ], [ -75.569216071639104, 6.302520419459902 ], [ -75.569491043340193, 6.30192242566615 ], [ -75.569817335835396, 6.301328179481 ], [ -75.569998270223905, 6.300918482956579 ], [ -75.570218525545798, 6.30053790038893 ], [ -75.570355711505812, 6.300310510233781 ], [ -75.570381744654895, 6.300266595063432 ], [ -75.570614939476698, 6.300189937383561 ], [ -75.570820956660896, 6.300108487303411 ], [ -75.570979160506795, 6.299843040778737 ], [ -75.571101908486298, 6.299491964027542 ], [ -75.571318924655301, 6.299387100735879 ], [ -75.571575275798907, 6.299316222356103 ], [ -75.571992660047997, 6.299266317073621 ], [ -75.572282147473501, 6.29917293674186 ], [ -75.572489380787999, 6.299165524038532 ], [ -75.572671431737902, 6.299147466962596 ], [ -75.572831134929302, 6.29905445746282 ], [ -75.572909246705706, 6.298927583961679 ], [ -75.572947596390804, 6.298616691923695 ], [ -75.572909996892406, 6.298133574714031 ], [ -75.572936245391503, 6.297812976468721 ], [ -75.573007875654696, 6.29753024254074 ], [ -75.573106066331405, 6.29703602032657 ], [ -75.573381953612596, 6.29640879551811 ], [ -75.573453385577807, 6.296056891060541 ], [ -75.5734589974426, 6.29590781577508 ], [ -75.573397934454604, 6.295663456051349 ], [ -75.573485554883604, 6.295695355653719 ] ] ] } },
{ "type": "Feature", "properties": { "OBJECTID": 15, "BARRIO": "GIRARDOT", "area_total_ha": 49.984922048643426, "Alta": 0.0, "Media": 0.0, "Baja": 0.0, "high_share": 0.0, "medhigh_share": 0.0, "screening_score": 0.0, "screening_rank": 87, "barrio_code": "0509", "comuna_code": "05", "comuna_name": "Castilla", "population_2026": 12192.0, "imcv_ampi_2023": 98.62, "population_match": "exact", "population_density_km2_2026": 24391.355433414919, "hazard_weighted_population_proxy_2026": 0.0, "exposure_component": 0.0, "vulnerability_component": 0.5765521398432788, "priority_exposure": 0.0, "priority_balanced": 0.1441380349608197, "priority_equity": 0.25944846292947549, "rank_exposure": 85.0, "rank_balanced": 115.0, "rank_equity": 114.0, "rank_hazard_only": 87 }, "geometry": { "type": "Polygon", "coordinates": [ [ [ -75.568881278512194, 6.291302010024873 ], [ -75.569093889284005, 6.29177098947532 ], [ -75.569255496302304, 6.291993630448538 ], [ -75.569383075880609, 6.292279693423201 ], [ -75.569511632976003, 6.292555036235491 ], [ -75.569616006155897, 6.292817783853949 ], [ -75.569645887223402, 6.293065156272572 ], [ -75.569832292272494, 6.293516673047667 ], [ -75.570017172541498, 6.293786009776002 ], [ -75.570243279436795, 6.294047435903609 ], [ -75.57041113732771, 6.29434507549193 ], [ -75.570618199540405, 6.294630910558231 ], [ -75.571232668625314, 6.294897072475843 ], [ -75.571760414906393, 6.295093335678131 ], [ -75.572648630264695, 6.295390863673417 ], [ -75.573397934454604, 6.295663456051349 ], [ -75.5734589974426, 6.29590781577508 ], [ -75.573453385577807, 6.296056891060541 ], [ -75.573381953612596, 6.29640879551811 ], [ -75.573106066331405, 6.29703602032657 ], [ -75.573007875654696, 6.29753024254074 ], [ -75.572936245391503, 6.297812976468721 ], [ -75.572909996892406, 6.298133574714031 ], [ -75.572947596390804, 6.298616691923695 ], [ -75.572909246705706, 6.298927583961679 ], [ -75.572831134929302, 6.29905445746282 ], [ -75.572671431737902, 6.299147466962596 ], [ -75.572489380787999, 6.299165524038532 ], [ -75.572282147473501, 6.29917293674186 ], [ -75.571992660047997, 6.299266317073621 ], [ -75.571575275798907, 6.299316222356103 ], [ -75.571318924655301, 6.299387100735879 ], [ -75.571101908486298, 6.299491964027542 ], [ -75.570979160506795, 6.299843040778737 ], [ -75.570820956660896, 6.300108487303411 ], [ -75.570614939476698, 6.300189937383561 ], [ -75.570381744654895, 6.300266595063432 ], [ -75.570355711505812, 6.300310510233781 ], [ -75.569935709683207, 6.300149011000371 ], [ -75.569574860980197, 6.30026792380312 ], [ -75.569125441186699, 6.300374425016762 ], [ -75.568623009073406, 6.300590192302558 ], [ -75.568197025677904, 6.300800869528079 ], [ -75.567672474185301, 6.301022543141678 ], [ -75.567625252596713, 6.30104508511968 ], [ -75.567188214539598, 6.301260664927542 ], [ -75.566744219923606, 6.30150646544961 ], [ -75.566378398936706, 6.301646824518062 ], [ -75.566076739149295, 6.301706138465053 ], [ -75.565722715175994, 6.301749038659342 ], [ -75.565454143345605, 6.301769289945851 ], [ -75.565133154033518, 6.30175364090548 ], [ -75.564910646847807, 6.301697768471433 ], [ -75.564687118829497, 6.30163605328137 ], [ -75.564492704757797, 6.301552821962421 ], [ -75.564238608822507, 6.301355773337523 ], [ -75.564341847670804, 6.301219084651131 ], [ -75.564532171165496, 6.300925296434187 ], [ -75.564702618652206, 6.300718272282269 ], [ -75.564850071032495, 6.300561973249389 ], [ -75.565984688590802, 6.299410111288801 ], [ -75.566308720412394, 6.29908086822623 ], [ -75.566349759852812, 6.299006708859018 ], [ -75.566511939591095, 6.298722743833832 ], [ -75.566668846715004, 6.29835403273688 ], [ -75.566842809014702, 6.297968711845217 ], [ -75.5669435392563, 6.29765764101306 ], [ -75.567092894558996, 6.29710969153011 ], [ -75.567244393410405, 6.296608499248849 ], [ -75.567291251910206, 6.296458332456668 ], [ -75.567411911643902, 6.296079983419869 ], [ -75.567517277862805, 6.295630556918298 ], [ -75.567644700109099, 6.295153789800059 ], [ -75.567801425910403, 6.294721753897507 ], [ -75.567974878013899, 6.294157173007541 ], [ -75.568181562812399, 6.293604189018749 ], [ -75.568294284419906, 6.293264832940758 ], [ -75.568839481388693, 6.291462879625231 ], [ -75.568881278512194, 6.291302010024873 ] ] ] } },
{ "type": "Feature", "properties": { "OBJECTID": 16, "BARRIO": "PLAZA DE FERIAS", "area_total_ha": 33.97474527938661, "Alta": 1.5723757984290592, "Media": 2.3383565988008761, "Baja": 19.940941595415687, "high_share": 0.046280723681630123, "medhigh_share": 0.11510704098207564, "screening_score": 0.065552092525754863, "screening_rank": 58, "barrio_code": null, "comuna_code": null, "comuna_name": null, "population_2026": null, "imcv_ampi_2023": null, "population_match": "unmatched_or_nonresidential", "population_density_km2_2026": null, "hazard_weighted_population_proxy_2026": null, "exposure_component": null, "vulnerability_component": null, "priority_exposure": null, "priority_balanced": null, "priority_equity": null, "rank_exposure": null, "rank_balanced": null, "rank_equity": null, "rank_hazard_only": 58 }, "geometry": { "type": "Polygon", "coordinates": [ [ [ -75.566349759852812, 6.299006708859018 ], [ -75.566308720412394, 6.29908086822623 ], [ -75.565984688590802, 6.299410111288801 ], [ -75.564850071032495, 6.300561973249389 ], [ -75.564702618652206, 6.300718272282269 ], [ -75.564532171165496, 6.300925296434187 ], [ -75.564341847670804, 6.301219084651131 ], [ -75.564238608822507, 6.301355773337523 ], [ -75.5641774717282, 6.301438757013111 ], [ -75.563990232833802, 6.301755919844189 ], [ -75.563797931752305, 6.302062379643162 ], [ -75.563572611145304, 6.302432258564371 ], [ -75.563334919655205, 6.302697928460628 ], [ -75.563198497994506, 6.302841530373878 ], [ -75.562926504979998, 6.303074174315211 ], [ -75.562657234264606, 6.303202564684507 ], [ -75.562634107113396, 6.303207502688441 ], [ -75.562406849960198, 6.303250040647501 ], [ -75.562132418739495, 6.303332657548569 ], [ -75.561821021527294, 6.303506957643037 ], [ -75.561603853468796, 6.303560182732748 ], [ -75.5613697956816, 6.303688474546099 ], [ -75.561186284963597, 6.303902356094901 ], [ -75.5602101408479, 6.303823289888352 ], [ -75.559959618826696, 6.30382302753021 ], [ -75.560004715935307, 6.303050323635162 ], [ -75.559996905380501, 6.302779505093079 ], [ -75.560114923350994, 6.30253171127451 ], [ -75.560284510711497, 6.302375351043729 ], [ -75.560490418048403, 6.302253959903434 ], [ -75.560712615144396, 6.302200720678899 ], [ -75.560898947816597, 6.30191766145209 ], [ -75.5608273155988, 6.30149309361385 ], [ -75.560873785836804, 6.300849960063578 ], [ -75.560976268159607, 6.300090731410981 ], [ -75.561092154329799, 6.299446426938931 ], [ -75.561139015684802, 6.298941635218508 ], [ -75.561215860805305, 6.298366613547371 ], [ -75.561251390094796, 6.297768325491949 ], [ -75.561293512151806, 6.297365842741751 ], [ -75.561375795936897, 6.296934993881111 ], [ -75.561510686717696, 6.296606290699931 ], [ -75.561594675709301, 6.29642192032689 ], [ -75.561770052209198, 6.296178834932151 ], [ -75.562223214915704, 6.295618331890632 ], [ -75.562940887375902, 6.296089777584432 ], [ -75.564068312953907, 6.297012106048519 ], [ -75.564659936538703, 6.297381609347379 ], [ -75.565015307896701, 6.297459512742641 ], [ -75.565262054860895, 6.297549415951089 ], [ -75.565692084392296, 6.297700173842769 ], [ -75.565813567331702, 6.297964822827922 ], [ -75.565953072127996, 6.298198243431211 ], [ -75.566011949194205, 6.298382207402802 ], [ -75.566155412779196, 6.298593209532481 ], [ -75.566349759852812, 6.299006708859018 ] ] ] } },
{ "type": "Feature", "properties": { "OBJECTID": 17, "BARRIO": "HECTOR ABAD GOMEZ", "area_total_ha": 21.196118709405809, "Alta": 0.33166107796181798, "Media": 1.0391664431928858, "Baja": 19.825291188249349, "high_share": 0.015647255165382845, "medhigh_share": 0.064673515936971848, "screening_score": 0.029374608181427765, "screening_rank": 69, "barrio_code": "0507", "comuna_code": "05", "comuna_name": "Castilla", "population_2026": 3638.0, "imcv_ampi_2023": 98.62, "population_match": "exact", "population_density_km2_2026": 17163.519651291783, "hazard_weighted_population_proxy_2026": 146.10348263518318, "exposure_component": 0.51295168841910743, "vulnerability_component": 0.5765521398432788, "priority_exposure": 0.51295168841910743, "priority_balanced": 0.5288518012751503, "priority_equity": 0.54157189155998453, "rank_exposure": 74.0, "rank_balanced": 73.0, "rank_equity": 72.0, "rank_hazard_only": 69 }, "geometry": { "type": "Polygon", "coordinates": [ [ [ -75.561328697307104, 6.294870702416531 ], [ -75.561923370951206, 6.295252867403278 ], [ -75.562223214915704, 6.295618331890632 ], [ -75.561770052209198, 6.296178834932151 ], [ -75.561594675709301, 6.29642192032689 ], [ -75.561510686717696, 6.296606290699931 ], [ -75.561375795936897, 6.296934993881111 ], [ -75.561293512151806, 6.297365842741751 ], [ -75.561251390094796, 6.297768325491949 ], [ -75.561215860805305, 6.298366613547371 ], [ -75.561139015684802, 6.298941635218508 ], [ -75.561092154329799, 6.299446426938931 ], [ -75.560976268159607, 6.300090731410981 ], [ -75.560873785836804, 6.300849960063578 ], [ -75.5608273155988, 6.30149309361385 ], [ -75.560898947816597, 6.30191766145209 ], [ -75.560712615144396, 6.302200720678899 ], [ -75.560490418048403, 6.302253959903434 ], [ -75.560284510711497, 6.302375351043729 ], [ -75.560114923350994, 6.30253171127451 ], [ -75.559996905380501, 6.302779505093079 ], [ -75.560004715935307, 6.303050323635162 ], [ -75.559959618826696, 6.30382302753021 ], [ -75.559702053185504, 6.303821808773922 ], [ -75.559295432473803, 6.303767430901849 ], [ -75.558882579270602, 6.303643898268091 ], [ -75.558562453175497, 6.30357855761819 ], [ -75.558275555648706, 6.30352286571526 ], [ -75.557989746591204, 6.303496395912701 ], [ -75.557710022024608, 6.303486471774776 ], [ -75.5573719085005, 6.303465022096629 ], [ -75.557399890348805, 6.303397720283819 ], [ -75.5579414433724, 6.301715611011428 ], [ -75.558255956223405, 6.30086420388004 ], [ -75.558301913603799, 6.30075008566268 ], [ -75.558653608862102, 6.29988395927559 ], [ -75.559221565032004, 6.298645058862211 ], [ -75.559374697027806, 6.298362091884659 ], [ -75.559402739644995, 6.29831719787601 ], [ -75.559668141263202, 6.297888751466039 ], [ -75.559955323842104, 6.297335540607887 ], [ -75.560287763420405, 6.29677635578275 ], [ -75.560440840850404, 6.29647487965871 ], [ -75.561121180336002, 6.295133363525889 ], [ -75.561328697307104, 6.294870702416531 ] ] ] } },
{ "type": "Feature", "properties": { "OBJECTID": 18, "BARRIO": "BELALCAZAR", "area_total_ha": 16.829944121304006, "Alta": 0.0, "Media": 0.0, "Baja": 5.0438435887159301, "high_share": 0.0, "medhigh_share": 0.0, "screening_score": 0.0, "screening_rank": 87, "barrio_code": "0508", "comuna_code": "05", "comuna_name": "Castilla", "population_2026": 6162.0, "imcv_ampi_2023": 98.62, "population_match": "exact", "population_density_km2_2026": 36613.312293769879, "hazard_weighted_population_proxy_2026": 0.0, "exposure_component": 0.0, "vulnerability_component": 0.5765521398432788, "priority_exposure": 0.0, "priority_balanced": 0.1441380349608197, "priority_equity": 0.25944846292947549, "rank_exposure": 85.0, "rank_balanced": 115.0, "rank_equity": 114.0, "rank_hazard_only": 87 }, "geometry": { "type": "Polygon", "coordinates": [ [ [ -75.563075490235406, 6.293177380291599 ], [ -75.563567052121897, 6.293386420081141 ], [ -75.5637445742354, 6.29354569248653 ], [ -75.563964548419904, 6.293774014175262 ], [ -75.564235020659694, 6.294070390766822 ], [ -75.564528664233407, 6.294378391013531 ], [ -75.5652133154354, 6.294913252353902 ], [ -75.566225557312507, 6.295663462523687 ], [ -75.567291251910206, 6.296458332456668 ], [ -75.567244393410405, 6.296608499248849 ], [ -75.567092894558996, 6.29710969153011 ], [ -75.5669435392563, 6.29765764101306 ], [ -75.566842809014702, 6.297968711845217 ], [ -75.566668846715004, 6.29835403273688 ], [ -75.566511939591095, 6.298722743833832 ], [ -75.566349759852812, 6.299006708859018 ], [ -75.566155412779196, 6.298593209532481 ], [ -75.566011949194205, 6.298382207402802 ], [ -75.565953072127996, 6.298198243431211 ], [ -75.565813567331702, 6.297964822827922 ], [ -75.565692084392296, 6.297700173842769 ], [ -75.565262054860895, 6.297549415951089 ], [ -75.565015307896701, 6.297459512742641 ], [ -75.564659936538703, 6.297381609347379 ], [ -75.564068312953907, 6.297012106048519 ], [ -75.562940887375902, 6.296089777584432 ], [ -75.562223214915704, 6.295618331890632 ], [ -75.561923370951206, 6.295252867403278 ], [ -75.561328697307104, 6.294870702416531 ], [ -75.561535333369093, 6.294652860675392 ], [ -75.561740004854002, 6.294451585240931 ], [ -75.561983873854302, 6.294236558599138 ], [ -75.562557068347502, 6.29378483115089 ], [ -75.562773938154507, 6.293628336907782 ], [ -75.562927213243498, 6.29339700678256 ], [ -75.563056455618494, 6.293205686923351 ], [ -75.563075490235406, 6.293177380291599 ] ] ] } },
{ "type": "Feature", "properties": { "OBJECTID": 19, "BARRIO": "TRICENTENARIO", "area_total_ha": 41.741000419034137, "Alta": 0.0, "Media": 0.057877922149475798, "Baja": 0.22102179760035801, "high_share": 0.0, "medhigh_share": 0.0013865964296122411, "screening_score": 0.00038824700029142757, "screening_rank": 86, "barrio_code": "0510", "comuna_code": "05", "comuna_name": "Castilla", "population_2026": 6988.0, "imcv_ampi_2023": 98.62, "population_match": "exact", "population_density_km2_2026": 16741.333293040654, "hazard_weighted_population_proxy_2026": 4.8447679250651703, "exposure_component": 0.18144971463907597, "vulnerability_component": 0.5765521398432788, "priority_exposure": 0.18144971463907597, "priority_balanced": 0.28022532094012664, "priority_equity": 0.35924580598096728, "rank_exposure": 82.0, "rank_balanced": 81.0, "rank_equity": 81.0, "rank_hazard_only": 86 }, "geometry": { "type": "Polygon", "coordinates": [ [ [ -75.566265254399497, 6.286263855364798 ], [ -75.566600574424399, 6.286369093984508 ], [ -75.566733795001994, 6.286516799756681 ], [ -75.566962625097119, 6.286675925284451 ], [ -75.567364820718893, 6.28694854332822 ], [ -75.567635046086394, 6.287159186105021 ], [ -75.568008842025804, 6.287351020610563 ], [ -75.568364729575194, 6.287613053152192 ], [ -75.569226419859703, 6.288140587125682 ], [ -75.569745038814304, 6.288313498933749 ], [ -75.569189804240295, 6.290122298943331 ], [ -75.568881278512194, 6.291302010024873 ], [ -75.568839481388693, 6.291462879625231 ], [ -75.568294284419906, 6.293264832940758 ], [ -75.568181562812399, 6.293604189018749 ], [ -75.567974878013899, 6.294157173007541 ], [ -75.567801425910403, 6.294721753897507 ], [ -75.567644700109099, 6.295153789800059 ], [ -75.567517277862805, 6.295630556918298 ], [ -75.567411911643902, 6.296079983419869 ], [ -75.567291251910206, 6.296458332456668 ], [ -75.566225557312507, 6.295663462523687 ], [ -75.5652133154354, 6.294913252353902 ], [ -75.564528664233407, 6.294378391013531 ], [ -75.564235020659694, 6.294070390766822 ], [ -75.563964548419904, 6.293774014175262 ], [ -75.5637445742354, 6.29354569248653 ], [ -75.563567052121897, 6.293386420081141 ], [ -75.563075490235406, 6.293177380291599 ], [ -75.563220750190894, 6.292957763202788 ], [ -75.563328985679703, 6.292809369815923 ], [ -75.563441238395299, 6.292658043708689 ], [ -75.563778241366293, 6.291937119975767 ], [ -75.56386219040732, 6.291739109982459 ], [ -75.563958127598397, 6.29151086520918 ], [ -75.564065042489801, 6.291251412397432 ], [ -75.564245269105498, 6.290945961769208 ], [ -75.5644156331049, 6.290709710919678 ], [ -75.564580201318606, 6.290559210048471 ], [ -75.564777772131805, 6.290338469933783 ], [ -75.565050718270598, 6.290089262084091 ], [ -75.565198070111094, 6.28989886591623 ], [ -75.565356443240105, 6.289691876138752 ], [ -75.565503665017502, 6.289455691085459 ], [ -75.565610871716501, 6.289299506833312 ], [ -75.565705792528902, 6.289068341561388 ], [ -75.565812789311096, 6.28883811598309 ], [ -75.565863316224494, 6.2885622626774 ], [ -75.565905956380902, 6.288343910375921 ], [ -75.565949032580505, 6.287923888433668 ], [ -75.565953408564809, 6.28769395651559 ], [ -75.566012827014404, 6.287360594628832 ], [ -75.566113704205904, 6.287101160928449 ], [ -75.566214110123695, 6.286676105489719 ], [ -75.566251411680994, 6.28634865298578 ], [ -75.566265254399497, 6.286263855364798 ] ] ] } },
{ "type": "Feature", "properties": { "OBJECTID": 20, "BARRIO": "LA ESPERANZA", "area_total_ha": 50.393869932056958, "Alta": 0.0, "Media": 0.0, "Baja": 0.0, "high_share": 0.0, "medhigh_share": 0.0, "screening_score": 0.0, "screening_rank": 87, "barrio_code": "0605", "comuna_code": "06", "comuna_name": "Doce de Octubre", "population_2026": 25637.0, "imcv_ampi_2023": 100.36, "population_match": "exact", "population_density_km2_2026": 50873.251120751069, "hazard_weighted_population_proxy_2026": 0.0, "exposure_component": 0.0, "vulnerability_component": 0.52411091018685951, "priority_exposure": 0.0, "priority_balanced": 0.13102772754671488, "priority_equity": 0.23584990958408678, "rank_exposure": 85.0, "rank_balanced": 146.0, "rank_equity": 145.0, "rank_hazard_only": 87 }, "geometry": { "type": "Polygon", "coordinates": [ [ [ -75.573485554883604, 6.295695355653719 ], [ -75.573397934454604, 6.295663456051349 ], [ -75.573381633753101, 6.295592384010508 ], [ -75.573350664240905, 6.29531676346953 ], [ -75.573450154466101, 6.294925808776578 ], [ -75.573691604574407, 6.294217819593651 ], [ -75.574071925245804, 6.293169424468381 ], [ -75.574574610765396, 6.291637457345908 ], [ -75.575236745372806, 6.289221398084696 ], [ -75.575689975547206, 6.287987689864939 ], [ -75.576857245538093, 6.288420807742911 ], [ -75.576905589650806, 6.28843917972768 ], [ -75.578510887546301, 6.28900743226957 ], [ -75.578837124309004, 6.289101971988232 ], [ -75.579262546618494, 6.289402765135369 ], [ -75.579424124348805, 6.289614684675419 ], [ -75.579585384507794, 6.289715542852659 ], [ -75.579655462023993, 6.289945261871711 ], [ -75.579563860780993, 6.290630413597308 ], [ -75.580417943325401, 6.290956279426893 ], [ -75.578832247543104, 6.295826170809941 ], [ -75.578344339188703, 6.297244112126341 ], [ -75.577359454004693, 6.29691764543956 ], [ -75.576115868181702, 6.296543207120581 ], [ -75.574482358365017, 6.295969188458312 ], [ -75.573485554883604, 6.295695355653719 ] ] ] } },
{ "type": "Feature", "properties": { "OBJECTID": 21, "BARRIO": "CASTILLA", "area_total_ha": 49.338284704110379, "Alta": 0.0, "Media": 0.0, "Baja": 0.0, "high_share": 0.0, "medhigh_share": 0.0, "screening_score": 0.0, "screening_rank": 87, "barrio_code": "0511", "comuna_code": "05", "comuna_name": "Castilla", "population_2026": 26562.0, "imcv_ampi_2023": 98.62, "population_match": "exact", "population_density_km2_2026": 53836.48855913127, "hazard_weighted_population_proxy_2026": 0.0, "exposure_component": 0.0, "vulnerability_component": 0.5765521398432788, "priority_exposure": 0.0, "priority_balanced": 0.1441380349608197, "priority_equity": 0.25944846292947549, "rank_exposure": 85.0, "rank_balanced": 115.0, "rank_equity": 114.0, "rank_hazard_only": 87 }, "geometry": { "type": "Polygon", "coordinates": [ [ [ -75.570410259176896, 6.286266670832552 ], [ -75.571673257783402, 6.286755060495111 ], [ -75.573925860585902, 6.287467619127539 ], [ -75.575689975547206, 6.287987689864939 ], [ -75.575236745372806, 6.289221398084696 ], [ -75.574574610765396, 6.291637457345908 ], [ -75.574071925245804, 6.293169424468381 ], [ -75.573691604574407, 6.294217819593651 ], [ -75.573450154466101, 6.294925808776578 ], [ -75.573350664240905, 6.29531676346953 ], [ -75.573381633753101, 6.295592384010508 ], [ -75.573397934454604, 6.295663456051349 ], [ -75.572648630264695, 6.295390863673417 ], [ -75.571760414906393, 6.295093335678131 ], [ -75.571232668625314, 6.294897072475843 ], [ -75.570618199540405, 6.294630910558231 ], [ -75.57041113732771, 6.29434507549193 ], [ -75.570243279436795, 6.294047435903609 ], [ -75.570017172541498, 6.293786009776002 ], [ -75.569832292272494, 6.293516673047667 ], [ -75.569645887223402, 6.293065156272572 ], [ -75.569616006155897, 6.292817783853949 ], [ -75.569511632976003, 6.292555036235491 ], [ -75.569383075880609, 6.292279693423201 ], [ -75.569255496302304, 6.291993630448538 ], [ -75.569093889284005, 6.29177098947532 ], [ -75.568881278512194, 6.291302010024873 ], [ -75.569189804240295, 6.290122298943331 ], [ -75.569745038814304, 6.288313498933749 ], [ -75.5698427199561, 6.287992695108689 ], [ -75.570345551182996, 6.286507493008011 ], [ -75.570410259176896, 6.286266670832552 ] ] ] } },
{ "type": "Feature", "properties": { "OBJECTID": 22, "BARRIO": "OLEODUCTO", "area_total_ha": 28.302887449174154, "Alta": 0.0, "Media": 0.0, "Baja": 0.0, "high_share": 0.0, "medhigh_share": 0.0, "screening_score": 0.0, "screening_rank": 87, "barrio_code": null, "comuna_code": null, "comuna_name": null, "population_2026": null, "imcv_ampi_2023": null, "population_match": "unmatched_or_nonresidential", "population_density_km2_2026": null, "hazard_weighted_population_proxy_2026": null, "exposure_component": null, "vulnerability_component": null, "priority_exposure": null, "priority_balanced": null, "priority_equity": null, "rank_exposure": null, "rank_balanced": null, "rank_equity": null, "rank_hazard_only": 87 }, "geometry": { "type": "Polygon", "coordinates": [ [ [ -75.569105440616994, 6.280268084258303 ], [ -75.569665511880601, 6.280515896501518 ], [ -75.570283626690397, 6.2806554011675 ], [ -75.571235178251897, 6.28094691214531 ], [ -75.572128085869096, 6.281135318097842 ], [ -75.571917178256996, 6.281969869135489 ], [ -75.571552656045796, 6.282913974107299 ], [ -75.571504731880495, 6.283042709691618 ], [ -75.571177215058896, 6.283910717510432 ], [ -75.570900541169905, 6.28496855803764 ], [ -75.570540671523602, 6.285781126809589 ], [ -75.570410259176896, 6.286266670832552 ], [ -75.570345551182996, 6.286507493008011 ], [ -75.5698427199561, 6.287992695108689 ], [ -75.569745038814304, 6.288313498933749 ], [ -75.569226419859703, 6.288140587125682 ], [ -75.568364729575194, 6.287613053152192 ], [ -75.568008842025804, 6.287351020610563 ], [ -75.567635046086394, 6.287159186105021 ], [ -75.567364820718893, 6.28694854332822 ], [ -75.566962625097119, 6.286675925284451 ], [ -75.566733795001994, 6.286516799756681 ], [ -75.566600574424399, 6.286369093984508 ], [ -75.566265254399497, 6.286263855364798 ], [ -75.566294894708093, 6.28607281904282 ], [ -75.566395687958504, 6.28578415658279 ], [ -75.566570882342006, 6.285478720274181 ], [ -75.566752226833401, 6.28521321096757 ], [ -75.566944654519304, 6.284953514763648 ], [ -75.567165494068007, 6.284779472633999 ], [ -75.567472675444407, 6.284541858194151 ], [ -75.568126562703497, 6.28416881127277 ], [ -75.5683081687948, 6.28399585320103 ], [ -75.568388223452402, 6.28384461867542 ], [ -75.568464842606303, 6.283546282147218 ], [ -75.568492390206202, 6.283327000840959 ], [ -75.568524579196307, 6.28297130938299 ], [ -75.568582398847497, 6.282430440199003 ], [ -75.568805191305998, 6.281527658844309 ], [ -75.569105440616994, 6.280268084258303 ] ] ] } },
{ "type": "Feature", "properties": { "OBJECTID": 23, "BARRIO": "FRANCISCO ANTONIO ZEA", "area_total_ha": 23.800723879923421, "Alta": 0.0, "Media": 0.0, "Baja": 0.0, "high_share": 0.0, "medhigh_share": 0.0, "screening_score": 0.0, "screening_rank": 87, "barrio_code": "0513", "comuna_code": "05", "comuna_name": "Castilla", "population_2026": 10179.0, "imcv_ampi_2023": 98.62, "population_match": "exact", "population_density_km2_2026": 42767.606781011702, "hazard_weighted_population_proxy_2026": 0.0, "exposure_component": 0.0, "vulnerability_component": 0.5765521398432788, "priority_exposure": 0.0, "priority_balanced": 0.1441380349608197, "priority_equity": 0.25944846292947549, "rank_exposure": 85.0, "rank_balanced": 115.0, "rank_equity": 114.0, "rank_hazard_only": 87 }, "geometry": { "type": "Polygon", "coordinates": [ [ [ -75.571504731880495, 6.283042709691618 ], [ -75.571973123304303, 6.283244016942982 ], [ -75.572328727641306, 6.283407649507219 ], [ -75.572592735660706, 6.283554979949439 ], [ -75.573460342996299, 6.284042547142521 ], [ -75.574550711913901, 6.284677560370119 ], [ -75.575026137024395, 6.284874946098872 ], [ -75.5753717663315, 6.28506783137161 ], [ -75.5757323367353, 6.285208065608667 ], [ -75.576144397352806, 6.285411476164072 ], [ -75.576518328836798, 6.28565006960579 ], [ -75.576897075403195, 6.28581363157945 ], [ -75.577208613800707, 6.286046556973441 ], [ -75.577357987502495, 6.286212722812937 ], [ -75.577342450611098, 6.2864085904913 ], [ -75.577127129398207, 6.287455538346502 ], [ -75.576857245538093, 6.288420807742911 ], [ -75.575689975547206, 6.287987689864939 ], [ -75.573925860585902, 6.287467619127539 ], [ -75.571673257783402, 6.286755060495111 ], [ -75.570410259176896, 6.286266670832552 ], [ -75.570540671523602, 6.285781126809589 ], [ -75.570900541169905, 6.28496855803764 ], [ -75.571177215058896, 6.283910717510432 ], [ -75.571504731880495, 6.283042709691618 ] ] ] } },
{ "type": "Feature", "properties": { "OBJECTID": 24, "BARRIO": "ALFONSO LÓPEZ", "area_total_ha": 33.417973566989431, "Alta": 0.0, "Media": 0.0, "Baja": 0.0, "high_share": 0.0, "medhigh_share": 0.0, "screening_score": 0.0, "screening_rank": 87, "barrio_code": "0514", "comuna_code": "05", "comuna_name": "Castilla", "population_2026": 14339.0, "imcv_ampi_2023": 98.62, "population_match": "exact", "population_density_km2_2026": 42908.047584800865, "hazard_weighted_population_proxy_2026": 0.0, "exposure_component": 0.0, "vulnerability_component": 0.5765521398432788, "priority_exposure": 0.0, "priority_balanced": 0.1441380349608197, "priority_equity": 0.25944846292947549, "rank_exposure": 85.0, "rank_balanced": 115.0, "rank_equity": 114.0, "rank_hazard_only": 87 }, "geometry": { "type": "Polygon", "coordinates": [ [ [ -75.572128085869096, 6.281135318097842 ], [ -75.572277406468714, 6.28128395122198 ], [ -75.572519128626297, 6.281378737789949 ], [ -75.572810976907803, 6.281411029322759 ], [ -75.573222414638806, 6.28139719045546 ], [ -75.573691174594302, 6.281375393361141 ], [ -75.574480399363708, 6.281542657686643 ], [ -75.574790484019005, 6.281619711689252 ], [ -75.575133855856393, 6.281727844855658 ], [ -75.575541970995701, 6.281959521961868 ], [ -75.576031077080316, 6.282369253049629 ], [ -75.576501750152104, 6.282665050247479 ], [ -75.576858590577601, 6.28290856348907 ], [ -75.577162987209505, 6.2831074101584 ], [ -75.577478351644999, 6.283271153859052 ], [ -75.577874413999695, 6.283509683664451 ], [ -75.578329817102301, 6.283742196479823 ], [ -75.578385230861201, 6.283770289557398 ], [ -75.578706567903893, 6.283911607696071 ], [ -75.578952202828802, 6.283966436781287 ], [ -75.579307711261706, 6.284095964708071 ], [ -75.579663171265807, 6.284207956988089 ], [ -75.580414529886397, 6.284500997168632 ], [ -75.580832380677407, 6.284618654469348 ], [ -75.580561768781394, 6.284976002028101 ], [ -75.580339222113096, 6.285254297992622 ], [ -75.580090795610602, 6.285630091353641 ], [ -75.579803307874116, 6.286067375293899 ], [ -75.579390764968394, 6.286749549846631 ], [ -75.578864655630397, 6.28817636764526 ], [ -75.578510887546301, 6.28900743226957 ], [ -75.576905589650806, 6.28843917972768 ], [ -75.576857245538093, 6.288420807742911 ], [ -75.577127129398207, 6.287455538346502 ], [ -75.577342450611098, 6.2864085904913 ], [ -75.577357987502495, 6.286212722812937 ], [ -75.577208613800707, 6.286046556973441 ], [ -75.576897075403195, 6.28581363157945 ], [ -75.576518328836798, 6.28565006960579 ], [ -75.576144397352806, 6.285411476164072 ], [ -75.5757323367353, 6.285208065608667 ], [ -75.5753717663315, 6.28506783137161 ], [ -75.575026137024395, 6.284874946098872 ], [ -75.574550711913901, 6.284677560370119 ], [ -75.573460342996299, 6.284042547142521 ], [ -75.572592735660706, 6.283554979949439 ], [ -75.572328727641306, 6.283407649507219 ], [ -75.571973123304303, 6.283244016942982 ], [ -75.571504731880495, 6.283042709691618 ], [ -75.571552656045796, 6.282913974107299 ], [ -75.571917178256996, 6.281969869135489 ], [ -75.572128085869096, 6.281135318097842 ] ] ] } },
{ "type": "Feature", "properties": { "OBJECTID": 25, "BARRIO": "KENNEDY", "area_total_ha": 48.789641931707678, "Alta": 0.0, "Media": 0.0, "Baja": 0.0, "high_share": 0.0, "medhigh_share": 0.0, "screening_score": 0.0, "screening_rank": 87, "barrio_code": "0607", "comuna_code": "06", "comuna_name": "Doce de Octubre", "population_2026": 30904.0, "imcv_ampi_2023": 100.36, "population_match": "exact", "population_density_km2_2026": 63341.313394464451, "hazard_weighted_population_proxy_2026": 0.0, "exposure_component": 0.0, "vulnerability_component": 0.52411091018685951, "priority_exposure": 0.0, "priority_balanced": 0.13102772754671488, "priority_equity": 0.23584990958408678, "rank_exposure": 85.0, "rank_balanced": 146.0, "rank_equity": 145.0, "rank_hazard_only": 87 }, "geometry": { "type": "Polygon", "coordinates": [ [ [ -75.584968296024002, 6.28742328323492 ], [ -75.585039184306211, 6.287584803000389 ], [ -75.5852875114509, 6.287875383832299 ], [ -75.585614873879507, 6.288011808478761 ], [ -75.585965782446607, 6.28828942805446 ], [ -75.586338615216903, 6.288493917244089 ], [ -75.586498922520093, 6.288613286770484 ], [ -75.586609079137801, 6.28878540802105 ], [ -75.586817114222498, 6.28905856849328 ], [ -75.586916451933305, 6.289316454187042 ], [ -75.586793750104604, 6.289679223535878 ], [ -75.5867015326928, 6.289797371370101 ], [ -75.586640386688302, 6.289875485518122 ], [ -75.586527086752795, 6.29000928341283 ], [ -75.586358963771701, 6.290320548407638 ], [ -75.5863146006118, 6.290636327258711 ], [ -75.586288017640697, 6.2908380708657 ], [ -75.5862484037835, 6.291056413711841 ], [ -75.586114120528507, 6.291240930389619 ], [ -75.585903411574805, 6.291437359953287 ], [ -75.585665673550693, 6.291680628951452 ], [ -75.585622738800296, 6.291793763654172 ], [ -75.585268105913798, 6.291971121337291 ], [ -75.585096319846997, 6.292058323492528 ], [ -75.584812233722317, 6.292278344857809 ], [ -75.584348151373206, 6.292179335022641 ], [ -75.582697631220299, 6.291633642602203 ], [ -75.580417943325401, 6.290956279426893 ], [ -75.579563860780993, 6.290630413597308 ], [ -75.579655462023993, 6.289945261871711 ], [ -75.579585384507794, 6.289715542852659 ], [ -75.579424124348805, 6.289614684675419 ], [ -75.579262546618494, 6.289402765135369 ], [ -75.578837124309004, 6.289101971988232 ], [ -75.578510887546301, 6.28900743226957 ], [ -75.578864655630397, 6.28817636764526 ], [ -75.579390764968394, 6.286749549846631 ], [ -75.579803307874116, 6.286067375293899 ], [ -75.580090795610602, 6.285630091353641 ], [ -75.580339222113096, 6.285254297992622 ], [ -75.580561768781394, 6.284976002028101 ], [ -75.580832380677407, 6.284618654469348 ], [ -75.581612882142394, 6.284899917457312 ], [ -75.582699073418297, 6.28512769135735 ], [ -75.583130035094101, 6.285256025665799 ], [ -75.583279176560708, 6.285341331246352 ], [ -75.583451502506193, 6.285442156352483 ], [ -75.583738688086797, 6.28560207980151 ], [ -75.583962519384215, 6.285771926764498 ], [ -75.584135016295306, 6.285932179395191 ], [ -75.584313842863807, 6.286194707947031 ], [ -75.584523020398706, 6.28651560446603 ], [ -75.584667887760403, 6.286863963095832 ], [ -75.584899445222902, 6.287270527434992 ], [ -75.584968296024002, 6.28742328323492 ] ] ] } },
{ "type": "Feature", "properties": { "OBJECTID": 26, "BARRIO": "AURES #2", "area_total_ha": 69.353826708449574, "Alta": 0.0, "Media": 0.0, "Baja": 0.0, "high_share": 0.0, "medhigh_share": 0.0, "screening_score": 0.0, "screening_rank": 87, "barrio_code": "0712", "comuna_code": "07", "comuna_name": "Robledo", "population_2026": 24615.0, "imcv_ampi_2023": 99.75, "population_match": "exact", "population_density_km2_2026": 35491.913234257176, "hazard_weighted_population_proxy_2026": 0.0, "exposure_component": 0.0, "vulnerability_component": 0.54249547920433983, "priority_exposure": 0.0, "priority_balanced": 0.13562386980108496, "priority_equity": 0.24412296564195293, "rank_exposure": 85.0, "rank_balanced": 125.0, "rank_equity": 124.0, "rank_hazard_only": 87 }, "geometry": { "type": "Polygon", "coordinates": [ [ [ -75.590774833481206, 6.28587504387953 ], [ -75.590778053219196, 6.2859451795357 ], [ -75.590739793478804, 6.286283348337973 ], [ -75.590691461069994, 6.286617649762389 ], [ -75.590694333898199, 6.28691575665095 ], [ -75.590690034923099, 6.287169068790819 ], [ -75.590708756336696, 6.287381398969921 ], [ -75.590789768634593, 6.287564319785148 ], [ -75.590893923984595, 6.28774814825154 ], [ -75.591078672549301, 6.28796973954483 ], [ -75.591320901679893, 6.288237927104122 ], [ -75.591632663170103, 6.28854585776126 ], [ -75.591984042229313, 6.288985193715392 ], [ -75.592797616563402, 6.2899151786381 ], [ -75.593258920632493, 6.290445772751779 ], [ -75.593529285417304, 6.290701212181981 ], [ -75.5938181305672, 6.291085198090151 ], [ -75.594008969937505, 6.29132430510157 ], [ -75.594240266617817, 6.291638311182539 ], [ -75.594533757452396, 6.291888812361759 ], [ -75.594895626778396, 6.292127424654971 ], [ -75.595171912562606, 6.292342902100372 ], [ -75.595509653082999, 6.292587427904448 ], [ -75.595785827906795, 6.292763936323291 ], [ -75.596457672911995, 6.293039642123261 ], [ -75.597214280485105, 6.293401806809269 ], [ -75.596896049310899, 6.293640443276289 ], [ -75.596621749020102, 6.293763018044618 ], [ -75.596388674937003, 6.293878654945379 ], [ -75.596229887622499, 6.293937569615448 ], [ -75.596086073689193, 6.293956496855209 ], [ -75.596278356836095, 6.29434562991265 ], [ -75.596457440653396, 6.29469388496315 ], [ -75.596539564500006, 6.294911873229887 ], [ -75.596208726141398, 6.29496641708133 ], [ -75.595745873861404, 6.29494632763399 ], [ -75.5953052580237, 6.294961245749509 ], [ -75.5949621954165, 6.29496418837209 ], [ -75.594687543768501, 6.29496595964262 ], [ -75.594426435771496, 6.295128439819199 ], [ -75.594263282848999, 6.295417285707349 ], [ -75.5939946175274, 6.295402476097313 ], [ -75.593668690498106, 6.295416086700947 ], [ -75.593371180414906, 6.295515346822758 ], [ -75.592954875238803, 6.295587671121631 ], [ -75.592647472220094, 6.295745413021032 ], [ -75.592385289955899, 6.295884513180789 ], [ -75.592284211293006, 6.296069909301387 ], [ -75.592126068283704, 6.296351920730633 ], [ -75.591764030586305, 6.296055828891517 ], [ -75.591517133515495, 6.29591430531939 ], [ -75.591189552666705, 6.295704820007278 ], [ -75.5910123080902, 6.295643956832509 ], [ -75.590731418316807, 6.295576571999572 ], [ -75.590543119766807, 6.295520612079369 ], [ -75.590302571013794, 6.29548721054898 ], [ -75.589883673472201, 6.29535884813942 ], [ -75.589511037591393, 6.295224507538871 ], [ -75.589103926548901, 6.29499673883347 ], [ -75.588683639864698, 6.294735885320991 ], [ -75.588643310206294, 6.294705801645319 ], [ -75.588431581796812, 6.29454858574047 ], [ -75.588223570263096, 6.29428516938521 ], [ -75.588055953482694, 6.294074244718791 ], [ -75.587894289068203, 6.293834077013961 ], [ -75.5876520925937, 6.293577577782581 ], [ -75.587392924498403, 6.293366916894551 ], [ -75.587123845811703, 6.293207919557058 ], [ -75.586630287237796, 6.293005728777368 ], [ -75.586211257728095, 6.292830600403149 ], [ -75.585958241472994, 6.292659864518909 ], [ -75.585670725665693, 6.292386933413741 ], [ -75.585561462127401, 6.292175839286559 ], [ -75.585558839013999, 6.291963463678266 ], [ -75.585622738800296, 6.291793763654172 ], [ -75.585665673550693, 6.291680628951452 ], [ -75.585903411574805, 6.291437359953287 ], [ -75.586114120528507, 6.291240930389619 ], [ -75.5862484037835, 6.291056413711841 ], [ -75.586288017640697, 6.2908380708657 ], [ -75.5863146006118, 6.290636327258711 ], [ -75.586358963771701, 6.290320548407638 ], [ -75.586527086752795, 6.29000928341283 ], [ -75.586640386688302, 6.289875485518122 ], [ -75.5867015326928, 6.289797371370101 ], [ -75.587400685924607, 6.289077344840618 ], [ -75.588041892737706, 6.28849874876406 ], [ -75.588268941235697, 6.28838703229772 ], [ -75.588513604059798, 6.288103796741931 ], [ -75.588586349980602, 6.28786197745108 ], [ -75.588659162847804, 6.28764353994774 ], [ -75.5888225644849, 6.287440426809527 ], [ -75.5889991638917, 6.287278195621107 ], [ -75.589589555844697, 6.286872184036421 ], [ -75.589902779989302, 6.286641361219361 ], [ -75.590278126155695, 6.286322677886861 ], [ -75.590470687617994, 6.28611363577697 ], [ -75.590680467473504, 6.285945461011512 ], [ -75.590774833481206, 6.28587504387953 ] ] ] } },
{ "type": "Feature", "properties": { "OBJECTID": 27, "BARRIO": "AURES #1", "area_total_ha": 88.251990822537365, "Alta": 0.0, "Media": 0.0, "Baja": 0.0, "high_share": 0.0, "medhigh_share": 0.0, "screening_score": 0.0, "screening_rank": 87, "barrio_code": "0713", "comuna_code": "07", "comuna_name": "Robledo", "population_2026": 21463.0, "imcv_ampi_2023": 99.75, "population_match": "exact", "population_density_km2_2026": 24320.131251383493, "hazard_weighted_population_proxy_2026": 0.0, "exposure_component": 0.0, "vulnerability_component": 0.54249547920433983, "priority_exposure": 0.0, "priority_balanced": 0.13562386980108496, "priority_equity": 0.24412296564195293, "rank_exposure": 85.0, "rank_balanced": 125.0, "rank_equity": 124.0, "rank_hazard_only": 87 }, "geometry": { "type": "Polygon", "coordinates": [ [ [ -75.594366221499698, 6.27987995551606 ], [ -75.594494540570807, 6.28007053445721 ], [ -75.594696688904193, 6.280395343279598 ], [ -75.594945102764598, 6.280716118846998 ], [ -75.595204596369996, 6.281041735614074 ], [ -75.595454147497705, 6.281407323445231 ], [ -75.595661162328994, 6.281675610981069 ], [ -75.595810650815395, 6.28188074178868 ], [ -75.595933011018701, 6.282097639916029 ], [ -75.596066689925493, 6.282402186527669 ], [ -75.596178247121799, 6.282710694269897 ], [ -75.596230285904312, 6.282962869365768 ], [ -75.596262454174294, 6.283301807328761 ], [ -75.596332751741002, 6.283605564689449 ], [ -75.596377489701794, 6.284115930496 ], [ -75.596472346488994, 6.284562826470519 ], [ -75.596484621847793, 6.284632936673948 ], [ -75.596567437839795, 6.28509058392328 ], [ -75.596659123711106, 6.285831707852108 ], [ -75.5967491679652, 6.28635363270387 ], [ -75.596825349546094, 6.286604762560103 ], [ -75.596929902875999, 6.28692595593217 ], [ -75.5970192658597, 6.28721211974162 ], [ -75.597105476905, 6.287452504428912 ], [ -75.597244927186196, 6.28766448150903 ], [ -75.597336811643899, 6.28777917493248 ], [ -75.597521646687596, 6.288029988242902 ], [ -75.597695282173007, 6.288235046138752 ], [ -75.597885017500005, 6.288440059077872 ], [ -75.598172472576096, 6.288691549303818 ], [ -75.598593204954199, 6.289107297023919 ], [ -75.598858642486107, 6.289397819018388 ], [ -75.599060519248695, 6.289627150729509 ], [ -75.599284756338704, 6.289934354954189 ], [ -75.599744317310495, 6.290901401521329 ], [ -75.600036443963305, 6.29172085137695 ], [ -75.600148074977895, 6.292052738853031 ], [ -75.600258885646596, 6.292447952103478 ], [ -75.600453146255404, 6.293171238530408 ], [ -75.600575913010601, 6.293526475554293 ], [ -75.601173324568094, 6.294497988978028 ], [ -75.6015222323675, 6.295121450700871 ], [ -75.601292952393706, 6.29515719189033 ], [ -75.600848126205904, 6.295453678358292 ], [ -75.600559270166798, 6.295760426551428 ], [ -75.6003157009837, 6.29607191406314 ], [ -75.600146432685506, 6.29633252632339 ], [ -75.600039249010194, 6.296492612301308 ], [ -75.599669834278401, 6.29608256349941 ], [ -75.599011039295107, 6.295106355255601 ], [ -75.598060555712806, 6.294154374957081 ], [ -75.597536833515804, 6.293612277619091 ], [ -75.597369378013894, 6.293457860909421 ], [ -75.597214280485105, 6.293401806809269 ], [ -75.596457672911995, 6.293039642123261 ], [ -75.595785827906795, 6.292763936323291 ], [ -75.595509653082999, 6.292587427904448 ], [ -75.595171912562606, 6.292342902100372 ], [ -75.594895626778396, 6.292127424654971 ], [ -75.594533757452396, 6.291888812361759 ], [ -75.594240266617817, 6.291638311182539 ], [ -75.594008969937505, 6.29132430510157 ], [ -75.5938181305672, 6.291085198090151 ], [ -75.593529285417304, 6.290701212181981 ], [ -75.593258920632493, 6.290445772751779 ], [ -75.592797616563402, 6.2899151786381 ], [ -75.591984042229313, 6.288985193715392 ], [ -75.591632663170103, 6.28854585776126 ], [ -75.591320901679893, 6.288237927104122 ], [ -75.591078672549301, 6.28796973954483 ], [ -75.590893923984595, 6.28774814825154 ], [ -75.590789768634593, 6.287564319785148 ], [ -75.590708756336696, 6.287381398969921 ], [ -75.590690034923099, 6.287169068790819 ], [ -75.590694333898199, 6.28691575665095 ], [ -75.590691461069994, 6.286617649762389 ], [ -75.590739793478804, 6.286283348337973 ], [ -75.590778053219196, 6.2859451795357 ], [ -75.590774833481206, 6.28587504387953 ], [ -75.591071976620896, 6.28565011104179 ], [ -75.591186135755805, 6.285465651670913 ], [ -75.591270027863899, 6.285252053160321 ], [ -75.591347933401195, 6.285056007112391 ], [ -75.591561616523194, 6.284497155511642 ], [ -75.591751237364605, 6.283967598702142 ], [ -75.591878416407297, 6.283414842155712 ], [ -75.591996303016202, 6.283128077572588 ], [ -75.592067127654204, 6.282918411640812 ], [ -75.592086078890404, 6.282861851945411 ], [ -75.592226064134906, 6.282563332435497 ], [ -75.5923513517846, 6.282401248087901 ], [ -75.5925999664111, 6.282094621804859 ], [ -75.593003308912401, 6.281717401927721 ], [ -75.593144628926794, 6.281532862240898 ], [ -75.593364828631508, 6.28114156044345 ], [ -75.593534015428006, 6.280852698139517 ], [ -75.593749497556999, 6.280569546831691 ], [ -75.593845661054601, 6.280425082700351 ], [ -75.594366221499698, 6.27987995551606 ] ] ] } },
{ "type": "Feature", "properties": { "OBJECTID": 28, "BARRIO": "EL DIAMANTE", "area_total_ha": 36.924750542566784, "Alta": 0.0, "Media": 0.0, "Baja": 0.0, "high_share": 0.0, "medhigh_share": 0.0, "screening_score": 0.0, "screening_rank": 87, "barrio_code": "0711", "comuna_code": "07", "comuna_name": "Robledo", "population_2026": 17244.0, "imcv_ampi_2023": 99.75, "population_match": "exact", "population_density_km2_2026": 46700.383202646546, "hazard_weighted_population_proxy_2026": 0.0, "exposure_component": 0.0, "vulnerability_component": 0.54249547920433983, "priority_exposure": 0.0, "priority_balanced": 0.13562386980108496, "priority_equity": 0.24412296564195293, "rank_exposure": 85.0, "rank_balanced": 125.0, "rank_equity": 124.0, "rank_hazard_only": 87 }, "geometry": { "type": "Polygon", "coordinates": [ [ [ -75.587094636578001, 6.28096578163062 ], [ -75.587139310605494, 6.2811078902471 ], [ -75.587151944328397, 6.281302701455751 ], [ -75.587229195545206, 6.28157818725865 ], [ -75.587344759808303, 6.281881815318867 ], [ -75.587497743273104, 6.282253532097389 ], [ -75.587647447410802, 6.282534653926298 ], [ -75.587855530533702, 6.28282535094833 ], [ -75.588040197649093, 6.28301966539092 ], [ -75.588322546416094, 6.28324682105276 ], [ -75.588781280702307, 6.283587454670788 ], [ -75.589677250980003, 6.284139207490989 ], [ -75.589976538163, 6.28430883557191 ], [ -75.590178141617798, 6.284444645276139 ], [ -75.590349713655399, 6.284633151265812 ], [ -75.590506328167095, 6.284867489222608 ], [ -75.590622599010317, 6.285066871302 ], [ -75.590739188447102, 6.285376339031039 ], [ -75.590764027998304, 6.285616902962378 ], [ -75.590774833481206, 6.28587504387953 ], [ -75.590680467473504, 6.285945461011512 ], [ -75.590470687617994, 6.28611363577697 ], [ -75.590278126155695, 6.286322677886861 ], [ -75.589902779989302, 6.286641361219361 ], [ -75.589589555844697, 6.286872184036421 ], [ -75.5889991638917, 6.287278195621107 ], [ -75.5888225644849, 6.287440426809527 ], [ -75.588659162847804, 6.28764353994774 ], [ -75.588586349980602, 6.28786197745108 ], [ -75.588513604059798, 6.288103796741931 ], [ -75.588268941235697, 6.28838703229772 ], [ -75.588041892737706, 6.28849874876406 ], [ -75.587400685924607, 6.289077344840618 ], [ -75.5867015326928, 6.289797371370101 ], [ -75.586793750104604, 6.289679223535878 ], [ -75.586916451933305, 6.289316454187042 ], [ -75.586817114222498, 6.28905856849328 ], [ -75.586609079137801, 6.28878540802105 ], [ -75.586498922520093, 6.288613286770484 ], [ -75.586338615216903, 6.288493917244089 ], [ -75.585965782446607, 6.28828942805446 ], [ -75.585614873879507, 6.288011808478761 ], [ -75.5852875114509, 6.287875383832299 ], [ -75.585039184306211, 6.287584803000389 ], [ -75.584968296024002, 6.28742328323492 ], [ -75.584756435645602, 6.286518829695649 ], [ -75.584614287045298, 6.285015993854891 ], [ -75.584527911490696, 6.284366426733769 ], [ -75.584444593583598, 6.283730491441819 ], [ -75.584441193846004, 6.28324728008702 ], [ -75.584467464419703, 6.28293642379995 ], [ -75.584562563249506, 6.282770530646062 ], [ -75.584995434373795, 6.282514036416258 ], [ -75.585405368963393, 6.282327753133568 ], [ -75.585655572374506, 6.282221815076008 ], [ -75.585951835445201, 6.282040729964971 ], [ -75.586164610667097, 6.281863779934517 ], [ -75.586400378151396, 6.28163610496202 ], [ -75.5866332308631, 6.281444484515261 ], [ -75.586831930126706, 6.281271473499601 ], [ -75.587036563308004, 6.281062397498149 ], [ -75.587094636578001, 6.28096578163062 ] ] ] } },
{ "type": "Feature", "properties": { "OBJECTID": 29, "BARRIO": "LUIS LÓPEZ DE MESA", "area_total_ha": 19.473888572212577, "Alta": 0.0, "Media": 0.0, "Baja": 0.0, "high_share": 0.0, "medhigh_share": 0.0, "screening_score": 0.0, "screening_rank": 87, "barrio_code": "0710", "comuna_code": "07", "comuna_name": "Robledo", "population_2026": 4694.0, "imcv_ampi_2023": 99.75, "population_match": "fuzzy_name_variant", "population_density_km2_2026": 24104.071370203383, "hazard_weighted_population_proxy_2026": 0.0, "exposure_component": 0.0, "vulnerability_component": 0.54249547920433983, "priority_exposure": 0.0, "priority_balanced": 0.13562386980108496, "priority_equity": 0.24412296564195293, "rank_exposure": 85.0, "rank_balanced": 125.0, "rank_equity": 124.0, "rank_hazard_only": 87 }, "geometry": { "type": "Polygon", "coordinates": [ [ [ -75.579441888847498, 6.28035938032612 ], [ -75.579646582429802, 6.280521491190951 ], [ -75.581221584350914, 6.28176107599346 ], [ -75.583213357169996, 6.283440785535659 ], [ -75.584527911490696, 6.284366426733769 ], [ -75.584614287045298, 6.285015993854891 ], [ -75.584756435645602, 6.286518829695649 ], [ -75.584968296024002, 6.28742328323492 ], [ -75.584899445222902, 6.287270527434992 ], [ -75.584667887760403, 6.286863963095832 ], [ -75.584523020398706, 6.28651560446603 ], [ -75.584313842863807, 6.286194707947031 ], [ -75.584135016295306, 6.285932179395191 ], [ -75.583962519384215, 6.285771926764498 ], [ -75.583738688086797, 6.28560207980151 ], [ -75.583451502506193, 6.285442156352483 ], [ -75.583279176560708, 6.285341331246352 ], [ -75.583130035094101, 6.285256025665799 ], [ -75.582699073418297, 6.28512769135735 ], [ -75.581612882142394, 6.284899917457312 ], [ -75.580832380677407, 6.284618654469348 ], [ -75.580414529886397, 6.284500997168632 ], [ -75.579663171265807, 6.284207956988089 ], [ -75.579307711261706, 6.284095964708071 ], [ -75.578952202828802, 6.283966436781287 ], [ -75.578706567903893, 6.283911607696071 ], [ -75.578385230861201, 6.283770289557398 ], [ -75.578329817102301, 6.283742196479823 ], [ -75.578785354164694, 6.282262973425472 ], [ -75.579220120605001, 6.280909485595259 ], [ -75.579441888847498, 6.28035938032612 ] ] ] } },
{ "type": "Feature", "properties": { "OBJECTID": 30, "BARRIO": "CÓRDOBA", "area_total_ha": 22.230470718922962, "Alta": 0.0, "Media": 0.0, "Baja": 0.0, "high_share": 0.0, "medhigh_share": 0.0, "screening_score": 0.0, "screening_rank": 87, "barrio_code": "0709", "comuna_code": "07", "comuna_name": "Robledo", "population_2026": 9553.0, "imcv_ampi_2023": 99.75, "population_match": "exact", "population_density_km2_2026": 42972.5493480816, "hazard_weighted_population_proxy_2026": 0.0, "exposure_component": 0.0, "vulnerability_component": 0.54249547920433983, "priority_exposure": 0.0, "priority_balanced": 0.13562386980108496, "priority_equity": 0.24412296564195293, "rank_exposure": 85.0, "rank_balanced": 125.0, "rank_equity": 124.0, "rank_hazard_only": 87 }, "geometry": { "type": "Polygon", "coordinates": [ [ [ -75.577173312125197, 6.27862198765453 ], [ -75.578317611720806, 6.279474095078759 ], [ -75.579441888847498, 6.28035938032612 ], [ -75.579220120605001, 6.280909485595259 ], [ -75.578785354164694, 6.282262973425472 ], [ -75.578329817102301, 6.283742196479823 ], [ -75.577874413999695, 6.283509683664451 ], [ -75.577478351644999, 6.283271153859052 ], [ -75.577162987209505, 6.2831074101584 ], [ -75.576858590577601, 6.28290856348907 ], [ -75.576501750152104, 6.282665050247479 ], [ -75.576031077080316, 6.282369253049629 ], [ -75.575541970995701, 6.281959521961868 ], [ -75.575133855856393, 6.281727844855658 ], [ -75.574790484019005, 6.281619711689252 ], [ -75.574480399363708, 6.281542657686643 ], [ -75.573691174594302, 6.281375393361141 ], [ -75.573222414638806, 6.28139719045546 ], [ -75.572810976907803, 6.281411029322759 ], [ -75.572519128626297, 6.281378737789949 ], [ -75.572277406468714, 6.28128395122198 ], [ -75.572128085869096, 6.281135318097842 ], [ -75.572275270806799, 6.280887440889639 ], [ -75.572501912645194, 6.280632518644761 ], [ -75.572770310107899, 6.280555761806339 ], [ -75.572848826416504, 6.280571125512154 ], [ -75.573028003505101, 6.280605687523009 ], [ -75.573773167815702, 6.280846146344971 ], [ -75.574689394841315, 6.28109780828303 ], [ -75.575135331823205, 6.28118713865202 ], [ -75.575249740588205, 6.281088413120291 ], [ -75.575248161378497, 6.280887724875271 ], [ -75.575188035650896, 6.280618031419261 ], [ -75.575214298407502, 6.28030230404485 ], [ -75.575275966570501, 6.280054670658123 ], [ -75.575462599169896, 6.279881696784909 ], [ -75.575633292206106, 6.279764300462797 ], [ -75.575707280612818, 6.279603339809212 ], [ -75.575636482123599, 6.279472019453792 ], [ -75.574555284467607, 6.278521326867142 ], [ -75.5755863879358, 6.277429182713371 ], [ -75.575609456724905, 6.277404761895788 ], [ -75.577173312125197, 6.27862198765453 ] ] ] } },
{ "type": "Feature", "properties": { "OBJECTID": 31, "BARRIO": "CEMENTERIO UNIVERSAL", "area_total_ha": 10.37208724426373, "Alta": 0.0, "Media": 0.0, "Baja": 0.0, "high_share": 0.0, "medhigh_share": 0.0, "screening_score": 0.0, "screening_rank": 87, "barrio_code": null, "comuna_code": null, "comuna_name": null, "population_2026": null, "imcv_ampi_2023": null, "population_match": "unmatched_or_nonresidential", "population_density_km2_2026": null, "hazard_weighted_population_proxy_2026": null, "exposure_component": null, "vulnerability_component": null, "priority_exposure": null, "priority_balanced": null, "priority_equity": null, "rank_exposure": null, "rank_balanced": null, "rank_equity": null, "rank_hazard_only": 87 }, "geometry": { "type": "Polygon", "coordinates": [ [ [ -75.573789979900695, 6.276507808266828 ], [ -75.574191947461998, 6.27670248452336 ], [ -75.574427571535097, 6.276775854218752 ], [ -75.574707508326696, 6.276865659838749 ], [ -75.575110539997098, 6.277080790251651 ], [ -75.5755863879358, 6.277429182713371 ], [ -75.574555284467607, 6.278521326867142 ], [ -75.575636482123599, 6.279472019453792 ], [ -75.575707280612818, 6.279603339809212 ], [ -75.575633292206106, 6.279764300462797 ], [ -75.575462599169896, 6.279881696784909 ], [ -75.575275966570501, 6.280054670658123 ], [ -75.575214298407502, 6.28030230404485 ], [ -75.575188035650896, 6.280618031419261 ], [ -75.575248161378497, 6.280887724875271 ], [ -75.575249740588205, 6.281088413120291 ], [ -75.575135331823205, 6.28118713865202 ], [ -75.574689394841315, 6.28109780828303 ], [ -75.573773167815702, 6.280846146344971 ], [ -75.573028003505101, 6.280605687523009 ], [ -75.572848826416504, 6.280571125512154 ], [ -75.572905160556402, 6.279510017386092 ], [ -75.573110257894101, 6.278755370653383 ], [ -75.573305264371797, 6.277990035874842 ], [ -75.573528962949595, 6.277408750481397 ], [ -75.573673445206595, 6.27691927069962 ], [ -75.573789979900695, 6.276507808266828 ] ] ] } },
{ "type": "Feature", "properties": { "OBJECTID": 32, "BARRIO": "TERMINAL DE TRANSPORTE", "area_total_ha": 21.33413480976667, "Alta": 0.0, "Media": 0.0, "Baja": 0.0, "high_share": 0.0, "medhigh_share": 0.0, "screening_score": 0.0, "screening_rank": 87, "barrio_code": null, "comuna_code": null, "comuna_name": null, "population_2026": null, "imcv_ampi_2023": null, "population_match": "unmatched_or_nonresidential", "population_density_km2_2026": null, "hazard_weighted_population_proxy_2026": null, "exposure_component": null, "vulnerability_component": null, "priority_exposure": null, "priority_balanced": null, "priority_equity": null, "rank_exposure": null, "rank_balanced": null, "rank_equity": null, "rank_hazard_only": 87 }, "geometry": { "type": "Polygon", "coordinates": [ [ [ -75.570084383201603, 6.275684413678139 ], [ -75.570430889271606, 6.275834434698877 ], [ -75.570522618968099, 6.275897500761741 ], [ -75.570728212859606, 6.276024541150562 ], [ -75.570973949320901, 6.276116394131232 ], [ -75.571242725755113, 6.276173109358808 ], [ -75.5715004071522, 6.276220113907918 ], [ -75.571744793461704, 6.276191164366828 ], [ -75.572054493016196, 6.276133776509521 ], [ -75.572299708687893, 6.276042473189879 ], [ -75.572557079012796, 6.275980362663351 ], [ -75.5728488152305, 6.27597466078986 ], [ -75.573049150379305, 6.27602085171535 ], [ -75.573174192759694, 6.276123766397981 ], [ -75.573322521980501, 6.276278246783921 ], [ -75.573448622153506, 6.27639966641515 ], [ -75.573789979900695, 6.276507808266828 ], [ -75.573673445206595, 6.27691927069962 ], [ -75.573528962949595, 6.277408750481397 ], [ -75.573305264371797, 6.277990035874842 ], [ -75.573110257894101, 6.278755370653383 ], [ -75.572905160556402, 6.279510017386092 ], [ -75.572848826416504, 6.280571125512154 ], [ -75.572770310107899, 6.280555761806339 ], [ -75.572501912645194, 6.280632518644761 ], [ -75.572275270806799, 6.280887440889639 ], [ -75.572128085869096, 6.281135318097842 ], [ -75.571235178251897, 6.28094691214531 ], [ -75.570283626690397, 6.2806554011675 ], [ -75.569665511880601, 6.280515896501518 ], [ -75.569105440616994, 6.280268084258303 ], [ -75.569109415869093, 6.280250536241203 ], [ -75.569528493923798, 6.27832326801607 ], [ -75.570025807539409, 6.275959316568879 ], [ -75.570084383201603, 6.275684413678139 ] ] ] } },
{ "type": "Feature", "properties": { "OBJECTID": 33, "BARRIO": "CARIBE", "area_total_ha": 60.302095538849791, "Alta": 0.0, "Media": 0.0, "Baja": 0.0, "high_share": 0.0, "medhigh_share": 0.0, "screening_score": 0.0, "screening_rank": 87, "barrio_code": "0517", "comuna_code": "05", "comuna_name": "Castilla", "population_2026": 523.0, "imcv_ampi_2023": 98.62, "population_match": "exact", "population_density_km2_2026": 867.29987627553646, "hazard_weighted_population_proxy_2026": 0.0, "exposure_component": 0.0, "vulnerability_component": 0.5765521398432788, "priority_exposure": 0.0, "priority_balanced": 0.1441380349608197, "priority_equity": 0.25944846292947549, "rank_exposure": 85.0, "rank_balanced": 115.0, "rank_equity": 114.0, "rank_hazard_only": 87 }, "geometry": { "type": "Polygon", "coordinates": [ [ [ -75.572388234925398, 6.265072268633649 ], [ -75.572994896294801, 6.265082234355689 ], [ -75.573878044597294, 6.26538660526131 ], [ -75.574140856346105, 6.26547061673819 ], [ -75.574409570674717, 6.265507846051442 ], [ -75.574609700824297, 6.265483894551409 ], [ -75.574809374627904, 6.265299193355459 ], [ -75.574910372888695, 6.265084574373599 ], [ -75.575017577188603, 6.264930338624779 ], [ -75.575372970763695, 6.265023825980791 ], [ -75.575472082699406, 6.265207675589021 ], [ -75.575615539017704, 6.26541867748124 ], [ -75.575955512750994, 6.265749922170529 ], [ -75.576363956475205, 6.266102406698262 ], [ -75.576473954741402, 6.266221924660589 ], [ -75.576606444912798, 6.26646802856482 ], [ -75.576793587320495, 6.266828937261951 ], [ -75.576926172837204, 6.267108166134839 ], [ -75.577095487023811, 6.26756654926502 ], [ -75.577087795963905, 6.267692247555772 ], [ -75.577069487953395, 6.267974830449639 ], [ -75.576721656653604, 6.268769827600911 ], [ -75.576709080859601, 6.268946200376019 ], [ -75.576403686926099, 6.269806350663047 ], [ -75.576015745684998, 6.27064822706534 ], [ -75.5752633075587, 6.272440051573671 ], [ -75.574639675328115, 6.273891498772027 ], [ -75.574330645988496, 6.274536353773961 ], [ -75.574161611599095, 6.274882690778112 ], [ -75.574026909128193, 6.275273744986968 ], [ -75.573979152633996, 6.27546093496778 ], [ -75.573933378176093, 6.275637402690431 ], [ -75.573907113720907, 6.275953132981537 ], [ -75.573846744326502, 6.276304030053928 ], [ -75.573789979900695, 6.276507808266828 ], [ -75.573448622153506, 6.27639966641515 ], [ -75.573322521980501, 6.276278246783921 ], [ -75.573174192759694, 6.276123766397981 ], [ -75.573049150379305, 6.27602085171535 ], [ -75.5728488152305, 6.27597466078986 ], [ -75.572557079012796, 6.275980362663351 ], [ -75.572299708687893, 6.276042473189879 ], [ -75.572054493016196, 6.276133776509521 ], [ -75.571744793461704, 6.276191164366828 ], [ -75.5715004071522, 6.276220113907918 ], [ -75.571242725755113, 6.276173109358808 ], [ -75.570973949320901, 6.276116394131232 ], [ -75.570728212859606, 6.276024541150562 ], [ -75.570522618968099, 6.275897500761741 ], [ -75.570430889271606, 6.275834434698877 ], [ -75.570084383201603, 6.275684413678139 ], [ -75.570759549313905, 6.272536667585557 ], [ -75.571164753283895, 6.270685430327847 ], [ -75.571274006733802, 6.270189231175519 ], [ -75.571914661638203, 6.267290013787649 ], [ -75.572350421039204, 6.265218512279001 ], [ -75.572388234925398, 6.265072268633649 ] ] ] } },
{ "type": "Feature", "properties": { "OBJECTID": 34, "BARRIO": "EVERFIT", "area_total_ha": 20.378271102017976, "Alta": 0.0, "Media": 0.0, "Baja": 0.0, "high_share": 0.0, "medhigh_share": 0.0, "screening_score": 0.0, "screening_rank": 87, "barrio_code": null, "comuna_code": null, "comuna_name": null, "population_2026": null, "imcv_ampi_2023": null, "population_match": "unmatched_or_nonresidential", "population_density_km2_2026": null, "hazard_weighted_population_proxy_2026": null, "exposure_component": null, "vulnerability_component": null, "priority_exposure": null, "priority_balanced": null, "priority_equity": null, "rank_exposure": null, "rank_balanced": null, "rank_equity": null, "rank_hazard_only": 87 }, "geometry": { "type": "Polygon", "coordinates": [ [ [ -75.576709080859601, 6.268946200376019 ], [ -75.576701301695294, 6.269040723595361 ], [ -75.576699541784507, 6.26948205830126 ], [ -75.576849102698603, 6.269716424106901 ], [ -75.577350482499895, 6.27020113777311 ], [ -75.578493708191601, 6.271036689397119 ], [ -75.578942499476994, 6.271424126946789 ], [ -75.579448762893605, 6.271856215370369 ], [ -75.5798119636747, 6.272215642658818 ], [ -75.580037059221311, 6.27247804335833 ], [ -75.580181642150507, 6.2727299564969 ], [ -75.580241750338303, 6.272992828460982 ], [ -75.580206959883995, 6.273140038011279 ], [ -75.5791013024796, 6.273484186413508 ], [ -75.575133688323305, 6.274966624874971 ], [ -75.573979152633996, 6.27546093496778 ], [ -75.574026909128193, 6.275273744986968 ], [ -75.574161611599095, 6.274882690778112 ], [ -75.574330645988496, 6.274536353773961 ], [ -75.574639675328115, 6.273891498772027 ], [ -75.5752633075587, 6.272440051573671 ], [ -75.576015745684998, 6.27064822706534 ], [ -75.576403686926099, 6.269806350663047 ], [ -75.576709080859601, 6.268946200376019 ] ] ] } },
{ "type": "Feature", "properties": { "OBJECTID": 35, "BARRIO": "EL PROGRESO", "area_total_ha": 20.405560266361498, "Alta": 0.0, "Media": 0.0, "Baja": 0.0, "high_share": 0.0, "medhigh_share": 0.0, "screening_score": 0.0, "screening_rank": 87, "barrio_code": "0519", "comuna_code": "05", "comuna_name": "Castilla", "population_2026": 4390.0, "imcv_ampi_2023": 98.62, "population_match": "exact", "population_density_km2_2026": 21513.744012395, "hazard_weighted_population_proxy_2026": 0.0, "exposure_component": 0.0, "vulnerability_component": 0.5765521398432788, "priority_exposure": 0.0, "priority_balanced": 0.1441380349608197, "priority_equity": 0.25944846292947549, "rank_exposure": 85.0, "rank_balanced": 115.0, "rank_equity": 114.0, "rank_hazard_only": 87 }, "geometry": { "type": "Polygon", "coordinates": [ [ [ -75.580153305995196, 6.273374984053712 ], [ -75.580146341502697, 6.273402281877063 ], [ -75.579483598405204, 6.27418843948796 ], [ -75.579337358502897, 6.274412934224961 ], [ -75.57925344453362, 6.27462068555754 ], [ -75.579186630843907, 6.274827415987178 ], [ -75.579096764756613, 6.275064413011248 ], [ -75.579059518559404, 6.275408425502351 ], [ -75.579038223724993, 6.2757017316607 ], [ -75.579028301828998, 6.27575047174112 ], [ -75.579005501302504, 6.27586841953742 ], [ -75.578954769433594, 6.276070233011596 ], [ -75.578864588031493, 6.276197141528971 ], [ -75.578695276028895, 6.276445082707868 ], [ -75.578594322640811, 6.276675291487037 ], [ -75.578698555219404, 6.27688835096223 ], [ -75.578825933871002, 6.277104267087251 ], [ -75.578753052660204, 6.277300297902941 ], [ -75.578526445939005, 6.277565938810622 ], [ -75.577173312125197, 6.27862198765453 ], [ -75.575609456724905, 6.277404761895788 ], [ -75.5755863879358, 6.277429182713371 ], [ -75.575110539997098, 6.277080790251651 ], [ -75.574707508326696, 6.276865659838749 ], [ -75.574427571535097, 6.276775854218752 ], [ -75.574191947461998, 6.27670248452336 ], [ -75.573789979900695, 6.276507808266828 ], [ -75.573846744326502, 6.276304030053928 ], [ -75.573907113720907, 6.275953132981537 ], [ -75.573933378176093, 6.275637402690431 ], [ -75.573979152633996, 6.27546093496778 ], [ -75.575133688323305, 6.274966624874971 ], [ -75.5791013024796, 6.273484186413508 ], [ -75.580206959883995, 6.273140038011279 ], [ -75.580153305995196, 6.273374984053712 ] ] ] } },
{ "type": "Feature", "properties": { "OBJECTID": 36, "BARRIO": "ALTAMIRA", "area_total_ha": 37.669383849658551, "Alta": 0.0, "Media": 0.0, "Baja": 0.0, "high_share": 0.0, "medhigh_share": 0.0, "screening_score": 0.0, "screening_rank": 87, "barrio_code": "0708", "comuna_code": "07", "comuna_name": "Robledo", "population_2026": 11769.0, "imcv_ampi_2023": 99.75, "population_match": "exact", "population_density_km2_2026": 31242.878957009219, "hazard_weighted_population_proxy_2026": 0.0, "exposure_component": 0.0, "vulnerability_component": 0.54249547920433983, "priority_exposure": 0.0, "priority_balanced": 0.13562386980108496, "priority_equity": 0.24412296564195293, "rank_exposure": 85.0, "rank_balanced": 125.0, "rank_equity": 124.0, "rank_hazard_only": 87 }, "geometry": { "type": "Polygon", "coordinates": [ [ [ -75.579028301828998, 6.27575047174112 ], [ -75.579617459125899, 6.275967988805652 ], [ -75.579955692046497, 6.276039114052441 ], [ -75.580264753834996, 6.276111296941167 ], [ -75.580592091457603, 6.276241880819573 ], [ -75.580895312068805, 6.276382276059539 ], [ -75.581050550943402, 6.276489971887139 ], [ -75.581286550809097, 6.276694859260298 ], [ -75.581603398134206, 6.277026165574021 ], [ -75.5823177498619, 6.277749922369779 ], [ -75.5826055534624, 6.278127101115142 ], [ -75.5828365913694, 6.278355382197931 ], [ -75.583083644510893, 6.27855439216509 ], [ -75.583314878322199, 6.278850869329783 ], [ -75.583690041355595, 6.279169342019368 ], [ -75.583960730247497, 6.279541696511042 ], [ -75.584249637526497, 6.279951993442943 ], [ -75.584417610558702, 6.280289571586538 ], [ -75.584660031140999, 6.280626933415949 ], [ -75.584875318427507, 6.280975090056724 ], [ -75.585018851091206, 6.281209467784801 ], [ -75.585272851626598, 6.281375331411682 ], [ -75.585638153638101, 6.281412275216552 ], [ -75.586164610667097, 6.281863779934517 ], [ -75.585951835445201, 6.282040729964971 ], [ -75.585655572374506, 6.282221815076008 ], [ -75.585405368963393, 6.282327753133568 ], [ -75.584995434373795, 6.282514036416258 ], [ -75.584562563249506, 6.282770530646062 ], [ -75.584467464419703, 6.28293642379995 ], [ -75.584441193846004, 6.28324728008702 ], [ -75.584444593583598, 6.283730491441819 ], [ -75.584527911490696, 6.284366426733769 ], [ -75.583213357169996, 6.283440785535659 ], [ -75.581221584350914, 6.28176107599346 ], [ -75.579646582429802, 6.280521491190951 ], [ -75.579441888847498, 6.28035938032612 ], [ -75.578317611720806, 6.279474095078759 ], [ -75.577173312125197, 6.27862198765453 ], [ -75.578526445939005, 6.277565938810622 ], [ -75.578753052660204, 6.277300297902941 ], [ -75.578825933871002, 6.277104267087251 ], [ -75.578698555219404, 6.27688835096223 ], [ -75.578594322640811, 6.276675291487037 ], [ -75.578695276028895, 6.276445082707868 ], [ -75.578864588031493, 6.276197141528971 ], [ -75.578954769433594, 6.276070233011596 ], [ -75.579005501302504, 6.27586841953742 ], [ -75.579028301828998, 6.27575047174112 ] ] ] } },
{ "type": "Feature", "properties": { "OBJECTID": 37, "BARRIO": "BOSQUES DE SAN PABLO", "area_total_ha": 26.725763101190655, "Alta": 0.0, "Media": 0.0, "Baja": 0.0, "high_share": 0.0, "medhigh_share": 0.0, "screening_score": 0.0, "screening_rank": 87, "barrio_code": "0707", "comuna_code": "07", "comuna_name": "Robledo", "population_2026": 2251.0, "imcv_ampi_2023": 99.75, "population_match": "exact", "population_density_km2_2026": 8422.5845730845249, "hazard_weighted_population_proxy_2026": 0.0, "exposure_component": 0.0, "vulnerability_component": 0.54249547920433983, "priority_exposure": 0.0, "priority_balanced": 0.13562386980108496, "priority_equity": 0.24412296564195293, "rank_exposure": 85.0, "rank_balanced": 125.0, "rank_equity": 124.0, "rank_hazard_only": 87 }, "geometry": { "type": "Polygon", "coordinates": [ [ [ -75.580153305995196, 6.273374984053712 ], [ -75.580621198121094, 6.273404819204989 ], [ -75.580895953030804, 6.273442026214077 ], [ -75.581165629105698, 6.273462687207482 ], [ -75.581748047418301, 6.27343568830085 ], [ -75.582251365363405, 6.273540437382881 ], [ -75.582294605856504, 6.273885193960272 ], [ -75.582341589037895, 6.274131540081471 ], [ -75.582378596271496, 6.274407144430718 ], [ -75.582436681915098, 6.274666122672101 ], [ -75.5825031570714, 6.275043936971299 ], [ -75.582869639745098, 6.275845655275891 ], [ -75.583500161586997, 6.27680541654404 ], [ -75.583707432369394, 6.27716528952675 ], [ -75.583898229740299, 6.27739368662038 ], [ -75.584151484334896, 6.277651131349861 ], [ -75.584405477480502, 6.277815047973742 ], [ -75.584657148080893, 6.277870830012102 ], [ -75.585520629672814, 6.277973565244801 ], [ -75.585738024871318, 6.27800508974866 ], [ -75.585927472595699, 6.278113659505448 ], [ -75.586087625212301, 6.278180421205553 ], [ -75.586371246099105, 6.278501102578352 ], [ -75.586475869822706, 6.278849577047188 ], [ -75.586517976083201, 6.27914854601713 ], [ -75.586560956417301, 6.279400749054751 ], [ -75.586579839358293, 6.279670557935871 ], [ -75.586740279341399, 6.27983669031477 ], [ -75.586938151329505, 6.280075781739272 ], [ -75.587052310073602, 6.280241072491648 ], [ -75.587094636578001, 6.28096578163062 ], [ -75.587036563308004, 6.281062397498149 ], [ -75.586831930126706, 6.281271473499601 ], [ -75.5866332308631, 6.281444484515261 ], [ -75.586400378151396, 6.28163610496202 ], [ -75.586164610667097, 6.281863779934517 ], [ -75.585638153638101, 6.281412275216552 ], [ -75.585272851626598, 6.281375331411682 ], [ -75.585018851091206, 6.281209467784801 ], [ -75.584875318427507, 6.280975090056724 ], [ -75.584660031140999, 6.280626933415949 ], [ -75.584417610558702, 6.280289571586538 ], [ -75.584249637526497, 6.279951993442943 ], [ -75.583960730247497, 6.279541696511042 ], [ -75.583690041355595, 6.279169342019368 ], [ -75.583314878322199, 6.278850869329783 ], [ -75.583083644510893, 6.27855439216509 ], [ -75.5828365913694, 6.278355382197931 ], [ -75.5826055534624, 6.278127101115142 ], [ -75.5823177498619, 6.277749922369779 ], [ -75.581603398134206, 6.277026165574021 ], [ -75.581286550809097, 6.276694859260298 ], [ -75.581050550943402, 6.276489971887139 ], [ -75.580895312068805, 6.276382276059539 ], [ -75.580592091457603, 6.276241880819573 ], [ -75.580264753834996, 6.276111296941167 ], [ -75.579955692046497, 6.276039114052441 ], [ -75.579617459125899, 6.275967988805652 ], [ -75.579028301828998, 6.27575047174112 ], [ -75.579038223724993, 6.2757017316607 ], [ -75.579059518559404, 6.275408425502351 ], [ -75.579096764756613, 6.275064413011248 ], [ -75.579186630843907, 6.274827415987178 ], [ -75.57925344453362, 6.27462068555754 ], [ -75.579337358502897, 6.274412934224961 ], [ -75.579483598405204, 6.27418843948796 ], [ -75.580146341502697, 6.273402281877063 ], [ -75.580153305995196, 6.273374984053712 ] ] ] } },
{ "type": "Feature", "properties": { "OBJECTID": 38, "BARRIO": "BELLO HORIZONTE", "area_total_ha": 18.220074537091527, "Alta": 0.0, "Media": 0.0, "Baja": 0.0, "high_share": 0.0, "medhigh_share": 0.0, "screening_score": 0.0, "screening_rank": 87, "barrio_code": "0714", "comuna_code": "07", "comuna_name": "Robledo", "population_2026": 7615.0, "imcv_ampi_2023": 99.75, "population_match": "exact", "population_density_km2_2026": 41794.560085348494, "hazard_weighted_population_proxy_2026": 0.0, "exposure_component": 0.0, "vulnerability_component": 0.54249547920433983, "priority_exposure": 0.0, "priority_balanced": 0.13562386980108496, "priority_equity": 0.24412296564195293, "rank_exposure": 85.0, "rank_balanced": 125.0, "rank_equity": 124.0, "rank_hazard_only": 87 }, "geometry": { "type": "Polygon", "coordinates": [ [ [ -75.587748734719497, 6.279275550476143 ], [ -75.587997114473197, 6.279585615463462 ], [ -75.588261288032101, 6.279790417310182 ], [ -75.588520511135002, 6.280023486773861 ], [ -75.588756500264694, 6.280222525023992 ], [ -75.588935079358905, 6.280399319632938 ], [ -75.589233373586396, 6.280574795271338 ], [ -75.589491233353598, 6.280683166166362 ], [ -75.589789347343796, 6.280795317216759 ], [ -75.590168044183201, 6.280942308715061 ], [ -75.590449203915199, 6.281106142414481 ], [ -75.590747530164705, 6.281292334453999 ], [ -75.590938382473794, 6.281538263140668 ], [ -75.591556492676105, 6.282373343980171 ], [ -75.592067127654204, 6.282918411640812 ], [ -75.591996303016202, 6.283128077572588 ], [ -75.591878416407297, 6.283414842155712 ], [ -75.591751237364605, 6.283967598702142 ], [ -75.591561616523194, 6.284497155511642 ], [ -75.591347933401195, 6.285056007112391 ], [ -75.591270027863899, 6.285252053160321 ], [ -75.591186135755805, 6.285465651670913 ], [ -75.591071976620896, 6.28565011104179 ], [ -75.590774833481206, 6.28587504387953 ], [ -75.590764027998304, 6.285616902962378 ], [ -75.590739188447102, 6.285376339031039 ], [ -75.590622599010317, 6.285066871302 ], [ -75.590506328167095, 6.284867489222608 ], [ -75.590349713655399, 6.284633151265812 ], [ -75.590178141617798, 6.284444645276139 ], [ -75.589976538163, 6.28430883557191 ], [ -75.589677250980003, 6.284139207490989 ], [ -75.588781280702307, 6.283587454670788 ], [ -75.588322546416094, 6.28324682105276 ], [ -75.588040197649093, 6.28301966539092 ], [ -75.587855530533702, 6.28282535094833 ], [ -75.587647447410802, 6.282534653926298 ], [ -75.587497743273104, 6.282253532097389 ], [ -75.587344759808303, 6.281881815318867 ], [ -75.587229195545206, 6.28157818725865 ], [ -75.587151944328397, 6.281302701455751 ], [ -75.587139310605494, 6.2811078902471 ], [ -75.587094636578001, 6.28096578163062 ], [ -75.587171733576696, 6.280837935217842 ], [ -75.587402888426794, 6.280405684125118 ], [ -75.587469696144595, 6.280197979136038 ], [ -75.587548494653802, 6.279961986838072 ], [ -75.587602949654197, 6.279656895319961 ], [ -75.587725746680107, 6.27932822452444 ], [ -75.587748734719497, 6.279275550476143 ] ] ] } },
{ "type": "Feature", "properties": { "OBJECTID": 39, "BARRIO": "VILLA FLORA", "area_total_ha": 22.086839150900193, "Alta": 0.0, "Media": 0.0, "Baja": 0.0, "high_share": 0.0, "medhigh_share": 0.0, "screening_score": 0.0, "screening_rank": 87, "barrio_code": "0715", "comuna_code": "07", "comuna_name": "Robledo", "population_2026": 6053.0, "imcv_ampi_2023": 99.75, "population_match": "exact", "population_density_km2_2026": 27405.460594180575, "hazard_weighted_population_proxy_2026": 0.0, "exposure_component": 0.0, "vulnerability_component": 0.54249547920433983, "priority_exposure": 0.0, "priority_balanced": 0.13562386980108496, "priority_equity": 0.24412296564195293, "rank_exposure": 85.0, "rank_balanced": 125.0, "rank_equity": 124.0, "rank_hazard_only": 87 }, "geometry": { "type": "Polygon", "coordinates": [ [ [ -75.589648670154006, 6.277361551556341 ], [ -75.589856572588801, 6.277589897767408 ], [ -75.590027978078396, 6.27772092460932 ], [ -75.590275918489212, 6.277879009183319 ], [ -75.590533842369894, 6.278009786284961 ], [ -75.590808597510105, 6.27804698860935 ], [ -75.591083393914303, 6.27809782942946 ], [ -75.591381125473603, 6.278078459983887 ], [ -75.591678083186906, 6.27813897996464 ], [ -75.591896585596302, 6.278205571573118 ], [ -75.591982528772604, 6.27835438013524 ], [ -75.592075664983994, 6.278555776407018 ], [ -75.592252988885406, 6.27864586803301 ], [ -75.592482311087593, 6.278626695906132 ], [ -75.592699627662398, 6.278630939928702 ], [ -75.592962199518396, 6.27862920595627 ], [ -75.593156375292295, 6.278632541113197 ], [ -75.5933637336327, 6.278671886026291 ], [ -75.593558142741102, 6.278756081901917 ], [ -75.593718630468402, 6.278938772813688 ], [ -75.593881147627599, 6.279127304717123 ], [ -75.594066015107998, 6.279390786214752 ], [ -75.594147998952707, 6.27956201391575 ], [ -75.594297519611203, 6.279778835144298 ], [ -75.594366221499698, 6.27987995551606 ], [ -75.593845661054601, 6.280425082700351 ], [ -75.593749497556999, 6.280569546831691 ], [ -75.593534015428006, 6.280852698139517 ], [ -75.593364828631508, 6.28114156044345 ], [ -75.593144628926794, 6.281532862240898 ], [ -75.593003308912401, 6.281717401927721 ], [ -75.5925999664111, 6.282094621804859 ], [ -75.5923513517846, 6.282401248087901 ], [ -75.592226064134906, 6.282563332435497 ], [ -75.592086078890404, 6.282861851945411 ], [ -75.592067127654204, 6.282918411640812 ], [ -75.591556492676105, 6.282373343980171 ], [ -75.590938382473794, 6.281538263140668 ], [ -75.590747530164705, 6.281292334453999 ], [ -75.590449203915199, 6.281106142414481 ], [ -75.590168044183201, 6.280942308715061 ], [ -75.589789347343796, 6.280795317216759 ], [ -75.589491233353598, 6.280683166166362 ], [ -75.589233373586396, 6.280574795271338 ], [ -75.588935079358905, 6.280399319632938 ], [ -75.588756500264694, 6.280222525023992 ], [ -75.588520511135002, 6.280023486773861 ], [ -75.588261288032101, 6.279790417310182 ], [ -75.587997114473197, 6.279585615463462 ], [ -75.587748734719497, 6.279275550476143 ], [ -75.587871621587894, 6.278978055436989 ], [ -75.588011637844701, 6.278689278643012 ], [ -75.588114845118795, 6.278544793762559 ], [ -75.588279636299006, 6.278475148187511 ], [ -75.588541975527306, 6.27839255798312 ], [ -75.589013893952597, 6.278072623872029 ], [ -75.589292856515698, 6.277823389721609 ], [ -75.589648670154006, 6.277361551556341 ] ] ] } },
{ "type": "Feature", "properties": { "OBJECTID": 40, "BARRIO": "LA PILARICA", "area_total_ha": 28.872808939620974, "Alta": 0.0, "Media": 0.0, "Baja": 0.0, "high_share": 0.0, "medhigh_share": 0.0, "screening_score": 0.0, "screening_rank": 87, "barrio_code": "0706", "comuna_code": "07", "comuna_name": "Robledo", "population_2026": 7394.0, "imcv_ampi_2023": 99.75, "population_match": "exact", "population_density_km2_2026": 25608.869630462301, "hazard_weighted_population_proxy_2026": 0.0, "exposure_component": 0.0, "vulnerability_component": 0.54249547920433983, "priority_exposure": 0.0, "priority_balanced": 0.13562386980108496, "priority_equity": 0.24412296564195293, "rank_exposure": 85.0, "rank_balanced": 125.0, "rank_equity": 124.0, "rank_hazard_only": 87 }, "geometry": { "type": "Polygon", "coordinates": [ [ [ -75.585198480219802, 6.272991280032238 ], [ -75.585261197425396, 6.273110929697511 ], [ -75.585382396117296, 6.27327620227546 ], [ -75.585526914824598, 6.273504731848181 ], [ -75.5856605662226, 6.27380246432343 ], [ -75.585759681795295, 6.273985335185252 ], [ -75.585817586148195, 6.27418001527656 ], [ -75.585802199247794, 6.274427515708838 ], [ -75.585792963548499, 6.274714940564371 ], [ -75.585671612264505, 6.275197535777862 ], [ -75.585555492348604, 6.275750260740633 ], [ -75.585715795371897, 6.27586963132239 ], [ -75.585853818970193, 6.275937431242619 ], [ -75.586065328252403, 6.276021581560157 ], [ -75.586341190316105, 6.276093855908191 ], [ -75.586541505387302, 6.2761332236032 ], [ -75.586890872073695, 6.27622769272306 ], [ -75.587600133094, 6.276228574418179 ], [ -75.588736831838503, 6.27618535767628 ], [ -75.589245911391302, 6.276193632133278 ], [ -75.5897133955432, 6.276081222692417 ], [ -75.590376009536499, 6.275954611167968 ], [ -75.590292333399802, 6.276243225468539 ], [ -75.590123175232094, 6.276542802737011 ], [ -75.5899590677612, 6.276849184401458 ], [ -75.589840951071906, 6.277056062822063 ], [ -75.589648670154006, 6.277361551556341 ], [ -75.589292856515698, 6.277823389721609 ], [ -75.589013893952597, 6.278072623872029 ], [ -75.588541975527306, 6.27839255798312 ], [ -75.588279636299006, 6.278475148187511 ], [ -75.588114845118795, 6.278544793762559 ], [ -75.588011637844701, 6.278689278643012 ], [ -75.587871621587894, 6.278978055436989 ], [ -75.587748734719497, 6.279275550476143 ], [ -75.587725746680107, 6.27932822452444 ], [ -75.587602949654197, 6.279656895319961 ], [ -75.587548494653802, 6.279961986838072 ], [ -75.587469696144595, 6.280197979136038 ], [ -75.587402888426794, 6.280405684125118 ], [ -75.587171733576696, 6.280837935217842 ], [ -75.587094636578001, 6.28096578163062 ], [ -75.587052310073602, 6.280241072491648 ], [ -75.586938151329505, 6.280075781739272 ], [ -75.586740279341399, 6.27983669031477 ], [ -75.586579839358293, 6.279670557935871 ], [ -75.586560956417301, 6.279400749054751 ], [ -75.586517976083201, 6.27914854601713 ], [ -75.586475869822706, 6.278849577047188 ], [ -75.586371246099105, 6.278501102578352 ], [ -75.586087625212301, 6.278180421205553 ], [ -75.585927472595699, 6.278113659505448 ], [ -75.585738024871318, 6.27800508974866 ], [ -75.585520629672814, 6.277973565244801 ], [ -75.584657148080893, 6.277870830012102 ], [ -75.584405477480502, 6.277815047973742 ], [ -75.584151484334896, 6.277651131349861 ], [ -75.583898229740299, 6.27739368662038 ], [ -75.583707432369394, 6.27716528952675 ], [ -75.583500161586997, 6.27680541654404 ], [ -75.582869639745098, 6.275845655275891 ], [ -75.5825031570714, 6.275043936971299 ], [ -75.582436681915098, 6.274666122672101 ], [ -75.582378596271496, 6.274407144430718 ], [ -75.582341589037895, 6.274131540081471 ], [ -75.582294605856504, 6.273885193960272 ], [ -75.582251365363405, 6.273540437382881 ], [ -75.582878973323503, 6.273485054867682 ], [ -75.583674598924802, 6.273433086019362 ], [ -75.584135930096494, 6.273279782086321 ], [ -75.584494781478497, 6.27317450768979 ], [ -75.584996418023593, 6.273043494926458 ], [ -75.585198480219802, 6.272991280032238 ] ] ] } },
{ "type": "Feature", "properties": { "OBJECTID": 41, "BARRIO": "MONTECLARO", "area_total_ha": 63.581589416786251, "Alta": 0.0, "Media": 0.0, "Baja": 0.0, "high_share": 0.0, "medhigh_share": 0.0, "screening_score": 0.0, "screening_rank": 87, "barrio_code": "0724", "comuna_code": "07", "comuna_name": "Robledo", "population_2026": 13799.0, "imcv_ampi_2023": 99.75, "population_match": "exact", "population_density_km2_2026": 21702.82329613627, "hazard_weighted_population_proxy_2026": 0.0, "exposure_component": 0.0, "vulnerability_component": 0.54249547920433983, "priority_exposure": 0.0, "priority_balanced": 0.13562386980108496, "priority_equity": 0.24412296564195293, "rank_exposure": 85.0, "rank_balanced": 125.0, "rank_equity": 124.0, "rank_hazard_only": 87 }, "geometry": { "type": "Polygon", "coordinates": [ [ [ -75.6016076335777, 6.285049640925618 ], [ -75.601637989954099, 6.28510995371996 ], [ -75.601766774036705, 6.285459327082351 ], [ -75.601945778282897, 6.285780302093031 ], [ -75.602091780950005, 6.286169567249078 ], [ -75.602255925788498, 6.28657047123549 ], [ -75.60244743425821, 6.287039490258592 ], [ -75.602604522397399, 6.287434569818181 ], [ -75.6029180969756, 6.288018191409281 ], [ -75.603149530957893, 6.288377982202619 ], [ -75.603356600869802, 6.288662826999492 ], [ -75.603611009529601, 6.28896604392869 ], [ -75.603836222864203, 6.28926252628542 ], [ -75.604004026967402, 6.28953676821282 ], [ -75.604321900699503, 6.28986805279722 ], [ -75.6045800139145, 6.290061170528337 ], [ -75.604937138519205, 6.290397211066661 ], [ -75.605277093577101, 6.290710893485131 ], [ -75.605507339480098, 6.291007361045332 ], [ -75.6057557295577, 6.291315465318358 ], [ -75.605975045472604, 6.291658726182578 ], [ -75.606154907940706, 6.291927087862931 ], [ -75.606335138574707, 6.292322095933772 ], [ -75.606400477948199, 6.292648270094769 ], [ -75.6063740552719, 6.29290164545881 ], [ -75.606254973347006, 6.29312119437116 ], [ -75.606098029500302, 6.293466529374049 ], [ -75.606020382322299, 6.29374928143893 ], [ -75.605960033109596, 6.294099203993213 ], [ -75.605923346943499, 6.29462831573287 ], [ -75.605820293468895, 6.29447955974226 ], [ -75.605720915891297, 6.294210965314238 ], [ -75.605524956169802, 6.29394265067427 ], [ -75.605254698770494, 6.293726187887331 ], [ -75.604989671486706, 6.293577904947419 ], [ -75.60469267497551, 6.293506679289937 ], [ -75.604452213253197, 6.293502510448959 ], [ -75.604224159767398, 6.293613262990701 ], [ -75.604009486154197, 6.293827246200578 ], [ -75.603912417373806, 6.294005811519701 ], [ -75.603176042910405, 6.29402841930177 ], [ -75.602637643629706, 6.29397543225744 ], [ -75.602375318291195, 6.29406387741606 ], [ -75.602091542007898, 6.29438717379147 ], [ -75.601946400281804, 6.294640895170779 ], [ -75.601884612116393, 6.294842741369853 ], [ -75.6015222323675, 6.295121450700871 ], [ -75.601173324568094, 6.294497988978028 ], [ -75.600575913010601, 6.293526475554293 ], [ -75.600453146255404, 6.293171238530408 ], [ -75.600258885646596, 6.292447952103478 ], [ -75.600148074977895, 6.292052738853031 ], [ -75.600036443963305, 6.29172085137695 ], [ -75.599744317310495, 6.290901401521329 ], [ -75.599284756338704, 6.289934354954189 ], [ -75.599060519248695, 6.289627150729509 ], [ -75.598858642486107, 6.289397819018388 ], [ -75.598593204954199, 6.289107297023919 ], [ -75.598172472576096, 6.288691549303818 ], [ -75.597885017500005, 6.288440059077872 ], [ -75.597695282173007, 6.288235046138752 ], [ -75.597521646687596, 6.288029988242902 ], [ -75.597336811643899, 6.28777917493248 ], [ -75.597244927186196, 6.28766448150903 ], [ -75.597105476905, 6.287452504428912 ], [ -75.5970192658597, 6.28721211974162 ], [ -75.596929902875999, 6.28692595593217 ], [ -75.596825349546094, 6.286604762560103 ], [ -75.5967491679652, 6.28635363270387 ], [ -75.596659123711106, 6.285831707852108 ], [ -75.596567437839795, 6.28509058392328 ], [ -75.596484621847793, 6.284632936673948 ], [ -75.596631185262297, 6.28452242345412 ], [ -75.596911549414202, 6.284410548169831 ], [ -75.597173018877498, 6.28437471758964 ], [ -75.597465720325303, 6.284354383783749 ], [ -75.597728478402701, 6.284415971754939 ], [ -75.598054562510001, 6.28445886586382 ], [ -75.598341417039094, 6.284503822646571 ], [ -75.598655497625998, 6.28457013173806 ], [ -75.599114411287104, 6.284623356092768 ], [ -75.599571280300296, 6.28466586974114 ], [ -75.599754329000802, 6.28464780153804 ], [ -75.599890865440898, 6.28454900727789 ], [ -75.599963938438506, 6.284422146511662 ], [ -75.600215445560295, 6.2844204401706 ], [ -75.600415794529397, 6.28447051745015 ], [ -75.600622428940397, 6.284606309601509 ], [ -75.600766760544204, 6.284766638054193 ], [ -75.6009564929834, 6.28497164812307 ], [ -75.601130015365001, 6.28513773552105 ], [ -75.601330279765904, 6.285158586054671 ], [ -75.601513291534005, 6.285127853208058 ], [ -75.6016076335777, 6.285049640925618 ] ] ] } },
{ "type": "Feature", "properties": { "OBJECTID": 42, "BARRIO": "PAJARITO", "area_total_ha": 129.90744319094372, "Alta": 0.0, "Media": 0.0, "Baja": 0.0, "high_share": 0.0, "medhigh_share": 0.0, "screening_score": 0.0, "screening_rank": 87, "barrio_code": "0723", "comuna_code": "07", "comuna_name": "Robledo", "population_2026": 6067.0, "imcv_ampi_2023": 99.75, "population_match": "exact", "population_density_km2_2026": 4670.2481789919111, "hazard_weighted_population_proxy_2026": 0.0, "exposure_component": 0.0, "vulnerability_component": 0.54249547920433983, "priority_exposure": 0.0, "priority_balanced": 0.13562386980108496, "priority_equity": 0.24412296564195293, "rank_exposure": 85.0, "rank_balanced": 125.0, "rank_equity": 124.0, "rank_hazard_only": 87 }, "geometry": { "type": "Polygon", "coordinates": [ [ [ -75.611231998615096, 6.282472983682059 ], [ -75.611267485930895, 6.282567379161643 ], [ -75.611424628287807, 6.28297998971594 ], [ -75.611634047185703, 6.28337978237508 ], [ -75.611773820626894, 6.283700866554198 ], [ -75.611860977833203, 6.28391883807415 ], [ -75.611971202632802, 6.284112384988489 ], [ -75.612156076348413, 6.284374883704841 ], [ -75.612346770370294, 6.284563323408912 ], [ -75.612732010307894, 6.284881741207151 ], [ -75.613095037117404, 6.285171968087459 ], [ -75.613496326141998, 6.285473774867391 ], [ -75.6138863444599, 6.285705470906741 ], [ -75.614306598005498, 6.285955586339009 ], [ -75.614783421304793, 6.28628444895085 ], [ -75.6151513137211, 6.286518156457948 ], [ -75.615473007911206, 6.286779278092008 ], [ -75.615909727974, 6.2871550190306 ], [ -75.616330119325795, 6.287450920788758 ], [ -75.616857562124807, 6.28788679570701 ], [ -75.616780540297299, 6.288038026077047 ], [ -75.616626604467797, 6.28803458184534 ], [ -75.616049177327398, 6.288049918386052 ], [ -75.615797839068605, 6.288109110317611 ], [ -75.615620897796006, 6.288151520870727 ], [ -75.615239060057505, 6.288308517989589 ], [ -75.614632016194705, 6.288859761084978 ], [ -75.614329703340701, 6.289033085577429 ], [ -75.614287186448095, 6.289286507772379 ], [ -75.614390223423101, 6.289429415990572 ], [ -75.614540660123097, 6.289612127478338 ], [ -75.614520259029007, 6.289859640278677 ], [ -75.614281246008005, 6.290005501821841 ], [ -75.613949404754806, 6.290059083588292 ], [ -75.613640487229603, 6.290038556878782 ], [ -75.613297242433305, 6.289977213636161 ], [ -75.612884684461108, 6.289951146264198 ], [ -75.612645420075793, 6.290011275741393 ], [ -75.612458837396815, 6.290196925883451 ], [ -75.612317727347701, 6.29045063652607 ], [ -75.612153408529906, 6.290681035549446 ], [ -75.611939312379903, 6.291090836529869 ], [ -75.611835577523493, 6.291739972826799 ], [ -75.611889622722401, 6.291987267161572 ], [ -75.611845020734805, 6.292216339377229 ], [ -75.611639052358797, 6.292309495648111 ], [ -75.611450926172793, 6.292311994818919 ], [ -75.611189490009806, 6.29235952400932 ], [ -75.610995527251404, 6.292430236407529 ], [ -75.610842074655395, 6.29259240688202 ], [ -75.610653022935296, 6.292622187732887 ], [ -75.610480551537094, 6.29247363749031 ], [ -75.610274081023206, 6.292395330015622 ], [ -75.610079832776094, 6.292368621115031 ], [ -75.609858284797895, 6.292639129259587 ], [ -75.609724114230602, 6.292858722173311 ], [ -75.609409987180697, 6.293809510834101 ], [ -75.609159749797001, 6.29390279394539 ], [ -75.609016738525895, 6.293851578980028 ], [ -75.608844322225494, 6.29372153855201 ], [ -75.608642623811605, 6.293555536233189 ], [ -75.608384878040397, 6.29348906998592 ], [ -75.608007715800696, 6.293527193826278 ], [ -75.607665862739196, 6.29359833719158 ], [ -75.607340159154106, 6.293687943787051 ], [ -75.606964281535397, 6.29382153767167 ], [ -75.606511161989701, 6.294377196560219 ], [ -75.606284381870907, 6.294579524287121 ], [ -75.606096553970701, 6.294684316011311 ], [ -75.605935468048401, 6.294644842932368 ], [ -75.605923346943499, 6.29462831573287 ], [ -75.605960033109596, 6.294099203993213 ], [ -75.606020382322299, 6.29374928143893 ], [ -75.606098029500302, 6.293466529374049 ], [ -75.606254973347006, 6.29312119437116 ], [ -75.6063740552719, 6.29290164545881 ], [ -75.606400477948199, 6.292648270094769 ], [ -75.606335138574707, 6.292322095933772 ], [ -75.606154907940706, 6.291927087862931 ], [ -75.605975045472604, 6.291658726182578 ], [ -75.6057557295577, 6.291315465318358 ], [ -75.605507339480098, 6.291007361045332 ], [ -75.605277093577101, 6.290710893485131 ], [ -75.604937138519205, 6.290397211066661 ], [ -75.6045800139145, 6.290061170528337 ], [ -75.604321900699503, 6.28986805279722 ], [ -75.604004026967402, 6.28953676821282 ], [ -75.603836222864203, 6.28926252628542 ], [ -75.603611009529601, 6.28896604392869 ], [ -75.603356600869802, 6.288662826999492 ], [ -75.603149530957893, 6.288377982202619 ], [ -75.6029180969756, 6.288018191409281 ], [ -75.602604522397399, 6.287434569818181 ], [ -75.60244743425821, 6.287039490258592 ], [ -75.602255925788498, 6.28657047123549 ], [ -75.602091780950005, 6.286169567249078 ], [ -75.601945778282897, 6.285780302093031 ], [ -75.601766774036705, 6.285459327082351 ], [ -75.601637989954099, 6.28510995371996 ], [ -75.6016076335777, 6.285049640925618 ], [ -75.601780261813602, 6.28490787527535 ], [ -75.601862910384995, 6.284614392510957 ], [ -75.601975891525001, 6.284372455030368 ], [ -75.602100105318897, 6.284187963849962 ], [ -75.602383219744596, 6.283984501440091 ], [ -75.6025904436041, 6.283977078492752 ], [ -75.602865188727606, 6.28400940267939 ], [ -75.603516505420203, 6.28414876957407 ], [ -75.604440131798, 6.284520180551931 ], [ -75.6046012295715, 6.284564525558031 ], [ -75.604795357733906, 6.284551295039081 ], [ -75.604953508719206, 6.284275128622459 ], [ -75.604898011782396, 6.283872933113969 ], [ -75.604826737838806, 6.283580875175767 ], [ -75.604683182210707, 6.283341633092739 ], [ -75.604481541882393, 6.283193163693052 ], [ -75.604315299112997, 6.283108890784932 ], [ -75.604205272261694, 6.28298256084162 ], [ -75.604214762911596, 6.28278671483589 ], [ -75.604638032456506, 6.282691955180418 ], [ -75.6049637652483, 6.282615016835118 ], [ -75.605133315421199, 6.282452800804871 ], [ -75.605096215677193, 6.282149925368297 ], [ -75.605021267901094, 6.28197770493818 ], [ -75.6050698605181, 6.281735954684772 ], [ -75.605263938557599, 6.28170616222054 ], [ -75.605561603367406, 6.28166340348923 ], [ -75.6058752983283, 6.281598190024312 ], [ -75.606554861739397, 6.28141987280541 ], [ -75.606908862432206, 6.281376949121389 ], [ -75.607171418025104, 6.28136936366795 ], [ -75.607469401905007, 6.281436688270171 ], [ -75.607834783923195, 6.281501870112839 ], [ -75.608144855539905, 6.281574032164602 ], [ -75.608516262489601, 6.281635297736111 ], [ -75.608784999995706, 6.28167835231873 ], [ -75.608933859908504, 6.281666225410859 ], [ -75.609162091158112, 6.281618797378718 ], [ -75.609391480531301, 6.281622997121769 ], [ -75.609609013002895, 6.281701273232239 ], [ -75.609752034797907, 6.281757360412674 ], [ -75.609936520300707, 6.281887368056542 ], [ -75.610085649255794, 6.281967791759363 ], [ -75.610218728994596, 6.282064824487241 ], [ -75.610407088794602, 6.282143186157789 ], [ -75.610711643322503, 6.282393645549181 ], [ -75.610907418029498, 6.282599607819342 ], [ -75.611079443283202, 6.282597156356731 ], [ -75.611231998615096, 6.282472983682059 ] ] ] } },
{ "type": "Feature", "properties": { "OBJECTID": 43, "BARRIO": "EL CUCARACHO", "area_total_ha": 66.72554053451816, "Alta": 0.0, "Media": 0.0, "Baja": 0.0, "high_share": 0.0, "medhigh_share": 0.0, "screening_score": 0.0, "screening_rank": 87, "barrio_code": "0718", "comuna_code": "07", "comuna_name": "Robledo", "population_2026": 13847.0, "imcv_ampi_2023": 99.75, "population_match": "fuzzy_name_variant", "population_density_km2_2026": 20752.173589117247, "hazard_weighted_population_proxy_2026": 0.0, "exposure_component": 0.0, "vulnerability_component": 0.54249547920433983, "priority_exposure": 0.0, "priority_balanced": 0.13562386980108496, "priority_equity": 0.24412296564195293, "rank_exposure": 85.0, "rank_balanced": 125.0, "rank_equity": 124.0, "rank_hazard_only": 87 }, "geometry": { "type": "Polygon", "coordinates": [ [ [ -75.601719455961401, 6.277827365796582 ], [ -75.601966198150294, 6.277918226553788 ], [ -75.602224185748497, 6.278070429960531 ], [ -75.602442822156803, 6.278182805085141 ], [ -75.602621253866602, 6.27830796113962 ], [ -75.602787496873304, 6.27839320991461 ], [ -75.602981906843794, 6.278477402601188 ], [ -75.603159065804306, 6.278510984681009 ], [ -75.603394474657406, 6.278509325551138 ], [ -75.603621701452795, 6.278461900778102 ], [ -75.604032842813112, 6.2783496428063 ], [ -75.604466165607704, 6.278253880882872 ], [ -75.604667388341397, 6.278259140312749 ], [ -75.604919175630997, 6.278354856199911 ], [ -75.6052063885504, 6.27852450791748 ], [ -75.605527677815104, 6.278649247500349 ], [ -75.605905031253997, 6.278680296887051 ], [ -75.606173938260994, 6.27878180671035 ], [ -75.606306258574506, 6.278963600793787 ], [ -75.606451741978404, 6.27917458377564 ], [ -75.606647662594995, 6.279432182772529 ], [ -75.606877570550793, 6.279614667159978 ], [ -75.607113210773903, 6.27969289069375 ], [ -75.607381633794603, 6.27962780948906 ], [ -75.6077344421264, 6.27952156305077 ], [ -75.608030814667003, 6.27938138459383 ], [ -75.608281213663602, 6.279345580572333 ], [ -75.608477501995793, 6.279383976932002 ], [ -75.608757240443211, 6.27940459346577 ], [ -75.608962535320998, 6.279426400360569 ], [ -75.609173547586494, 6.27933907833133 ], [ -75.609331987546, 6.27916325424469 ], [ -75.609412743044203, 6.279256544546961 ], [ -75.609608578314806, 6.279483940283662 ], [ -75.609856863115994, 6.279757946016119 ], [ -75.610088010345194, 6.280020311408688 ], [ -75.610272966295796, 6.280312037858461 ], [ -75.610616067422299, 6.281015398607232 ], [ -75.610917709041502, 6.28164581200955 ], [ -75.611231998615096, 6.282472983682059 ], [ -75.611079443283202, 6.282597156356731 ], [ -75.610907418029498, 6.282599607819342 ], [ -75.610711643322503, 6.282393645549181 ], [ -75.610407088794602, 6.282143186157789 ], [ -75.610218728994596, 6.282064824487241 ], [ -75.610085649255794, 6.281967791759363 ], [ -75.609936520300707, 6.281887368056542 ], [ -75.609752034797907, 6.281757360412674 ], [ -75.609609013002895, 6.281701273232239 ], [ -75.609391480531301, 6.281622997121769 ], [ -75.609162091158112, 6.281618797378718 ], [ -75.608933859908504, 6.281666225410859 ], [ -75.608784999995706, 6.28167835231873 ], [ -75.608516262489601, 6.281635297736111 ], [ -75.608144855539905, 6.281574032164602 ], [ -75.607834783923195, 6.281501870112839 ], [ -75.607469401905007, 6.281436688270171 ], [ -75.607171418025104, 6.28136936366795 ], [ -75.606908862432206, 6.281376949121389 ], [ -75.606554861739397, 6.28141987280541 ], [ -75.6058752983283, 6.281598190024312 ], [ -75.605561603367406, 6.28166340348923 ], [ -75.605263938557599, 6.28170616222054 ], [ -75.6050698605181, 6.281735954684772 ], [ -75.605021267901094, 6.28197770493818 ], [ -75.605096215677193, 6.282149925368297 ], [ -75.605133315421199, 6.282452800804871 ], [ -75.6049637652483, 6.282615016835118 ], [ -75.604638032456506, 6.282691955180418 ], [ -75.604214762911596, 6.28278671483589 ], [ -75.604205272261694, 6.28298256084162 ], [ -75.604315299112997, 6.283108890784932 ], [ -75.604481541882393, 6.283193163693052 ], [ -75.604683182210707, 6.283341633092739 ], [ -75.604826737838806, 6.283580875175767 ], [ -75.604898011782396, 6.283872933113969 ], [ -75.604953508719206, 6.284275128622459 ], [ -75.604795357733906, 6.284551295039081 ], [ -75.6046012295715, 6.284564525558031 ], [ -75.604440131798, 6.284520180551931 ], [ -75.603516505420203, 6.28414876957407 ], [ -75.602865188727606, 6.28400940267939 ], [ -75.6025904436041, 6.283977078492752 ], [ -75.602383219744596, 6.283984501440091 ], [ -75.602100105318897, 6.284187963849962 ], [ -75.601975891525001, 6.284372455030368 ], [ -75.601862910384995, 6.284614392510957 ], [ -75.601780261813602, 6.28490787527535 ], [ -75.6016076335777, 6.285049640925618 ], [ -75.601522633635994, 6.284880371817793 ], [ -75.601366117661797, 6.284681111050888 ], [ -75.601142362508199, 6.284539524470872 ], [ -75.600837941374195, 6.284334847567279 ], [ -75.600322190246203, 6.28410935093693 ], [ -75.600045968742904, 6.283915308582793 ], [ -75.599684360744106, 6.28376437998714 ], [ -75.599391108476198, 6.28359474127086 ], [ -75.599133113482495, 6.28344058902899 ], [ -75.598839761700503, 6.28323685250334 ], [ -75.598608699375703, 6.283002733955473 ], [ -75.598362496347903, 6.282752097217193 ], [ -75.598118994168701, 6.282391364687308 ], [ -75.597910654849201, 6.282013968719919 ], [ -75.597660504265605, 6.281441846708121 ], [ -75.597519451529905, 6.281023336970178 ], [ -75.597391729554616, 6.280691496394319 ], [ -75.597286370946705, 6.280439476127878 ], [ -75.597216421932202, 6.28025554891129 ], [ -75.597104765745001, 6.279912944001742 ], [ -75.597064008131795, 6.27973477800028 ], [ -75.596945898080506, 6.279248005872899 ], [ -75.597114834975301, 6.278873410841681 ], [ -75.597385360365095, 6.278491703465959 ], [ -75.597595862527101, 6.27822707739938 ], [ -75.598030843062205, 6.277660762235783 ], [ -75.598229267010197, 6.277394223488984 ], [ -75.598342449479304, 6.277221456916 ], [ -75.599586009510602, 6.278297294829259 ], [ -75.599478075132197, 6.278545061410301 ], [ -75.599445491493896, 6.278757537447112 ], [ -75.599492351050898, 6.27895809352518 ], [ -75.599603862302601, 6.27925003774486 ], [ -75.599726306354398, 6.27949616361244 ], [ -75.599852592153596, 6.27967895119731 ], [ -75.600018801026394, 6.279752509624368 ], [ -75.600196930470503, 6.279773425414951 ], [ -75.600481267178196, 6.279644976309589 ], [ -75.600673694221797, 6.279392091871061 ], [ -75.600808671355594, 6.279103327774909 ], [ -75.600921753974802, 6.278896463548322 ], [ -75.601081260299907, 6.278740123656421 ], [ -75.601221535113694, 6.278543895244968 ], [ -75.601317477681306, 6.278324416869059 ], [ -75.601430458047503, 6.27808247810801 ], [ -75.601559715509694, 6.277902845329569 ], [ -75.601719455961401, 6.277827365796582 ] ] ] } },
{ "type": "Feature", "properties": { "OBJECTID": 44, "BARRIO": "PALENQUE", "area_total_ha": 43.075604331177409, "Alta": 0.0, "Media": 0.0, "Baja": 0.0, "high_share": 0.0, "medhigh_share": 0.0, "screening_score": 0.0, "screening_rank": 87, "barrio_code": "0716", "comuna_code": "07", "comuna_name": "Robledo", "population_2026": 7995.0, "imcv_ampi_2023": 99.75, "population_match": "exact", "population_density_km2_2026": 18560.389631523642, "hazard_weighted_population_proxy_2026": 0.0, "exposure_component": 0.0, "vulnerability_component": 0.54249547920433983, "priority_exposure": 0.0, "priority_balanced": 0.13562386980108496, "priority_equity": 0.24412296564195293, "rank_exposure": 85.0, "rank_balanced": 125.0, "rank_equity": 124.0, "rank_hazard_only": 87 }, "geometry": { "type": "Polygon", "coordinates": [ [ [ -75.593440253767398, 6.273813173203759 ], [ -75.593413553105094, 6.273973024389962 ], [ -75.593443392533004, 6.274203830877211 ], [ -75.593490182835694, 6.274381005131708 ], [ -75.593607690185195, 6.274661244810193 ], [ -75.593746193151105, 6.274895634280841 ], [ -75.593907801218904, 6.275118266482801 ], [ -75.594126688327705, 6.27531832560594 ], [ -75.594327630166006, 6.275574940970872 ], [ -75.594616110482505, 6.27583617491698 ], [ -75.5949549123807, 6.27610408236642 ], [ -75.595288751907702, 6.276395386117519 ], [ -75.595670384978717, 6.2768628863033 ], [ -75.595987201426297, 6.277181517883109 ], [ -75.596293104643095, 6.277552788535492 ], [ -75.596431823319094, 6.27786121695107 ], [ -75.596583974808198, 6.278291385751514 ], [ -75.596811907151604, 6.278835320556291 ], [ -75.596945898080506, 6.279248005872899 ], [ -75.597064008131795, 6.27973477800028 ], [ -75.597104765745001, 6.279912944001742 ], [ -75.597216421932202, 6.28025554891129 ], [ -75.597286370946705, 6.280439476127878 ], [ -75.597391729554616, 6.280691496394319 ], [ -75.597519451529905, 6.281023336970178 ], [ -75.597660504265605, 6.281441846708121 ], [ -75.597910654849201, 6.282013968719919 ], [ -75.598118994168701, 6.282391364687308 ], [ -75.598362496347903, 6.282752097217193 ], [ -75.598608699375703, 6.283002733955473 ], [ -75.598839761700503, 6.28323685250334 ], [ -75.599133113482495, 6.28344058902899 ], [ -75.599391108476198, 6.28359474127086 ], [ -75.599684360744106, 6.28376437998714 ], [ -75.600045968742904, 6.283915308582793 ], [ -75.600322190246203, 6.28410935093693 ], [ -75.600837941374195, 6.284334847567279 ], [ -75.601142362508199, 6.284539524470872 ], [ -75.601366117661797, 6.284681111050888 ], [ -75.601522633635994, 6.284880371817793 ], [ -75.6016076335777, 6.285049640925618 ], [ -75.601513291534005, 6.285127853208058 ], [ -75.601330279765904, 6.285158586054671 ], [ -75.601130015365001, 6.28513773552105 ], [ -75.6009564929834, 6.28497164812307 ], [ -75.600766760544204, 6.284766638054193 ], [ -75.600622428940397, 6.284606309601509 ], [ -75.600415794529397, 6.28447051745015 ], [ -75.600215445560295, 6.2844204401706 ], [ -75.599963938438506, 6.284422146511662 ], [ -75.599890865440898, 6.28454900727789 ], [ -75.599754329000802, 6.28464780153804 ], [ -75.599571280300296, 6.28466586974114 ], [ -75.599114411287104, 6.284623356092768 ], [ -75.598655497625998, 6.28457013173806 ], [ -75.598341417039094, 6.284503822646571 ], [ -75.598054562510001, 6.28445886586382 ], [ -75.597728478402701, 6.284415971754939 ], [ -75.597465720325303, 6.284354383783749 ], [ -75.597173018877498, 6.28437471758964 ], [ -75.596911549414202, 6.284410548169831 ], [ -75.596631185262297, 6.28452242345412 ], [ -75.596484621847793, 6.284632936673948 ], [ -75.596472346488994, 6.284562826470519 ], [ -75.596377489701794, 6.284115930496 ], [ -75.596332751741002, 6.283605564689449 ], [ -75.596262454174294, 6.283301807328761 ], [ -75.596230285904312, 6.282962869365768 ], [ -75.596178247121799, 6.282710694269897 ], [ -75.596066689925493, 6.282402186527669 ], [ -75.595933011018701, 6.282097639916029 ], [ -75.595810650815395, 6.28188074178868 ], [ -75.595661162328994, 6.281675610981069 ], [ -75.595454147497705, 6.281407323445231 ], [ -75.595204596369996, 6.281041735614074 ], [ -75.594945102764598, 6.280716118846998 ], [ -75.594696688904193, 6.280395343279598 ], [ -75.594494540570807, 6.28007053445721 ], [ -75.594366221499698, 6.27987995551606 ], [ -75.594297519611203, 6.279778835144298 ], [ -75.594147998952707, 6.27956201391575 ], [ -75.594066015107998, 6.279390786214752 ], [ -75.593881147627599, 6.279127304717123 ], [ -75.593718630468402, 6.278938772813688 ], [ -75.593558142741102, 6.278756081901917 ], [ -75.5933637336327, 6.278671886026291 ], [ -75.593156375292295, 6.278632541113197 ], [ -75.592962199518396, 6.27862920595627 ], [ -75.592699627662398, 6.278630939928702 ], [ -75.592482311087593, 6.278626695906132 ], [ -75.592252988885406, 6.27864586803301 ], [ -75.592075664983994, 6.278555776407018 ], [ -75.591982528772604, 6.27835438013524 ], [ -75.591896585596302, 6.278205571573118 ], [ -75.591678083186906, 6.27813897996464 ], [ -75.591381125473603, 6.278078459983887 ], [ -75.591083393914303, 6.27809782942946 ], [ -75.590808597510105, 6.27804698860935 ], [ -75.590533842369894, 6.278009786284961 ], [ -75.590275918489212, 6.277879009183319 ], [ -75.590027978078396, 6.27772092460932 ], [ -75.589856572588801, 6.277589897767408 ], [ -75.589648670154006, 6.277361551556341 ], [ -75.589840951071906, 6.277056062822063 ], [ -75.5899590677612, 6.276849184401458 ], [ -75.590123175232094, 6.276542802737011 ], [ -75.590292333399802, 6.276243225468539 ], [ -75.590376009536499, 6.275954611167968 ], [ -75.590660036624797, 6.275718027039572 ], [ -75.590966304759206, 6.275519374355943 ], [ -75.591223548109994, 6.27541438957479 ], [ -75.591599215845605, 6.275209690994341 ], [ -75.592013923979906, 6.27493765785628 ], [ -75.592310033220599, 6.27470493627276 ], [ -75.592836847679905, 6.274235783901879 ], [ -75.593440253767398, 6.273813173203759 ] ] ] } },
{ "type": "Feature", "properties": { "OBJECTID": 45, "BARRIO": "ROBLEDO", "area_total_ha": 45.226056540129022, "Alta": 0.0, "Media": 0.0, "Baja": 0.0, "high_share": 0.0, "medhigh_share": 0.0, "screening_score": 0.0, "screening_rank": 87, "barrio_code": "0717", "comuna_code": "07", "comuna_name": "Robledo", "population_2026": 5380.0, "imcv_ampi_2023": 99.75, "population_match": "exact", "population_density_km2_2026": 11895.797271704052, "hazard_weighted_population_proxy_2026": 0.0, "exposure_component": 0.0, "vulnerability_component": 0.54249547920433983, "priority_exposure": 0.0, "priority_balanced": 0.13562386980108496, "priority_equity": 0.24412296564195293, "rank_exposure": 85.0, "rank_balanced": 125.0, "rank_equity": 124.0, "rank_hazard_only": 87 }, "geometry": { "type": "Polygon", "coordinates": [ [ [ -75.594389697025207, 6.271634971134082 ], [ -75.594677269220298, 6.271931280290961 ], [ -75.594845869035098, 6.272136355063239 ], [ -75.595109080989801, 6.272357719469608 ], [ -75.595328939752605, 6.27254608483324 ], [ -75.595591856909806, 6.272665155557198 ], [ -75.595889717958499, 6.272691571784851 ], [ -75.596569711359194, 6.27266330010206 ], [ -75.597401682656397, 6.273006742055671 ], [ -75.598004506415293, 6.273427813027451 ], [ -75.598773336158203, 6.273852297781489 ], [ -75.599273197297293, 6.27415285823207 ], [ -75.59994516875841, 6.274481173927979 ], [ -75.600299616278704, 6.274593156244102 ], [ -75.600688119271993, 6.274653403712439 ], [ -75.601020318092495, 6.274725506399881 ], [ -75.601376743238106, 6.274825791119198 ], [ -75.6018067101935, 6.274960934115882 ], [ -75.6023212961627, 6.2751348000889 ], [ -75.602637433189997, 6.275218638438911 ], [ -75.603017975700595, 6.27530910931882 ], [ -75.602840674239005, 6.275572666773227 ], [ -75.602510214975595, 6.275753859956321 ], [ -75.602321453663507, 6.275882032629599 ], [ -75.601990794004095, 6.275994055604947 ], [ -75.601644366659201, 6.276219133530389 ], [ -75.601657023288197, 6.276420761531519 ], [ -75.601750076008202, 6.276591955687891 ], [ -75.601951729971603, 6.276746273151291 ], [ -75.602198285826503, 6.276772834110733 ], [ -75.602540426988796, 6.27680398940361 ], [ -75.602912936766302, 6.276899353786679 ], [ -75.603068362319405, 6.27707036640948 ], [ -75.602989407391405, 6.27724985382247 ], [ -75.602784378967797, 6.277319620146898 ], [ -75.602567230054504, 6.27737285891762 ], [ -75.602401337465693, 6.277408414012969 ], [ -75.602174212738802, 6.27749090904886 ], [ -75.601907013652195, 6.27763100073812 ], [ -75.601719455961401, 6.277827365796582 ], [ -75.601559715509694, 6.277902845329569 ], [ -75.601430458047503, 6.27808247810801 ], [ -75.601317477681306, 6.278324416869059 ], [ -75.601221535113694, 6.278543895244968 ], [ -75.601081260299907, 6.278740123656421 ], [ -75.600921753974802, 6.278896463548322 ], [ -75.600808671355594, 6.279103327774909 ], [ -75.600673694221797, 6.279392091871061 ], [ -75.600481267178196, 6.279644976309589 ], [ -75.600196930470503, 6.279773425414951 ], [ -75.600018801026394, 6.279752509624368 ], [ -75.599852592153596, 6.27967895119731 ], [ -75.599726306354398, 6.27949616361244 ], [ -75.599603862302601, 6.27925003774486 ], [ -75.599492351050898, 6.27895809352518 ], [ -75.599445491493896, 6.278757537447112 ], [ -75.599478075132197, 6.278545061410301 ], [ -75.599586009510602, 6.278297294829259 ], [ -75.598342449479304, 6.277221456916 ], [ -75.598229267010197, 6.277394223488984 ], [ -75.598030843062205, 6.277660762235783 ], [ -75.597595862527101, 6.27822707739938 ], [ -75.597385360365095, 6.278491703465959 ], [ -75.597114834975301, 6.278873410841681 ], [ -75.596945898080506, 6.279248005872899 ], [ -75.596811907151604, 6.278835320556291 ], [ -75.596583974808198, 6.278291385751514 ], [ -75.596431823319094, 6.27786121695107 ], [ -75.596293104643095, 6.277552788535492 ], [ -75.595987201426297, 6.277181517883109 ], [ -75.595670384978717, 6.2768628863033 ], [ -75.595288751907702, 6.276395386117519 ], [ -75.5949549123807, 6.27610408236642 ], [ -75.594616110482505, 6.27583617491698 ], [ -75.594327630166006, 6.275574940970872 ], [ -75.594126688327705, 6.27531832560594 ], [ -75.593907801218904, 6.275118266482801 ], [ -75.593746193151105, 6.274895634280841 ], [ -75.593607690185195, 6.274661244810193 ], [ -75.593490182835694, 6.274381005131708 ], [ -75.593443392533004, 6.274203830877211 ], [ -75.593413553105094, 6.273973024389962 ], [ -75.593440253767398, 6.273813173203759 ], [ -75.593472752482896, 6.273570494717018 ], [ -75.5934978507007, 6.273203137016461 ], [ -75.59368371132021, 6.27276614487634 ], [ -75.594046557909806, 6.272303310733738 ], [ -75.594214787545695, 6.27203198776184 ], [ -75.594389697025207, 6.271634971134082 ] ] ] } },
{ "type": "Feature", "properties": { "OBJECTID": 46, "BARRIO": "UNIVERSIDAD NACIONAL FACULTAD DE MINAS", "area_total_ha": 28.321858044037629, "Alta": 0.0, "Media": 0.0, "Baja": 0.0, "high_share": 0.0, "medhigh_share": 0.0, "screening_score": 0.0, "screening_rank": 87, "barrio_code": "0705", "comuna_code": "07", "comuna_name": "Robledo", "population_2026": 866.0, "imcv_ampi_2023": 99.75, "population_match": "fuzzy_name_variant", "population_density_km2_2026": 3057.7089915974348, "hazard_weighted_population_proxy_2026": 0.0, "exposure_component": 0.0, "vulnerability_component": 0.54249547920433983, "priority_exposure": 0.0, "priority_balanced": 0.13562386980108496, "priority_equity": 0.24412296564195293, "rank_exposure": 85.0, "rank_balanced": 125.0, "rank_equity": 124.0, "rank_hazard_only": 87 }, "geometry": { "type": "Polygon", "coordinates": [ [ [ -75.5934978507007, 6.273203137016461 ], [ -75.593472752482896, 6.273570494717018 ], [ -75.593440253767398, 6.273813173203759 ], [ -75.592836847679905, 6.274235783901879 ], [ -75.592310033220599, 6.27470493627276 ], [ -75.592013923979906, 6.27493765785628 ], [ -75.591599215845605, 6.275209690994341 ], [ -75.591223548109994, 6.27541438957479 ], [ -75.590966304759206, 6.275519374355943 ], [ -75.590660036624797, 6.275718027039572 ], [ -75.590376009536499, 6.275954611167968 ], [ -75.5897133955432, 6.276081222692417 ], [ -75.589245911391302, 6.276193632133278 ], [ -75.588736831838503, 6.27618535767628 ], [ -75.587600133094, 6.276228574418179 ], [ -75.586890872073695, 6.27622769272306 ], [ -75.586541505387302, 6.2761332236032 ], [ -75.586341190316105, 6.276093855908191 ], [ -75.586065328252403, 6.276021581560157 ], [ -75.585853818970193, 6.275937431242619 ], [ -75.585715795371897, 6.27586963132239 ], [ -75.585555492348604, 6.275750260740633 ], [ -75.585671612264505, 6.275197535777862 ], [ -75.585792963548499, 6.274714940564371 ], [ -75.585802199247794, 6.274427515708838 ], [ -75.585817586148195, 6.27418001527656 ], [ -75.585759681795295, 6.273985335185252 ], [ -75.5856605662226, 6.27380246432343 ], [ -75.585526914824598, 6.273504731848181 ], [ -75.585382396117296, 6.27327620227546 ], [ -75.585261197425396, 6.273110929697511 ], [ -75.585198480219802, 6.272991280032238 ], [ -75.585339220462203, 6.272954828604169 ], [ -75.585653739620696, 6.27282629998337 ], [ -75.586000618000796, 6.272755158631248 ], [ -75.586211762842694, 6.272712658980119 ], [ -75.586416908583601, 6.272682842367389 ], [ -75.586669416578303, 6.272681142601288 ], [ -75.586977223823197, 6.272667591807749 ], [ -75.587206773636197, 6.272728307898399 ], [ -75.587539072756996, 6.27283549268019 ], [ -75.587813928163499, 6.272907770021891 ], [ -75.588048526096898, 6.272975290094201 ], [ -75.588237751535004, 6.273006895762587 ], [ -75.5884951463633, 6.272954520030481 ], [ -75.588774651997198, 6.272895261501718 ], [ -75.589122632705696, 6.27285821269685 ], [ -75.5893216538731, 6.272798211984539 ], [ -75.589556862851197, 6.27272738941576 ], [ -75.589892406020098, 6.272563725416202 ], [ -75.590109507265893, 6.272493928882831 ], [ -75.590507538522203, 6.27237002943978 ], [ -75.590957619459701, 6.272154399727389 ], [ -75.591559988917993, 6.272419602496929 ], [ -75.592362706274599, 6.27273586054492 ], [ -75.592792750036196, 6.272898289934079 ], [ -75.5934978507007, 6.273203137016461 ] ] ] } },
{ "type": "Feature", "properties": { "OBJECTID": 47, "BARRIO": "LICEO U. DE A.", "area_total_ha": 11.638433080593808, "Alta": 0.0, "Media": 0.0, "Baja": 0.0, "high_share": 0.0, "medhigh_share": 0.0, "screening_score": 0.0, "screening_rank": 87, "barrio_code": null, "comuna_code": null, "comuna_name": null, "population_2026": null, "imcv_ampi_2023": null, "population_match": "unmatched_or_nonresidential", "population_density_km2_2026": null, "hazard_weighted_population_proxy_2026": null, "exposure_component": null, "vulnerability_component": null, "priority_exposure": null, "priority_balanced": null, "priority_equity": null, "rank_exposure": null, "rank_balanced": null, "rank_equity": null, "rank_hazard_only": 87 }, "geometry": { "type": "Polygon", "coordinates": [ [ [ -75.590957619459701, 6.272154399727389 ], [ -75.590507538522203, 6.27237002943978 ], [ -75.590109507265893, 6.272493928882831 ], [ -75.589892406020098, 6.272563725416202 ], [ -75.589556862851197, 6.27272738941576 ], [ -75.5893216538731, 6.272798211984539 ], [ -75.589122632705696, 6.27285821269685 ], [ -75.588774651997198, 6.272895261501718 ], [ -75.5884951463633, 6.272954520030481 ], [ -75.588237751535004, 6.273006895762587 ], [ -75.588048526096898, 6.272975290094201 ], [ -75.587813928163499, 6.272907770021891 ], [ -75.587539072756996, 6.27283549268019 ], [ -75.587206773636197, 6.272728307898399 ], [ -75.586977223823197, 6.272667591807749 ], [ -75.586669416578303, 6.272681142601288 ], [ -75.586416908583601, 6.272682842367389 ], [ -75.586211762842694, 6.272712658980119 ], [ -75.586000618000796, 6.272755158631248 ], [ -75.585653739620696, 6.27282629998337 ], [ -75.585339220462203, 6.272954828604169 ], [ -75.585198480219802, 6.272991280032238 ], [ -75.584952487458295, 6.272459079598322 ], [ -75.584778365651502, 6.27208060158503 ], [ -75.584621314345796, 6.271691358346281 ], [ -75.584956778337698, 6.271499446001741 ], [ -75.585201763005102, 6.27133019803342 ], [ -75.585405771920705, 6.271254596970269 ], [ -75.585765659132207, 6.27116003599181 ], [ -75.5860160222567, 6.27111157948849 ], [ -75.586257463618907, 6.27110991138129 ], [ -75.586548170901807, 6.27109738591665 ], [ -75.586891134689694, 6.271065223217253 ], [ -75.587369350486796, 6.270837827394869 ], [ -75.587561810754607, 6.270594688637448 ], [ -75.587673509976696, 6.270255333025719 ], [ -75.587769424945606, 6.27002416401622 ], [ -75.587896793410195, 6.270236180612971 ], [ -75.588041132984401, 6.270402360663799 ], [ -75.588271095272404, 6.27060726210142 ], [ -75.588586635677217, 6.270834325011361 ], [ -75.588868928360199, 6.27104492063567 ], [ -75.589167268234803, 6.271237933753921 ], [ -75.589495933880897, 6.271481520670338 ], [ -75.589925039782401, 6.27166831181975 ], [ -75.590356239734405, 6.271883348984721 ], [ -75.590957619459701, 6.272154399727389 ] ] ] } },
{ "type": "Feature", "properties": { "OBJECTID": 48, "BARRIO": "CERRO EL VOLADOR", "area_total_ha": 106.11696379613967, "Alta": 0.0, "Media": 0.0, "Baja": 0.0, "high_share": 0.0, "medhigh_share": 0.0, "screening_score": 0.0, "screening_rank": 87, "barrio_code": "0702", "comuna_code": "07", "comuna_name": "Robledo", "population_2026": 871.0, "imcv_ampi_2023": 99.75, "population_match": "fuzzy_name_variant", "population_density_km2_2026": 820.79242454888754, "hazard_weighted_population_proxy_2026": 0.0, "exposure_component": 0.0, "vulnerability_component": 0.54249547920433983, "priority_exposure": 0.0, "priority_balanced": 0.13562386980108496, "priority_equity": 0.24412296564195293, "rank_exposure": 85.0, "rank_balanced": 125.0, "rank_equity": 124.0, "rank_hazard_only": 87 }, "geometry": { "type": "Polygon", "coordinates": [ [ [ -75.580153305995196, 6.273374984053712 ], [ -75.580206959883995, 6.273140038011279 ], [ -75.580241750338303, 6.272992828460982 ], [ -75.580181642150507, 6.2727299564969 ], [ -75.580037059221311, 6.27247804335833 ], [ -75.5798119636747, 6.272215642658818 ], [ -75.579448762893605, 6.271856215370369 ], [ -75.578942499476994, 6.271424126946789 ], [ -75.578493708191601, 6.271036689397119 ], [ -75.577350482499895, 6.27020113777311 ], [ -75.576849102698603, 6.269716424106901 ], [ -75.576699541784507, 6.26948205830126 ], [ -75.576701301695294, 6.269040723595361 ], [ -75.576709080859601, 6.268946200376019 ], [ -75.576721656653604, 6.268769827600911 ], [ -75.577069487953395, 6.267974830449639 ], [ -75.577087795963905, 6.267692247555772 ], [ -75.577319974599803, 6.266911219916492 ], [ -75.577435193659696, 6.266392595874769 ], [ -75.577563825574799, 6.265990842826913 ], [ -75.577624518063104, 6.265753929282298 ], [ -75.577781412823114, 6.265385218958901 ], [ -75.5779455132392, 6.265073968423288 ], [ -75.578171755528999, 6.26468167848158 ], [ -75.578392157551903, 6.264358576057958 ], [ -75.578696718654498, 6.263913453215667 ], [ -75.5789683770995, 6.263572667935957 ], [ -75.579228953305801, 6.263226069682942 ], [ -75.579387097368397, 6.262943089428211 ], [ -75.579617036960897, 6.262436801969536 ], [ -75.579728852624299, 6.26213641739901 ], [ -75.579800137840394, 6.26173385307794 ], [ -75.579843176414002, 6.261304091920682 ], [ -75.5798401300585, 6.260941684705961 ], [ -75.579883343829906, 6.260573298150311 ], [ -75.579931590285796, 6.260205873209371 ], [ -75.579981089391197, 6.259925150849049 ], [ -75.580024661334306, 6.259682441769668 ], [ -75.580108184141594, 6.259338297066781 ], [ -75.5802306611359, 6.25889564366538 ], [ -75.580928183551194, 6.259021275430388 ], [ -75.581255473604799, 6.259139196359758 ], [ -75.581755151041406, 6.25938327570914 ], [ -75.582259902544905, 6.259642927515131 ], [ -75.5828807417993, 6.260040588010179 ], [ -75.583702018072501, 6.260522431515912 ], [ -75.584178027259597, 6.260932196333018 ], [ -75.584581359727196, 6.26125643563818 ], [ -75.584740663236204, 6.261379705443089 ], [ -75.584967657993502, 6.261604104426912 ], [ -75.585111179736003, 6.261837508949473 ], [ -75.585342639822997, 6.26221582214479 ], [ -75.585534945191895, 6.262621528295763 ], [ -75.585881118865913, 6.263009254422312 ], [ -75.586156397056399, 6.263231564478652 ], [ -75.586270448051096, 6.26336080930959 ], [ -75.585334808004802, 6.264047407988949 ], [ -75.584828628687617, 6.264345027354986 ], [ -75.584411943554002, 6.264628749759829 ], [ -75.584322839341596, 6.264779037530272 ], [ -75.584370991144397, 6.265082862680753 ], [ -75.584473997824901, 6.265219933838991 ], [ -75.584722408358502, 6.26554461556996 ], [ -75.5849010137227, 6.265733105632279 ], [ -75.585023465348797, 6.265985081256421 ], [ -75.585065286158596, 6.266185654517702 ], [ -75.585060981403402, 6.26643896782923 ], [ -75.584936646704605, 6.266582536868849 ], [ -75.584737989307797, 6.266769185767661 ], [ -75.584522237778401, 6.266958806601688 ], [ -75.584409055147404, 6.267132544873109 ], [ -75.584472961425902, 6.26731649176013 ], [ -75.584594106680996, 6.267464228135097 ], [ -75.584801987960503, 6.267687706032712 ], [ -75.584877897457702, 6.267847262991811 ], [ -75.584902634521995, 6.26805372922331 ], [ -75.584108547169095, 6.268288850023067 ], [ -75.5841392559133, 6.268472891996879 ], [ -75.584187147319213, 6.26868513872435 ], [ -75.584159684225014, 6.26893169997048 ], [ -75.584007398034402, 6.269151339739441 ], [ -75.5839223328271, 6.269307460861287 ], [ -75.584049350900102, 6.26939770046151 ], [ -75.584276479008196, 6.269316187240111 ], [ -75.584504595246003, 6.269227851413353 ], [ -75.584773050627604, 6.269174473344961 ], [ -75.5849622628931, 6.269202181615351 ], [ -75.585282468029007, 6.269302583852991 ], [ -75.585535290635505, 6.269410972433239 ], [ -75.585737084640101, 6.269615955869109 ], [ -75.585762051006, 6.269902308692199 ], [ -75.585676982514698, 6.270057457162391 ], [ -75.585415801274806, 6.270191676955059 ], [ -75.585209487701903, 6.270164991864401 ], [ -75.585014175376202, 6.270114891892539 ], [ -75.584780781616701, 6.270116535791041 ], [ -75.584552663059895, 6.270203898192638 ], [ -75.584364900526495, 6.270331087643582 ], [ -75.584201617767121, 6.270575114247272 ], [ -75.584185123307407, 6.270787544835732 ], [ -75.584250147759704, 6.271010458196338 ], [ -75.584400751618304, 6.271256508493549 ], [ -75.584585856899295, 6.271605727280568 ], [ -75.584621314345796, 6.271691358346281 ], [ -75.584778365651502, 6.27208060158503 ], [ -75.584952487458295, 6.272459079598322 ], [ -75.585198480219802, 6.272991280032238 ], [ -75.584996418023593, 6.273043494926458 ], [ -75.584494781478497, 6.27317450768979 ], [ -75.584135930096494, 6.273279782086321 ], [ -75.583674598924802, 6.273433086019362 ], [ -75.582878973323503, 6.273485054867682 ], [ -75.582251365363405, 6.273540437382881 ], [ -75.581748047418301, 6.27343568830085 ], [ -75.581165629105698, 6.273462687207482 ], [ -75.580895953030804, 6.273442026214077 ], [ -75.580621198121094, 6.273404819204989 ], [ -75.580153305995196, 6.273374984053712 ] ] ] } },
{ "type": "Feature", "properties": { "OBJECTID": 49, "BARRIO": "UNIVERSIDAD NACIONAL", "area_total_ha": 48.221134990603019, "Alta": 0.0, "Media": 0.0, "Baja": 0.0, "high_share": 0.0, "medhigh_share": 0.0, "screening_score": 0.0, "screening_rank": 87, "barrio_code": null, "comuna_code": null, "comuna_name": null, "population_2026": null, "imcv_ampi_2023": null, "population_match": "unmatched_or_nonresidential", "population_density_km2_2026": null, "hazard_weighted_population_proxy_2026": null, "exposure_component": null, "vulnerability_component": null, "priority_exposure": null, "priority_balanced": null, "priority_equity": null, "rank_exposure": null, "rank_balanced": null, "rank_equity": null, "rank_hazard_only": 87 }, "geometry": { "type": "Polygon", "coordinates": [ [ [ -75.574271721184004, 6.259838160680042 ], [ -75.575129929777503, 6.25951226971068 ], [ -75.575951914976201, 6.259184532300681 ], [ -75.576562145995595, 6.259037633041771 ], [ -75.5769099715029, 6.258947985111186 ], [ -75.577132147457107, 6.258894743369199 ], [ -75.577464075934103, 6.258875285866659 ], [ -75.577961099722998, 6.258894328235979 ], [ -75.578372595183396, 6.258907768405079 ], [ -75.578944098281596, 6.258939260920741 ], [ -75.579418856224393, 6.25891160063142 ], [ -75.579916757875196, 6.258885823228572 ], [ -75.5802306611359, 6.25889564366538 ], [ -75.580108184141594, 6.259338297066781 ], [ -75.580024661334306, 6.259682441769668 ], [ -75.579981089391197, 6.259925150849049 ], [ -75.579931590285796, 6.260205873209371 ], [ -75.579883343829906, 6.260573298150311 ], [ -75.5798401300585, 6.260941684705961 ], [ -75.579843176414002, 6.261304091920682 ], [ -75.579800137840394, 6.26173385307794 ], [ -75.579728852624299, 6.26213641739901 ], [ -75.579617036960897, 6.262436801969536 ], [ -75.579387097368397, 6.262943089428211 ], [ -75.579228953305801, 6.263226069682942 ], [ -75.5789683770995, 6.263572667935957 ], [ -75.578696718654498, 6.263913453215667 ], [ -75.578392157551903, 6.264358576057958 ], [ -75.578171755528999, 6.26468167848158 ], [ -75.5779455132392, 6.265073968423288 ], [ -75.577781412823114, 6.265385218958901 ], [ -75.577624518063104, 6.265753929282298 ], [ -75.577563825574799, 6.265990842826913 ], [ -75.577435193659696, 6.266392595874769 ], [ -75.577319974599803, 6.266911219916492 ], [ -75.577087795963905, 6.267692247555772 ], [ -75.577095487023811, 6.26756654926502 ], [ -75.576926172837204, 6.267108166134839 ], [ -75.576793587320495, 6.266828937261951 ], [ -75.576606444912798, 6.26646802856482 ], [ -75.576473954741402, 6.266221924660589 ], [ -75.576363956475205, 6.266102406698262 ], [ -75.575955512750994, 6.265749922170529 ], [ -75.575615539017704, 6.26541867748124 ], [ -75.575472082699406, 6.265207675589021 ], [ -75.575372970763695, 6.265023825980791 ], [ -75.575017577188603, 6.264930338624779 ], [ -75.574910372888695, 6.265084574373599 ], [ -75.574809374627904, 6.265299193355459 ], [ -75.574609700824297, 6.265483894551409 ], [ -75.574409570674717, 6.265507846051442 ], [ -75.574140856346105, 6.26547061673819 ], [ -75.573878044597294, 6.26538660526131 ], [ -75.572994896294801, 6.265082234355689 ], [ -75.572388234925398, 6.265072268633649 ], [ -75.572711639248993, 6.263821398943279 ], [ -75.572941286728195, 6.263209896356982 ], [ -75.573271844239201, 6.26235259722448 ], [ -75.573662537295107, 6.261062565850341 ], [ -75.573961520368002, 6.260423588196228 ], [ -75.574271721184004, 6.259838160680042 ] ] ] } },
{ "type": "Feature", "properties": { "OBJECTID": 50, "BARRIO": "CARLOS E. RESTREPO", "area_total_ha": 44.424705036701084, "Alta": 0.0, "Media": 0.0, "Baja": 0.0, "high_share": 0.0, "medhigh_share": 0.0, "screening_score": 0.0, "screening_rank": 87, "barrio_code": "1101", "comuna_code": "11", "comuna_name": "Laureles Estadio", "population_2026": 3119.0, "imcv_ampi_2023": 117.75, "population_match": "exact", "population_density_km2_2026": 7020.8682250636557, "hazard_weighted_population_proxy_2026": 0.0, "exposure_component": 0.0, "vulnerability_component": 0.0, "priority_exposure": 0.0, "priority_balanced": 0.0, "priority_equity": 0.0, "rank_exposure": 85.0, "rank_balanced": 234.0, "rank_equity": 234.0, "rank_hazard_only": 87 }, "geometry": { "type": "Polygon", "coordinates": [ [ [ -75.577452266097396, 6.2540197114217 ], [ -75.579953221932797, 6.255444710006001 ], [ -75.583858365268597, 6.257150152231928 ], [ -75.586061802435495, 6.258305128742041 ], [ -75.586211905765097, 6.25837776559258 ], [ -75.586104791685301, 6.258562202978542 ], [ -75.585292340916197, 6.26010869564281 ], [ -75.584740663236204, 6.261379705443089 ], [ -75.584581359727196, 6.26125643563818 ], [ -75.584178027259597, 6.260932196333018 ], [ -75.583702018072501, 6.260522431515912 ], [ -75.5828807417993, 6.260040588010179 ], [ -75.582259902544905, 6.259642927515131 ], [ -75.581755151041406, 6.25938327570914 ], [ -75.581255473604799, 6.259139196359758 ], [ -75.580928183551194, 6.259021275430388 ], [ -75.5802306611359, 6.25889564366538 ], [ -75.579916757875196, 6.258885823228572 ], [ -75.579418856224393, 6.25891160063142 ], [ -75.578944098281596, 6.258939260920741 ], [ -75.578372595183396, 6.258907768405079 ], [ -75.577961099722998, 6.258894328235979 ], [ -75.577464075934103, 6.258875285866659 ], [ -75.577132147457107, 6.258894743369199 ], [ -75.5769099715029, 6.258947985111186 ], [ -75.576562145995595, 6.259037633041771 ], [ -75.575951914976201, 6.259184532300681 ], [ -75.575129929777503, 6.25951226971068 ], [ -75.574271721184004, 6.259838160680042 ], [ -75.5747323649978, 6.259091555741931 ], [ -75.575928348538696, 6.25691169838966 ], [ -75.5773081765971, 6.254291936126449 ], [ -75.577452266097396, 6.2540197114217 ] ] ] } },
{ "type": "Feature", "properties": { "OBJECTID": 51, "BARRIO": "CUARTA BRIGADA", "area_total_ha": 37.106066347035984, "Alta": 0.0, "Media": 0.0, "Baja": 0.0, "high_share": 0.0, "medhigh_share": 0.0, "screening_score": 0.0, "screening_rank": 87, "barrio_code": "1115", "comuna_code": "11", "comuna_name": "Laureles Estadio", "population_2026": 5130.0, "imcv_ampi_2023": 117.75, "population_match": "exact", "population_density_km2_2026": 13825.232650697781, "hazard_weighted_population_proxy_2026": 0.0, "exposure_component": 0.0, "vulnerability_component": 0.0, "priority_exposure": 0.0, "priority_balanced": 0.0, "priority_equity": 0.0, "rank_exposure": 85.0, "rank_balanced": 234.0, "rank_equity": 234.0, "rank_hazard_only": 87 }, "geometry": { "type": "Polygon", "coordinates": [ [ [ -75.593234270446999, 6.261682633562863 ], [ -75.593378339911595, 6.26175528564051 ], [ -75.593134244179396, 6.262231414178127 ], [ -75.593748954075295, 6.262594004017489 ], [ -75.593446323352396, 6.26335477761611 ], [ -75.592448758774296, 6.26524084466149 ], [ -75.590828146437403, 6.26421867246963 ], [ -75.588783027332298, 6.262855759000779 ], [ -75.587875921070406, 6.262265057616828 ], [ -75.587660407721401, 6.26253651351624 ], [ -75.587259492779793, 6.26305595784371 ], [ -75.586655361653897, 6.263926709711909 ], [ -75.586601770242495, 6.263831388764081 ], [ -75.586283565083505, 6.263374411538988 ], [ -75.586270448051096, 6.26336080930959 ], [ -75.586156397056399, 6.263231564478652 ], [ -75.585881118865913, 6.263009254422312 ], [ -75.585534945191895, 6.262621528295763 ], [ -75.585342639822997, 6.26221582214479 ], [ -75.585111179736003, 6.261837508949473 ], [ -75.584967657993502, 6.261604104426912 ], [ -75.584740663236204, 6.261379705443089 ], [ -75.585292340916197, 6.26010869564281 ], [ -75.586104791685301, 6.258562202978542 ], [ -75.586211905765097, 6.25837776559258 ], [ -75.5880927478171, 6.25929496819779 ], [ -75.590083957871201, 6.260108576141249 ], [ -75.592303356530095, 6.261208916633537 ], [ -75.593234270446999, 6.261682633562863 ] ] ] } },
{ "type": "Feature", "properties": { "OBJECTID": 52, "BARRIO": "SAN GERMAN", "area_total_ha": 57.831315477070213, "Alta": 0.0, "Media": 0.0, "Baja": 0.0, "high_share": 0.0, "medhigh_share": 0.0, "screening_score": 0.0, "screening_rank": 87, "barrio_code": "0703", "comuna_code": "07", "comuna_name": "Robledo", "population_2026": 9243.0, "imcv_ampi_2023": 99.75, "population_match": "exact", "population_density_km2_2026": 15982.690215070064, "hazard_weighted_population_proxy_2026": 0.0, "exposure_component": 0.0, "vulnerability_component": 0.54249547920433983, "priority_exposure": 0.0, "priority_balanced": 0.13562386980108496, "priority_equity": 0.24412296564195293, "rank_exposure": 85.0, "rank_balanced": 125.0, "rank_equity": 124.0, "rank_hazard_only": 87 }, "geometry": { "type": "Polygon", "coordinates": [ [ [ -75.586270448051096, 6.26336080930959 ], [ -75.586283565083505, 6.263374411538988 ], [ -75.586601770242495, 6.263831388764081 ], [ -75.586655361653897, 6.263926709711909 ], [ -75.586828297544102, 6.264242839374899 ], [ -75.587029445777603, 6.264574476502816 ], [ -75.587283812504296, 6.264870886448129 ], [ -75.587721866258306, 6.265373307929772 ], [ -75.588204958947898, 6.265794736055999 ], [ -75.588677858064599, 6.26616943055298 ], [ -75.589039855851595, 6.266460659309299 ], [ -75.589562151721495, 6.266870282368848 ], [ -75.590022716051905, 6.267153433124058 ], [ -75.590493392406998, 6.267454090397711 ], [ -75.590941774051302, 6.267698305631407 ], [ -75.591257248058696, 6.267902959133439 ], [ -75.591636247026798, 6.268158089831719 ], [ -75.592177032708406, 6.268699178940349 ], [ -75.593274495680205, 6.27005798854704 ], [ -75.594389697025207, 6.271634971134082 ], [ -75.594214787545695, 6.27203198776184 ], [ -75.594046557909806, 6.272303310733738 ], [ -75.59368371132021, 6.27276614487634 ], [ -75.5934978507007, 6.273203137016461 ], [ -75.592792750036196, 6.272898289934079 ], [ -75.592362706274599, 6.27273586054492 ], [ -75.591559988917993, 6.272419602496929 ], [ -75.590957619459701, 6.272154399727389 ], [ -75.590356239734405, 6.271883348984721 ], [ -75.589925039782401, 6.27166831181975 ], [ -75.589495933880897, 6.271481520670338 ], [ -75.589167268234803, 6.271237933753921 ], [ -75.588868928360199, 6.27104492063567 ], [ -75.588586635677217, 6.270834325011361 ], [ -75.588271095272404, 6.27060726210142 ], [ -75.588041132984401, 6.270402360663799 ], [ -75.587896793410195, 6.270236180612971 ], [ -75.587769424945606, 6.27002416401622 ], [ -75.587673509976696, 6.270255333025719 ], [ -75.587561810754607, 6.270594688637448 ], [ -75.587369350486796, 6.270837827394869 ], [ -75.586891134689694, 6.271065223217253 ], [ -75.586548170901807, 6.27109738591665 ], [ -75.586257463618907, 6.27110991138129 ], [ -75.5860160222567, 6.27111157948849 ], [ -75.585765659132207, 6.27116003599181 ], [ -75.585405771920705, 6.271254596970269 ], [ -75.585201763005102, 6.27133019803342 ], [ -75.584956778337698, 6.271499446001741 ], [ -75.584621314345796, 6.271691358346281 ], [ -75.584585856899295, 6.271605727280568 ], [ -75.584400751618304, 6.271256508493549 ], [ -75.584250147759704, 6.271010458196338 ], [ -75.584185123307407, 6.270787544835732 ], [ -75.584201617767121, 6.270575114247272 ], [ -75.584364900526495, 6.270331087643582 ], [ -75.584552663059895, 6.270203898192638 ], [ -75.584780781616701, 6.270116535791041 ], [ -75.585014175376202, 6.270114891892539 ], [ -75.585209487701903, 6.270164991864401 ], [ -75.585415801274806, 6.270191676955059 ], [ -75.585676982514698, 6.270057457162391 ], [ -75.585762051006, 6.269902308692199 ], [ -75.585737084640101, 6.269615955869109 ], [ -75.585535290635505, 6.269410972433239 ], [ -75.585282468029007, 6.269302583852991 ], [ -75.5849622628931, 6.269202181615351 ], [ -75.584773050627604, 6.269174473344961 ], [ -75.584504595246003, 6.269227851413353 ], [ -75.584276479008196, 6.269316187240111 ], [ -75.584049350900102, 6.26939770046151 ], [ -75.5839223328271, 6.269307460861287 ], [ -75.584007398034402, 6.269151339739441 ], [ -75.584159684225014, 6.26893169997048 ], [ -75.584187147319213, 6.26868513872435 ], [ -75.5841392559133, 6.268472891996879 ], [ -75.584108547169095, 6.268288850023067 ], [ -75.584902634521995, 6.26805372922331 ], [ -75.584877897457702, 6.267847262991811 ], [ -75.584801987960503, 6.267687706032712 ], [ -75.584594106680996, 6.267464228135097 ], [ -75.584472961425902, 6.26731649176013 ], [ -75.584409055147404, 6.267132544873109 ], [ -75.584522237778401, 6.266958806601688 ], [ -75.584737989307797, 6.266769185767661 ], [ -75.584936646704605, 6.266582536868849 ], [ -75.585060981403402, 6.26643896782923 ], [ -75.585065286158596, 6.266185654517702 ], [ -75.585023465348797, 6.265985081256421 ], [ -75.5849010137227, 6.265733105632279 ], [ -75.584722408358502, 6.26554461556996 ], [ -75.584473997824901, 6.265219933838991 ], [ -75.584370991144397, 6.265082862680753 ], [ -75.584322839341596, 6.264779037530272 ], [ -75.584411943554002, 6.264628749759829 ], [ -75.584828628687617, 6.264345027354986 ], [ -75.585334808004802, 6.264047407988949 ], [ -75.586270448051096, 6.26336080930959 ] ] ] } },
{ "type": "Feature", "properties": { "OBJECTID": 53, "BARRIO": "LOS COLORES", "area_total_ha": 55.544452104367629, "Alta": 0.0, "Media": 0.0, "Baja": 0.0, "high_share": 0.0, "medhigh_share": 0.0, "screening_score": 0.0, "screening_rank": 87, "barrio_code": "1114", "comuna_code": "11", "comuna_name": "Laureles Estadio", "population_2026": 13806.0, "imcv_ampi_2023": 117.75, "population_match": "exact", "population_density_km2_2026": 24855.767726466409, "hazard_weighted_population_proxy_2026": 0.0, "exposure_component": 0.0, "vulnerability_component": 0.0, "priority_exposure": 0.0, "priority_balanced": 0.0, "priority_equity": 0.0, "rank_exposure": 85.0, "rank_balanced": 234.0, "rank_equity": 234.0, "rank_hazard_only": 87 }, "geometry": { "type": "Polygon", "coordinates": [ [ [ -75.594389697025207, 6.271634971134082 ], [ -75.593274495680205, 6.27005798854704 ], [ -75.592177032708406, 6.268699178940349 ], [ -75.591636247026798, 6.268158089831719 ], [ -75.591257248058696, 6.267902959133439 ], [ -75.590941774051302, 6.267698305631407 ], [ -75.590493392406998, 6.267454090397711 ], [ -75.590022716051905, 6.267153433124058 ], [ -75.589562151721495, 6.266870282368848 ], [ -75.589039855851595, 6.266460659309299 ], [ -75.588677858064599, 6.26616943055298 ], [ -75.588204958947898, 6.265794736055999 ], [ -75.587721866258306, 6.265373307929772 ], [ -75.587283812504296, 6.264870886448129 ], [ -75.587029445777603, 6.264574476502816 ], [ -75.586828297544102, 6.264242839374899 ], [ -75.586655361653897, 6.263926709711909 ], [ -75.587259492779793, 6.26305595784371 ], [ -75.587660407721401, 6.26253651351624 ], [ -75.587875921070406, 6.262265057616828 ], [ -75.588783027332298, 6.262855759000779 ], [ -75.590828146437403, 6.26421867246963 ], [ -75.592448758774296, 6.26524084466149 ], [ -75.593446323352396, 6.26335477761611 ], [ -75.593748954075295, 6.262594004017489 ], [ -75.593134244179396, 6.262231414178127 ], [ -75.593378339911595, 6.26175528564051 ], [ -75.5952997047483, 6.26276391646297 ], [ -75.596843980360305, 6.263478438136949 ], [ -75.596726897471399, 6.264041882460551 ], [ -75.596567352192196, 6.264881154878976 ], [ -75.596297876985901, 6.265974046808688 ], [ -75.596273010583602, 6.26607251663624 ], [ -75.596024942660407, 6.267262768869009 ], [ -75.595886766165208, 6.267837963515221 ], [ -75.595649217887797, 6.268839186088791 ], [ -75.595554957820497, 6.269293449910809 ], [ -75.595327353195998, 6.270254697938239 ], [ -75.595193478429593, 6.270577557100503 ], [ -75.594389697025207, 6.271634971134082 ] ] ] } },
{ "type": "Feature", "properties": { "OBJECTID": 54, "BARRIO": "FERRINI", "area_total_ha": 18.818910746485656, "Alta": 0.0, "Media": 0.0, "Baja": 0.0, "high_share": 0.0, "medhigh_share": 0.0, "screening_score": 0.0, "screening_rank": 87, "barrio_code": "1201", "comuna_code": "12", "comuna_name": "La América", "population_2026": 5141.0, "imcv_ampi_2023": 105.69, "population_match": "exact", "population_density_km2_2026": 27318.265489728503, "hazard_weighted_population_proxy_2026": 0.0, "exposure_component": 0.0, "vulnerability_component": 0.36347197106690776, "priority_exposure": 0.0, "priority_balanced": 0.09086799276672694, "priority_equity": 0.1635623869801085, "rank_exposure": 85.0, "rank_balanced": 200.0, "rank_equity": 199.0, "rank_hazard_only": 87 }, "geometry": { "type": "Polygon", "coordinates": [ [ [ -75.598735647006905, 6.26847660949837 ], [ -75.598602215973997, 6.268604620454198 ], [ -75.598563432251595, 6.268760608372422 ], [ -75.598571021049494, 6.268949587145201 ], [ -75.598572808185097, 6.269219443783923 ], [ -75.598598164050003, 6.269638287955762 ], [ -75.598475007269101, 6.269840312076658 ], [ -75.598347902810104, 6.269720849817461 ], [ -75.598152156139506, 6.2695207243471 ], [ -75.597992355759203, 6.26957477041137 ], [ -75.597998952207803, 6.269768623507829 ], [ -75.598054657182004, 6.27024583409572 ], [ -75.598068664994003, 6.270567288718851 ], [ -75.598047463317997, 6.27088884661907 ], [ -75.597940086857705, 6.270981708397712 ], [ -75.5977169708041, 6.271058344999568 ], [ -75.597455440717695, 6.271070792395491 ], [ -75.597226040649701, 6.2710617134961 ], [ -75.596997725245402, 6.27107991123517 ], [ -75.596867712429699, 6.2713462523693 ], [ -75.596927545714706, 6.271511697858938 ], [ -75.596772920379706, 6.271616389502628 ], [ -75.596425189744195, 6.271739173713409 ], [ -75.596055381724398, 6.271880531978453 ], [ -75.595672209690406, 6.271923532829772 ], [ -75.595519966605295, 6.271460239723081 ], [ -75.595193478429593, 6.270577557100503 ], [ -75.595327353195998, 6.270254697938239 ], [ -75.595554957820497, 6.269293449910809 ], [ -75.595649217887797, 6.268839186088791 ], [ -75.595886766165208, 6.267837963515221 ], [ -75.596024942660407, 6.267262768869009 ], [ -75.596273010583602, 6.26607251663624 ], [ -75.596297876985901, 6.265974046808688 ], [ -75.596896875054, 6.266119423831901 ], [ -75.597227680747395, 6.266059039575611 ], [ -75.597679073899101, 6.265952516644128 ], [ -75.598176017995598, 6.265943284988241 ], [ -75.598412316339207, 6.26590363067373 ], [ -75.599045406377996, 6.267401137478948 ], [ -75.599161070214805, 6.267738858894319 ], [ -75.599100469911605, 6.26800402547194 ], [ -75.598930970347595, 6.26818280075368 ], [ -75.598735647006905, 6.26847660949837 ] ] ] } },
{ "type": "Feature", "properties": { "OBJECTID": 55, "BARRIO": "EL PESEBRE", "area_total_ha": 30.100416297204944, "Alta": 0.0, "Media": 0.0, "Baja": 0.0, "high_share": 0.0, "medhigh_share": 0.0, "screening_score": 0.0, "screening_rank": 87, "barrio_code": "1301", "comuna_code": "13", "comuna_name": "San Javier", "population_2026": 8628.0, "imcv_ampi_2023": 93.89, "population_match": "exact", "population_density_km2_2026": 28664.055389829195, "hazard_weighted_population_proxy_2026": 0.0, "exposure_component": 0.0, "vulnerability_component": 0.71910789632308603, "priority_exposure": 0.0, "priority_balanced": 0.17977697408077151, "priority_equity": 0.32359855334538873, "rank_exposure": 85.0, "rank_balanced": 85.0, "rank_equity": 82.0, "rank_hazard_only": 87 }, "geometry": { "type": "Polygon", "coordinates": [ [ [ -75.601323977600899, 6.27050621795555 ], [ -75.601368341095295, 6.270887012079581 ], [ -75.601372239057, 6.271190959926949 ], [ -75.601229901320906, 6.271369657135673 ], [ -75.6009726503287, 6.271469774163719 ], [ -75.600764133223095, 6.271723678593329 ], [ -75.601263811972899, 6.271961889439669 ], [ -75.601715939462096, 6.27210768448178 ], [ -75.602053249412521, 6.272208025545541 ], [ -75.602409740755306, 6.27233169081596 ], [ -75.60270658053031, 6.272353235250399 ], [ -75.602968927883893, 6.27227550920357 ], [ -75.603316686132601, 6.272163436865559 ], [ -75.603488607103202, 6.272125914782962 ], [ -75.603422061124604, 6.27242130017296 ], [ -75.603399356176794, 6.272570422982762 ], [ -75.6033898607959, 6.272765295426253 ], [ -75.603357599225603, 6.273087858314079 ], [ -75.603342002510303, 6.273260342998261 ], [ -75.603287404481904, 6.273512825354721 ], [ -75.603231687701395, 6.273726343541471 ], [ -75.603192032781706, 6.273928123918952 ], [ -75.603205544021705, 6.274077141654051 ], [ -75.603258954005497, 6.27445498603501 ], [ -75.603329927881205, 6.274644754320509 ], [ -75.603352544078703, 6.274811281870931 ], [ -75.603423385919299, 6.275302085572458 ], [ -75.603358033204515, 6.27531591567213 ], [ -75.603038110601702, 6.27531392274645 ], [ -75.603017975700595, 6.27530910931882 ], [ -75.602637433189997, 6.275218638438911 ], [ -75.6023212961627, 6.2751348000889 ], [ -75.6018067101935, 6.274960934115882 ], [ -75.601376743238106, 6.274825791119198 ], [ -75.601020318092495, 6.274725506399881 ], [ -75.600688119271993, 6.274653403712439 ], [ -75.600299616278704, 6.274593156244102 ], [ -75.59994516875841, 6.274481173927979 ], [ -75.599273197297293, 6.27415285823207 ], [ -75.598773336158203, 6.273852297781489 ], [ -75.598004506415293, 6.273427813027451 ], [ -75.597401682656397, 6.273006742055671 ], [ -75.596569711359194, 6.27266330010206 ], [ -75.595889717958499, 6.272691571784851 ], [ -75.595591856909806, 6.272665155557198 ], [ -75.595328939752605, 6.27254608483324 ], [ -75.595109080989801, 6.272357719469608 ], [ -75.594845869035098, 6.272136355063239 ], [ -75.594677269220298, 6.271931280290961 ], [ -75.594389697025207, 6.271634971134082 ], [ -75.594650163099317, 6.271253293957201 ], [ -75.594881854884804, 6.27101101535357 ], [ -75.594977982932505, 6.270854860536137 ], [ -75.595057109308101, 6.270733827274332 ], [ -75.595193478429593, 6.270577557100503 ], [ -75.595519966605295, 6.271460239723081 ], [ -75.595672209690406, 6.271923532829772 ], [ -75.596055381724398, 6.271880531978453 ], [ -75.596425189744195, 6.271739173713409 ], [ -75.596772920379706, 6.271616389502628 ], [ -75.596927545714706, 6.271511697858938 ], [ -75.596867712429699, 6.2713462523693 ], [ -75.596997725245402, 6.27107991123517 ], [ -75.597226040649701, 6.2710617134961 ], [ -75.597455440717695, 6.271070792395491 ], [ -75.5977169708041, 6.271058344999568 ], [ -75.597940086857705, 6.270981708397712 ], [ -75.598047463317997, 6.27088884661907 ], [ -75.598068664994003, 6.270567288718851 ], [ -75.598054657182004, 6.27024583409572 ], [ -75.597998952207803, 6.269768623507829 ], [ -75.597992355759203, 6.26957477041137 ], [ -75.598152156139506, 6.2695207243471 ], [ -75.598347902810104, 6.269720849817461 ], [ -75.598475007269101, 6.269840312076658 ], [ -75.598598164050003, 6.269638287955762 ], [ -75.598572808185097, 6.269219443783923 ], [ -75.598571021049494, 6.268949587145201 ], [ -75.598563432251595, 6.268760608372422 ], [ -75.598602215973997, 6.268604620454198 ], [ -75.598735647006905, 6.26847660949837 ], [ -75.598865872337896, 6.268632107821961 ], [ -75.599022615749504, 6.268912232359188 ], [ -75.599237579702702, 6.269495173090842 ], [ -75.599446015678893, 6.269908616839749 ], [ -75.599580393691696, 6.270107944157681 ], [ -75.599793376042697, 6.270353806802271 ], [ -75.600051344588607, 6.270501140261578 ], [ -75.600429815627209, 6.27057213592026 ], [ -75.600652307621999, 6.270627997117579 ], [ -75.600967169815206, 6.270620263831939 ], [ -75.601195413928906, 6.270577708375211 ], [ -75.601323977600899, 6.27050621795555 ] ] ] } },
{ "type": "Feature", "properties": { "OBJECTID": 56, "BARRIO": "FUENTE CLARA", "area_total_ha": 23.626722346001362, "Alta": 0.0, "Media": 0.0, "Baja": 0.0, "high_share": 0.0, "medhigh_share": 0.0, "screening_score": 0.0, "screening_rank": 87, "barrio_code": "0719", "comuna_code": "07", "comuna_name": "Robledo", "population_2026": 2277.0, "imcv_ampi_2023": 99.75, "population_match": "exact", "population_density_km2_2026": 9637.3926381090459, "hazard_weighted_population_proxy_2026": 0.0, "exposure_component": 0.0, "vulnerability_component": 0.54249547920433983, "priority_exposure": 0.0, "priority_balanced": 0.13562386980108496, "priority_equity": 0.24412296564195293, "rank_exposure": 85.0, "rank_balanced": 125.0, "rank_equity": 124.0, "rank_hazard_only": 87 }, "geometry": { "type": "Polygon", "coordinates": [ [ [ -75.603423385919299, 6.275302085572458 ], [ -75.6035239249981, 6.275280360570882 ], [ -75.603671612235104, 6.275211733995999 ], [ -75.603870615644496, 6.275145882453869 ], [ -75.604128020083905, 6.275098371176941 ], [ -75.604339264283297, 6.275090937104133 ], [ -75.604557836988221, 6.275181878426331 ], [ -75.604695908773806, 6.2752662337613 ], [ -75.604930793513205, 6.275431168182227 ], [ -75.605138447618998, 6.275572800158153 ], [ -75.605332909576703, 6.27567550179711 ], [ -75.605522354047295, 6.275782115794501 ], [ -75.605775430790104, 6.275976223575978 ], [ -75.605982045925799, 6.276106168856471 ], [ -75.606292298295998, 6.276241655842707 ], [ -75.606508742057798, 6.276292658773589 ], [ -75.606761316781402, 6.276313355469309 ], [ -75.606978562475007, 6.276294211553592 ], [ -75.607377866216297, 6.276262846769242 ], [ -75.607921177161998, 6.27628172040658 ], [ -75.608227219241797, 6.276698770880984 ], [ -75.608258051253898, 6.276921778527601 ], [ -75.608328267717596, 6.277196304826161 ], [ -75.608371324051404, 6.277471884149472 ], [ -75.608447678462397, 6.277781464594482 ], [ -75.608581478868302, 6.278125949070279 ], [ -75.608761487218104, 6.27844594425187 ], [ -75.609078631514393, 6.278874650139288 ], [ -75.609331987546, 6.27916325424469 ], [ -75.609173547586494, 6.27933907833133 ], [ -75.608962535320998, 6.279426400360569 ], [ -75.608757240443211, 6.27940459346577 ], [ -75.608477501995793, 6.279383976932002 ], [ -75.608281213663602, 6.279345580572333 ], [ -75.608030814667003, 6.27938138459383 ], [ -75.6077344421264, 6.27952156305077 ], [ -75.607381633794603, 6.27962780948906 ], [ -75.607113210773903, 6.27969289069375 ], [ -75.606877570550793, 6.279614667159978 ], [ -75.606647662594995, 6.279432182772529 ], [ -75.606451741978404, 6.27917458377564 ], [ -75.606306258574506, 6.278963600793787 ], [ -75.606173938260994, 6.27878180671035 ], [ -75.605905031253997, 6.278680296887051 ], [ -75.605527677815104, 6.278649247500349 ], [ -75.6052063885504, 6.27852450791748 ], [ -75.604919175630997, 6.278354856199911 ], [ -75.604667388341397, 6.278259140312749 ], [ -75.604466165607704, 6.278253880882872 ], [ -75.604032842813112, 6.2783496428063 ], [ -75.603621701452795, 6.278461900778102 ], [ -75.603394474657406, 6.278509325551138 ], [ -75.603159065804306, 6.278510984681009 ], [ -75.602981906843794, 6.278477402601188 ], [ -75.602787496873304, 6.27839320991461 ], [ -75.602621253866602, 6.27830796113962 ], [ -75.602442822156803, 6.278182805085141 ], [ -75.602224185748497, 6.278070429960531 ], [ -75.601966198150294, 6.277918226553788 ], [ -75.601719455961401, 6.277827365796582 ], [ -75.601907013652195, 6.27763100073812 ], [ -75.602174212738802, 6.27749090904886 ], [ -75.602401337465693, 6.277408414012969 ], [ -75.602567230054504, 6.27737285891762 ], [ -75.602784378967797, 6.277319620146898 ], [ -75.602989407391405, 6.27724985382247 ], [ -75.603068362319405, 6.27707036640948 ], [ -75.602912936766302, 6.276899353786679 ], [ -75.602540426988796, 6.27680398940361 ], [ -75.602198285826503, 6.276772834110733 ], [ -75.601951729971603, 6.276746273151291 ], [ -75.601750076008202, 6.276591955687891 ], [ -75.601657023288197, 6.276420761531519 ], [ -75.601644366659201, 6.276219133530389 ], [ -75.601990794004095, 6.275994055604947 ], [ -75.602321453663507, 6.275882032629599 ], [ -75.602510214975595, 6.275753859956321 ], [ -75.602840674239005, 6.275572666773227 ], [ -75.603017975700595, 6.27530910931882 ], [ -75.603038110601702, 6.27531392274645 ], [ -75.603358033204515, 6.27531591567213 ], [ -75.603423385919299, 6.275302085572458 ] ] ] } },
{ "type": "Feature", "properties": { "OBJECTID": 57, "BARRIO": "BLANQUIZAL", "area_total_ha": 19.439110199469241, "Alta": 0.0, "Media": 0.0, "Baja": 0.0, "high_share": 0.0, "medhigh_share": 0.0, "screening_score": 0.0, "screening_rank": 87, "barrio_code": "1302", "comuna_code": "13", "comuna_name": "San Javier", "population_2026": 12661.0, "imcv_ampi_2023": 93.89, "population_match": "exact", "population_density_km2_2026": 65131.582001863913, "hazard_weighted_population_proxy_2026": 0.0, "exposure_component": 0.0, "vulnerability_component": 0.71910789632308603, "priority_exposure": 0.0, "priority_balanced": 0.17977697408077151, "priority_equity": 0.32359855334538873, "rank_exposure": 85.0, "rank_balanced": 85.0, "rank_equity": 82.0, "rank_hazard_only": 87 }, "geometry": { "type": "Polygon", "coordinates": [ [ [ -75.607921177161998, 6.27628172040658 ], [ -75.607377866216297, 6.276262846769242 ], [ -75.606978562475007, 6.276294211553592 ], [ -75.606761316781402, 6.276313355469309 ], [ -75.606508742057798, 6.276292658773589 ], [ -75.606292298295998, 6.276241655842707 ], [ -75.605982045925799, 6.276106168856471 ], [ -75.605775430790104, 6.275976223575978 ], [ -75.605522354047295, 6.275782115794501 ], [ -75.605332909576703, 6.27567550179711 ], [ -75.605138447618998, 6.275572800158153 ], [ -75.604930793513205, 6.275431168182227 ], [ -75.604695908773806, 6.2752662337613 ], [ -75.604557836988221, 6.275181878426331 ], [ -75.604339264283297, 6.275090937104133 ], [ -75.604128020083905, 6.275098371176941 ], [ -75.603870615644496, 6.275145882453869 ], [ -75.603671612235104, 6.275211733995999 ], [ -75.6035239249981, 6.275280360570882 ], [ -75.603423385919299, 6.275302085572458 ], [ -75.603352544078703, 6.274811281870931 ], [ -75.603329927881205, 6.274644754320509 ], [ -75.603258954005497, 6.27445498603501 ], [ -75.603205544021705, 6.274077141654051 ], [ -75.603192032781706, 6.273928123918952 ], [ -75.603231687701395, 6.273726343541471 ], [ -75.603287404481904, 6.273512825354721 ], [ -75.603342002510303, 6.273260342998261 ], [ -75.603357599225603, 6.273087858314079 ], [ -75.6033898607959, 6.272765295426253 ], [ -75.603399356176794, 6.272570422982762 ], [ -75.603422061124604, 6.27242130017296 ], [ -75.603488607103202, 6.272125914782962 ], [ -75.603642431715798, 6.272092343921021 ], [ -75.603927905511, 6.272010653875369 ], [ -75.604807266677696, 6.272044142259013 ], [ -75.606739808280594, 6.272034619526912 ], [ -75.607705416686201, 6.271975300874519 ], [ -75.607632824699706, 6.2729575304498 ], [ -75.607589923680095, 6.27480771017822 ], [ -75.607511279749104, 6.275784112645572 ], [ -75.607611713190096, 6.276071216058669 ], [ -75.607921177161998, 6.27628172040658 ] ] ] } },
{ "type": "Feature", "properties": { "OBJECTID": 58, "BARRIO": "NAZARET", "area_total_ha": 121.18871086438327, "Alta": 0.0, "Media": 0.0, "Baja": 0.0, "high_share": 0.0, "medhigh_share": 0.0, "screening_score": 0.0, "screening_rank": 87, "barrio_code": null, "comuna_code": null, "comuna_name": null, "population_2026": null, "imcv_ampi_2023": null, "population_match": "unmatched_or_nonresidential", "population_density_km2_2026": null, "hazard_weighted_population_proxy_2026": null, "exposure_component": null, "vulnerability_component": null, "priority_exposure": null, "priority_balanced": null, "priority_equity": null, "rank_exposure": null, "rank_balanced": null, "rank_equity": null, "rank_hazard_only": 87 }, "geometry": { "type": "Polygon", "coordinates": [ [ [ -75.621573508962996, 6.278179434044168 ], [ -75.621563845348902, 6.278313905153509 ], [ -75.621599525826099, 6.278473571820529 ], [ -75.621909459581602, 6.278499936991831 ], [ -75.622171927652417, 6.278464091661402 ], [ -75.622400428704694, 6.27850920714241 ], [ -75.6225898928937, 6.278621658586199 ], [ -75.622785278486305, 6.278695122834582 ], [ -75.623409947873995, 6.279011850961961 ], [ -75.623745159530301, 6.27942295702075 ], [ -75.623953278196396, 6.27972045286333 ], [ -75.624177286469006, 6.279947760548289 ], [ -75.624414223613201, 6.280124368194051 ], [ -75.624569911691097, 6.280382076370121 ], [ -75.624668084978197, 6.28058150067826 ], [ -75.624683421054897, 6.281006215206369 ], [ -75.624640139181196, 6.281339525323543 ], [ -75.624626572891003, 6.281856873835931 ], [ -75.624658707607495, 6.282178271395499 ], [ -75.624728884891795, 6.282436232338738 ], [ -75.624885881544301, 6.282796228558302 ], [ -75.6250783130982, 6.28323210887999 ], [ -75.625265029285401, 6.283776144772857 ], [ -75.625798486649103, 6.28488615024175 ], [ -75.626299823492005, 6.286019631119238 ], [ -75.626562418055101, 6.286706650794572 ], [ -75.626616940875394, 6.287113712029983 ], [ -75.626612349994204, 6.287262781112429 ], [ -75.626470089379197, 6.287464864419811 ], [ -75.626289244029394, 6.2875472323459 ], [ -75.6261112455595, 6.287571140951662 ], [ -75.625865641478399, 6.287527052364478 ], [ -75.625671208865498, 6.287437026558798 ], [ -75.625417213833401, 6.287277031028348 ], [ -75.625245870902802, 6.287170372834811 ], [ -75.625090738570407, 6.287101663738969 ], [ -75.624924779437407, 6.287114818282048 ], [ -75.624805472611001, 6.28725448340832 ], [ -75.624721488711302, 6.287432039647897 ], [ -75.624636436769606, 6.287588165331941 ], [ -75.624500995803302, 6.287715214167481 ], [ -75.624282419104205, 6.287625256680729 ], [ -75.624179449348105, 6.287505732494417 ], [ -75.623965508280605, 6.28728229466788 ], [ -75.623747803399695, 6.287146546812298 ], [ -75.623535247806203, 6.28705170114515 ], [ -75.6232372603248, 6.28698438520849 ], [ -75.622980724169594, 6.286986116648753 ], [ -75.622825947571002, 6.287038207009221 ], [ -75.622639218284107, 6.28717222654413 ], [ -75.622485875217706, 6.287369470502531 ], [ -75.622333638179697, 6.287600809740281 ], [ -75.622197204398901, 6.287732731511825 ], [ -75.622031180134798, 6.28772347864312 ], [ -75.621748932345398, 6.287535312383606 ], [ -75.621386620591807, 6.287147668108537 ], [ -75.621226577821702, 6.287119887058618 ], [ -75.621038907615002, 6.287276316059241 ], [ -75.620908515808907, 6.287410167255892 ], [ -75.620742827008002, 6.28751489794098 ], [ -75.620606157610894, 6.287566933992261 ], [ -75.620491134374006, 6.287453289505392 ], [ -75.620518744455296, 6.287263235633959 ], [ -75.620608624638095, 6.287037924953808 ], [ -75.620630269940193, 6.28687224446409 ], [ -75.620571465018301, 6.286717517936308 ], [ -75.620335243449304, 6.2864434840027 ], [ -75.620128571126102, 6.286296011041082 ], [ -75.619801088357093, 6.286119668126002 ], [ -75.619647016788406, 6.286069462163599 ], [ -75.619215952055214, 6.285907061603509 ], [ -75.618410012205999, 6.285873386777109 ], [ -75.618101280157902, 6.285915211694428 ], [ -75.617890216137113, 6.285985003008702 ], [ -75.617606922713904, 6.286125149076691 ], [ -75.617326464830299, 6.286202938091709 ], [ -75.617076537078006, 6.286399490772191 ], [ -75.616907060562795, 6.286585091807768 ], [ -75.616781862432703, 6.286775432451972 ], [ -75.616721624872099, 6.28716042624372 ], [ -75.616747465299497, 6.287395136997639 ], [ -75.616805401198107, 6.287596630116568 ], [ -75.616870559737805, 6.2878594787204 ], [ -75.616857562124807, 6.28788679570701 ], [ -75.616330119325795, 6.287450920788758 ], [ -75.615909727974, 6.2871550190306 ], [ -75.615473007911206, 6.286779278092008 ], [ -75.6151513137211, 6.286518156457948 ], [ -75.614783421304793, 6.28628444895085 ], [ -75.614306598005498, 6.285955586339009 ], [ -75.6138863444599, 6.285705470906741 ], [ -75.613496326141998, 6.285473774867391 ], [ -75.613095037117404, 6.285171968087459 ], [ -75.612732010307894, 6.284881741207151 ], [ -75.612346770370294, 6.284563323408912 ], [ -75.612156076348413, 6.284374883704841 ], [ -75.611971202632802, 6.284112384988489 ], [ -75.611860977833203, 6.28391883807415 ], [ -75.611773820626894, 6.283700866554198 ], [ -75.611634047185703, 6.28337978237508 ], [ -75.611424628287807, 6.28297998971594 ], [ -75.611267485930895, 6.282567379161643 ], [ -75.611231998615096, 6.282472983682059 ], [ -75.611278165403505, 6.282434853029672 ], [ -75.611374306333204, 6.2822845410613 ], [ -75.611422829100903, 6.282020384635249 ], [ -75.611473416215702, 6.28177375847315 ], [ -75.611659461326795, 6.281404957193417 ], [ -75.611777446225204, 6.281156185320331 ], [ -75.611975780243199, 6.280861389566671 ], [ -75.612081864057899, 6.28067110563369 ], [ -75.612359926924995, 6.28046278165267 ], [ -75.612718416875694, 6.280235712346078 ], [ -75.613213610615503, 6.279968299541039 ], [ -75.613568432360196, 6.279863017671889 ], [ -75.613910407298306, 6.279836686129579 ], [ -75.614150892782902, 6.279851567910412 ], [ -75.614293847246401, 6.279885248026627 ], [ -75.614447700700097, 6.27986141441203 ], [ -75.614573049646907, 6.279722707299337 ], [ -75.614742542637103, 6.279542954013369 ], [ -75.614902398117493, 6.27950741440078 ], [ -75.615154954744696, 6.279522260715201 ], [ -75.615417558146405, 6.27953220728708 ], [ -75.615652141872303, 6.279592894846032 ], [ -75.615888356370903, 6.27986693236232 ], [ -75.615970251044416, 6.28000503131144 ], [ -75.616073302027118, 6.28015378535391 ], [ -75.616206362919897, 6.280243996185711 ], [ -75.616369520112301, 6.27996196762391 ], [ -75.616413179646699, 6.279755305211503 ], [ -75.616509129086793, 6.279540693961401 ], [ -75.616628275217906, 6.279345500584959 ], [ -75.616752714962402, 6.279240893347992 ], [ -75.616878196978902, 6.279147973943659 ], [ -75.617072171321695, 6.279083107231779 ], [ -75.617243361007198, 6.279139108305943 ], [ -75.617478884047401, 6.279177386026019 ], [ -75.617965107467001, 6.279283121243869 ], [ -75.6182573052984, 6.279436189240899 ], [ -75.618406665748296, 6.2795955232061 ], [ -75.618587778255304, 6.279261807492031 ], [ -75.618687161695902, 6.278846497011591 ], [ -75.618838930528995, 6.278455388866186 ], [ -75.619093847225301, 6.27824615627972 ], [ -75.619317098056001, 6.278216273004968 ], [ -75.619631738725005, 6.278132540269731 ], [ -75.620408442950904, 6.278149739915298 ], [ -75.6211394889079, 6.278035552489378 ], [ -75.621573508962996, 6.278179434044168 ] ] ] } },
{ "type": "Feature", "properties": { "OBJECTID": 59, "BARRIO": "SANTA MARGARITA", "area_total_ha": 89.277920791089869, "Alta": 0.0, "Media": 0.0, "Baja": 0.0, "high_share": 0.0, "medhigh_share": 0.0, "screening_score": 0.0, "screening_rank": 87, "barrio_code": "0720", "comuna_code": "07", "comuna_name": "Robledo", "population_2026": 9813.0, "imcv_ampi_2023": 99.75, "population_match": "exact", "population_density_km2_2026": 10991.519418292008, "hazard_weighted_population_proxy_2026": 0.0, "exposure_component": 0.0, "vulnerability_component": 0.54249547920433983, "priority_exposure": 0.0, "priority_balanced": 0.13562386980108496, "priority_equity": 0.24412296564195293, "rank_exposure": 85.0, "rank_balanced": 125.0, "rank_equity": 124.0, "rank_hazard_only": 87 }, "geometry": { "type": "Polygon", "coordinates": [ [ [ -75.621573508962996, 6.278179434044168 ], [ -75.6211394889079, 6.278035552489378 ], [ -75.620408442950904, 6.278149739915298 ], [ -75.619631738725005, 6.278132540269731 ], [ -75.619317098056001, 6.278216273004968 ], [ -75.619093847225301, 6.27824615627972 ], [ -75.618838930528995, 6.278455388866186 ], [ -75.618687161695902, 6.278846497011591 ], [ -75.618587778255304, 6.279261807492031 ], [ -75.618406665748296, 6.2795955232061 ], [ -75.6182573052984, 6.279436189240899 ], [ -75.617965107467001, 6.279283121243869 ], [ -75.617478884047401, 6.279177386026019 ], [ -75.617243361007198, 6.279139108305943 ], [ -75.617072171321695, 6.279083107231779 ], [ -75.616878196978902, 6.279147973943659 ], [ -75.616752714962402, 6.279240893347992 ], [ -75.616628275217906, 6.279345500584959 ], [ -75.616509129086793, 6.279540693961401 ], [ -75.616413179646699, 6.279755305211503 ], [ -75.616369520112301, 6.27996196762391 ], [ -75.616206362919897, 6.280243996185711 ], [ -75.616073302027118, 6.28015378535391 ], [ -75.615970251044416, 6.28000503131144 ], [ -75.615888356370903, 6.27986693236232 ], [ -75.615652141872303, 6.279592894846032 ], [ -75.615417558146405, 6.27953220728708 ], [ -75.615154954744696, 6.279522260715201 ], [ -75.614902398117493, 6.27950741440078 ], [ -75.614742542637103, 6.279542954013369 ], [ -75.614573049646907, 6.279722707299337 ], [ -75.614447700700097, 6.27986141441203 ], [ -75.614293847246401, 6.279885248026627 ], [ -75.614150892782902, 6.279851567910412 ], [ -75.613910407298306, 6.279836686129579 ], [ -75.613568432360196, 6.279863017671889 ], [ -75.613213610615503, 6.279968299541039 ], [ -75.612718416875694, 6.280235712346078 ], [ -75.612359926924995, 6.28046278165267 ], [ -75.612081864057899, 6.28067110563369 ], [ -75.611975780243199, 6.280861389566671 ], [ -75.611777446225204, 6.281156185320331 ], [ -75.611659461326795, 6.281404957193417 ], [ -75.611473416215702, 6.28177375847315 ], [ -75.611422829100903, 6.282020384635249 ], [ -75.611374306333204, 6.2822845410613 ], [ -75.611278165403505, 6.282434853029672 ], [ -75.611231998615096, 6.282472983682059 ], [ -75.610917709041502, 6.28164581200955 ], [ -75.610616067422299, 6.281015398607232 ], [ -75.610272966295796, 6.280312037858461 ], [ -75.610088010345194, 6.280020311408688 ], [ -75.609856863115994, 6.279757946016119 ], [ -75.609608578314806, 6.279483940283662 ], [ -75.609412743044203, 6.279256544546961 ], [ -75.609331987546, 6.27916325424469 ], [ -75.609078631514393, 6.278874650139288 ], [ -75.608761487218104, 6.27844594425187 ], [ -75.608581478868302, 6.278125949070279 ], [ -75.608447678462397, 6.277781464594482 ], [ -75.608371324051404, 6.277471884149472 ], [ -75.608328267717596, 6.277196304826161 ], [ -75.608258051253898, 6.276921778527601 ], [ -75.608227219241797, 6.276698770880984 ], [ -75.607921177161998, 6.27628172040658 ], [ -75.608396178155601, 6.276334890622563 ], [ -75.608956642028502, 6.276371250758139 ], [ -75.609288370597994, 6.276281626608962 ], [ -75.609585045165502, 6.276245688525771 ], [ -75.609920799651704, 6.276157027586739 ], [ -75.610183117442304, 6.276069554664739 ], [ -75.610456496661797, 6.275980102613062 ], [ -75.610780698730295, 6.275724881493192 ], [ -75.611002608665302, 6.275580048433338 ], [ -75.611446172973402, 6.275203675080679 ], [ -75.611889050022313, 6.274936418688801 ], [ -75.612219505335403, 6.274756194785462 ], [ -75.612658708206396, 6.274608776750229 ], [ -75.612938175384102, 6.27453781312651 ], [ -75.613257731498607, 6.274415100674681 ], [ -75.613484615184603, 6.274251742476692 ], [ -75.613838424769597, 6.274145489781952 ], [ -75.614156893358697, 6.273994527872311 ], [ -75.614807102970005, 6.27375978388694 ], [ -75.615189014406695, 6.273631041824701 ], [ -75.615559589412399, 6.273409781688061 ], [ -75.6159403077571, 6.273217718760099 ], [ -75.616373237588206, 6.272990429398352 ], [ -75.616778281295694, 6.272859671507301 ], [ -75.617172446323906, 6.27279324162454 ], [ -75.617554623487905, 6.27275607423441 ], [ -75.618326292501393, 6.272774269185887 ], [ -75.619130752010307, 6.272653051013411 ], [ -75.619818081656206, 6.272727994685489 ], [ -75.620358423491197, 6.273108302207539 ], [ -75.620663076983703, 6.273392851928901 ], [ -75.620967529754296, 6.27360920690249 ], [ -75.621497330712103, 6.274167824613791 ], [ -75.621659686506405, 6.274298866453652 ], [ -75.622142873582703, 6.27474266224527 ], [ -75.622309404674397, 6.27492532498648 ], [ -75.621573508962996, 6.278179434044168 ] ] ] } },
{ "type": "Feature", "properties": { "OBJECTID": 60, "BARRIO": "OLAYA HERRERA", "area_total_ha": 53.536023061633252, "Alta": 0.0, "Media": 0.0, "Baja": 0.0, "high_share": 0.0, "medhigh_share": 0.0, "screening_score": 0.0, "screening_rank": 87, "barrio_code": "0722", "comuna_code": "07", "comuna_name": "Robledo", "population_2026": 9666.0, "imcv_ampi_2023": 99.75, "population_match": "exact", "population_density_km2_2026": 18055.13268864225, "hazard_weighted_population_proxy_2026": 0.0, "exposure_component": 0.0, "vulnerability_component": 0.54249547920433983, "priority_exposure": 0.0, "priority_balanced": 0.13562386980108496, "priority_equity": 0.24412296564195293, "rank_exposure": 85.0, "rank_balanced": 125.0, "rank_equity": 124.0, "rank_hazard_only": 87 }, "geometry": { "type": "Polygon", "coordinates": [ [ [ -75.614539167371404, 6.270549531714039 ], [ -75.614684822277795, 6.270475064945952 ], [ -75.6150895154816, 6.270225453408223 ], [ -75.615470216697005, 6.27002754523166 ], [ -75.615766648875393, 6.269910745805689 ], [ -75.616097316093104, 6.269804560636889 ], [ -75.616417055910802, 6.269745170529079 ], [ -75.616713786571907, 6.269730661376798 ], [ -75.617016419547198, 6.269670346595678 ], [ -75.617553400664804, 6.269591808995222 ], [ -75.617992850438796, 6.269531092834881 ], [ -75.618519088178402, 6.269562672232871 ], [ -75.618953840471704, 6.269615952973369 ], [ -75.619307996584794, 6.269629526255681 ], [ -75.619783095943404, 6.26971873225278 ], [ -75.6203144091008, 6.269765883774109 ], [ -75.619764922159504, 6.271068080411919 ], [ -75.619130752010307, 6.272653051013411 ], [ -75.618326292501393, 6.272774269185887 ], [ -75.617554623487905, 6.27275607423441 ], [ -75.617172446323906, 6.27279324162454 ], [ -75.616778281295694, 6.272859671507301 ], [ -75.616373237588206, 6.272990429398352 ], [ -75.6159403077571, 6.273217718760099 ], [ -75.615559589412399, 6.273409781688061 ], [ -75.615189014406695, 6.273631041824701 ], [ -75.614807102970005, 6.27375978388694 ], [ -75.614156893358697, 6.273994527872311 ], [ -75.613838424769597, 6.274145489781952 ], [ -75.613484615184603, 6.274251742476692 ], [ -75.613257731498607, 6.274415100674681 ], [ -75.612938175384102, 6.27453781312651 ], [ -75.612658708206396, 6.274608776750229 ], [ -75.612219505335403, 6.274756194785462 ], [ -75.611889050022313, 6.274936418688801 ], [ -75.611446172973402, 6.275203675080679 ], [ -75.611002608665302, 6.275580048433338 ], [ -75.610780698730295, 6.275724881493192 ], [ -75.610456496661797, 6.275980102613062 ], [ -75.610183117442304, 6.276069554664739 ], [ -75.609920799651704, 6.276157027586739 ], [ -75.609585045165502, 6.276245688525771 ], [ -75.609288370597994, 6.276281626608962 ], [ -75.608956642028502, 6.276371250758139 ], [ -75.608396178155601, 6.276334890622563 ], [ -75.607921177161998, 6.27628172040658 ], [ -75.607611713190096, 6.276071216058669 ], [ -75.607511279749104, 6.275784112645572 ], [ -75.607589923680095, 6.27480771017822 ], [ -75.607632824699706, 6.2729575304498 ], [ -75.607705416686201, 6.271975300874519 ], [ -75.609355946042001, 6.271854553450139 ], [ -75.610282318438394, 6.271795343577382 ], [ -75.6111034483027, 6.271525034668479 ], [ -75.6113678238532, 6.271454117899972 ], [ -75.611924724442204, 6.271305383059119 ], [ -75.612244447444994, 6.271240149377781 ], [ -75.612677831026105, 6.271167765003589 ], [ -75.613048740985505, 6.271061463546778 ], [ -75.613379497410705, 6.270985481922579 ], [ -75.613676028365703, 6.270901804766198 ], [ -75.614017746302494, 6.270789742287349 ], [ -75.614371405770697, 6.270632832090808 ], [ -75.614539167371404, 6.270549531714039 ] ] ] } },
{ "type": "Feature", "properties": { "OBJECTID": 61, "BARRIO": "LA GABRIELA", "area_total_ha": 44.098811523646887, "Alta": 0.0, "Media": 0.0, "Baja": 0.0, "high_share": 0.0, "medhigh_share": 0.0, "screening_score": 0.0, "screening_rank": 87, "barrio_code": null, "comuna_code": null, "comuna_name": null, "population_2026": null, "imcv_ampi_2023": null, "population_match": "unmatched_or_nonresidential", "population_density_km2_2026": null, "hazard_weighted_population_proxy_2026": null, "exposure_component": null, "vulnerability_component": null, "priority_exposure": null, "priority_balanced": null, "priority_equity": null, "rank_exposure": null, "rank_balanced": null, "rank_equity": null, "rank_hazard_only": 87 }, "geometry": { "type": "Polygon", "coordinates": [ [ [ -75.617317411198698, 6.26286258180519 ], [ -75.617666505755693, 6.26286642950705 ], [ -75.617895917130497, 6.262881344508597 ], [ -75.6181135131432, 6.262983973813931 ], [ -75.618286725328204, 6.263045817629499 ], [ -75.618467718407103, 6.263016060705259 ], [ -75.618656622791093, 6.262939517331978 ], [ -75.618850775463301, 6.262937972497171 ], [ -75.619018104462, 6.263051466957011 ], [ -75.6190833603535, 6.263349385873688 ], [ -75.619094879866196, 6.263504254362579 ], [ -75.619183175554596, 6.263768008690398 ], [ -75.619374112160401, 6.264042179155032 ], [ -75.619683317665604, 6.264165971929521 ], [ -75.619871132374001, 6.264061178161049 ], [ -75.620091791617, 6.26383548648193 ], [ -75.620182711687804, 6.263621866035292 ], [ -75.620266626316294, 6.263420930140851 ], [ -75.620356542006803, 6.263208286598339 ], [ -75.620556594598, 6.263159962080722 ], [ -75.620733731899705, 6.263187693462082 ], [ -75.620963431890104, 6.2633010027486 ], [ -75.621204246712196, 6.263430841170499 ], [ -75.621497372422795, 6.263560526311269 ], [ -75.622007963784199, 6.263405099981591 ], [ -75.622108034260606, 6.263567499753758 ], [ -75.6223334103464, 6.263921453361772 ], [ -75.622628049466698, 6.264223568976737 ], [ -75.623735372825607, 6.265496538297301 ], [ -75.624377276836199, 6.266548752756237 ], [ -75.624662581165694, 6.267096396971549 ], [ -75.624911472134102, 6.26757692843401 ], [ -75.6250865752192, 6.267938821092319 ], [ -75.625237730698302, 6.268367031784579 ], [ -75.625379052813898, 6.26887223351156 ], [ -75.625484909642694, 6.269290835830541 ], [ -75.625500548789603, 6.269818814831691 ], [ -75.625488899828497, 6.270645959625923 ], [ -75.625367420142595, 6.271072050852718 ], [ -75.625300678663095, 6.2712963178145 ], [ -75.625232745841402, 6.271458237522717 ], [ -75.625165732359903, 6.271589954640958 ], [ -75.624930398132506, 6.271615004281039 ], [ -75.624759024489506, 6.271495680849859 ], [ -75.624437604456205, 6.271325165464349 ], [ -75.624023366379006, 6.271064322054421 ], [ -75.623691038125614, 6.27094741937456 ], [ -75.623077511114801, 6.270653063137379 ], [ -75.622756125926301, 6.27049423820304 ], [ -75.622097364760407, 6.27021170502445 ], [ -75.621225307918493, 6.269922003402049 ], [ -75.620633510389098, 6.268804364866268 ], [ -75.620113188177399, 6.26804502785997 ], [ -75.619726464781706, 6.267560027678361 ], [ -75.619386031772706, 6.267079761440732 ], [ -75.619119140899514, 6.26663435177303 ], [ -75.618876408999398, 6.266193743606519 ], [ -75.618528433964798, 6.265542035353249 ], [ -75.618319956875297, 6.26511886091486 ], [ -75.618086346874094, 6.26470063131919 ], [ -75.617930399258597, 6.264351342861429 ], [ -75.617627545867705, 6.26364786922413 ], [ -75.6175048631181, 6.263320889998428 ], [ -75.617317411198698, 6.26286258180519 ] ] ] } },
{ "type": "Feature", "properties": { "OBJECTID": 62, "BARRIO": "JUAN XXIII - LA QUIEBRA", "area_total_ha": 61.930813342193794, "Alta": 0.0, "Media": 0.0, "Baja": 0.0, "high_share": 0.0, "medhigh_share": 0.0, "screening_score": 0.0, "screening_rank": 87, "barrio_code": "1307", "comuna_code": "13", "comuna_name": "San Javier", "population_2026": 13401.0, "imcv_ampi_2023": 93.89, "population_match": "exact", "population_density_km2_2026": 21638.663012471414, "hazard_weighted_population_proxy_2026": 0.0, "exposure_component": 0.0, "vulnerability_component": 0.71910789632308603, "priority_exposure": 0.0, "priority_balanced": 0.17977697408077151, "priority_equity": 0.32359855334538873, "rank_exposure": 85.0, "rank_balanced": 85.0, "rank_equity": 82.0, "rank_hazard_only": 87 }, "geometry": { "type": "Polygon", "coordinates": [ [ [ -75.616032220346298, 6.260615890600162 ], [ -75.616193678406106, 6.26078688218465 ], [ -75.616304003345306, 6.261016475702927 ], [ -75.6164254082273, 6.261250907531421 ], [ -75.616628748334307, 6.261639027756171 ], [ -75.616796850759499, 6.262017506493931 ], [ -75.616989211270507, 6.262434883959261 ], [ -75.617283979898403, 6.262782793095207 ], [ -75.617317411198698, 6.26286258180519 ], [ -75.6175048631181, 6.263320889998428 ], [ -75.617627545867705, 6.26364786922413 ], [ -75.617930399258597, 6.264351342861429 ], [ -75.618086346874094, 6.26470063131919 ], [ -75.618319956875297, 6.26511886091486 ], [ -75.618528433964798, 6.265542035353249 ], [ -75.618876408999398, 6.266193743606519 ], [ -75.619119140899514, 6.26663435177303 ], [ -75.619386031772706, 6.267079761440732 ], [ -75.619726464781706, 6.267560027678361 ], [ -75.620113188177399, 6.26804502785997 ], [ -75.620633510389098, 6.268804364866268 ], [ -75.621225307918493, 6.269922003402049 ], [ -75.6209211909065, 6.269819630877621 ], [ -75.6203144091008, 6.269765883774109 ], [ -75.619783095943404, 6.26971873225278 ], [ -75.619307996584794, 6.269629526255681 ], [ -75.618953840471704, 6.269615952973369 ], [ -75.618519088178402, 6.269562672232871 ], [ -75.617992850438796, 6.269531092834881 ], [ -75.617553400664804, 6.269591808995222 ], [ -75.617016419547198, 6.269670346595678 ], [ -75.616713786571907, 6.269730661376798 ], [ -75.616417055910802, 6.269745170529079 ], [ -75.616097316093104, 6.269804560636889 ], [ -75.615766648875393, 6.269910745805689 ], [ -75.615470216697005, 6.27002754523166 ], [ -75.6150895154816, 6.270225453408223 ], [ -75.614684822277795, 6.270475064945952 ], [ -75.614539167371404, 6.270549531714039 ], [ -75.613461496216303, 6.269094274060599 ], [ -75.612902167174497, 6.268410056889941 ], [ -75.612653569763694, 6.268026939822798 ], [ -75.612491688303805, 6.267711764940168 ], [ -75.612323876466405, 6.26743265259108 ], [ -75.611959106487305, 6.26688425619495 ], [ -75.611860987779195, 6.266700415710289 ], [ -75.611778548999894, 6.266374290221269 ], [ -75.611746507881321, 6.266081143098541 ], [ -75.611698188700103, 6.265725692437512 ], [ -75.611649918682701, 6.265386802969801 ], [ -75.611607519281407, 6.264991392219992 ], [ -75.611570433884793, 6.264693389116859 ], [ -75.611492059978005, 6.264380890796388 ], [ -75.612122605561396, 6.263615258473689 ], [ -75.6128412296448, 6.262696416530871 ], [ -75.613326916140295, 6.26193412978082 ], [ -75.613584713729395, 6.262023978438879 ], [ -75.6137289546716, 6.262155077476429 ], [ -75.613833006934598, 6.26230382965112 ], [ -75.613961487742102, 6.26254993193966 ], [ -75.614118570878503, 6.262945008696151 ], [ -75.614258351051802, 6.263270964138171 ], [ -75.614455776335603, 6.263700993698351 ], [ -75.614973166400205, 6.263460794870901 ], [ -75.614949342550815, 6.263226077515709 ], [ -75.614969865617894, 6.263019482956791 ], [ -75.615025409778895, 6.262748486751697 ], [ -75.615096683152004, 6.26235176890008 ], [ -75.615180528959996, 6.261437702939939 ], [ -75.615279768531295, 6.260971735028821 ], [ -75.615543368895601, 6.2609816803809 ], [ -75.615850810101307, 6.260847311967267 ], [ -75.616032220346298, 6.260615890600162 ] ] ] } },
{ "type": "Feature", "properties": { "OBJECTID": 63, "BARRIO": "METROPOLITANO", "area_total_ha": 37.138873306504436, "Alta": 0.0, "Media": 0.0, "Baja": 0.0, "high_share": 0.0, "medhigh_share": 0.0, "screening_score": 0.0, "screening_rank": 87, "barrio_code": "1305", "comuna_code": "13", "comuna_name": "San Javier", "population_2026": 3486.0, "imcv_ampi_2023": 93.89, "population_match": "exact", "population_density_km2_2026": 9386.3913728084681, "hazard_weighted_population_proxy_2026": 0.0, "exposure_component": 0.0, "vulnerability_component": 0.71910789632308603, "priority_exposure": 0.0, "priority_balanced": 0.17977697408077151, "priority_equity": 0.32359855334538873, "rank_exposure": 85.0, "rank_balanced": 85.0, "rank_equity": 82.0, "rank_hazard_only": 87 }, "geometry": { "type": "Polygon", "coordinates": [ [ [ -75.606894102123306, 6.262820916475151 ], [ -75.607486371895405, 6.262036890504151 ], [ -75.607837537485594, 6.262407048267842 ], [ -75.608422419044203, 6.261851010809909 ], [ -75.608841859412493, 6.262175181014879 ], [ -75.609169660711302, 6.261775768097139 ], [ -75.610430129668899, 6.262795030233312 ], [ -75.610700400250195, 6.263022210137231 ], [ -75.611069945978201, 6.263484863226301 ], [ -75.6112902206456, 6.263816431199529 ], [ -75.6114299651517, 6.264130697792049 ], [ -75.611492059978005, 6.264380890796388 ], [ -75.611570433884793, 6.264693389116859 ], [ -75.611607519281407, 6.264991392219992 ], [ -75.611649918682701, 6.265386802969801 ], [ -75.611698188700103, 6.265725692437512 ], [ -75.611746507881321, 6.266081143098541 ], [ -75.611778548999894, 6.266374290221269 ], [ -75.611860987779195, 6.266700415710289 ], [ -75.611959106487305, 6.26688425619495 ], [ -75.612323876466405, 6.26743265259108 ], [ -75.612491688303805, 6.267711764940168 ], [ -75.612653569763694, 6.268026939822798 ], [ -75.612902167174497, 6.268410056889941 ], [ -75.613461496216303, 6.269094274060599 ], [ -75.614539167371404, 6.270549531714039 ], [ -75.614371405770697, 6.270632832090808 ], [ -75.614017746302494, 6.270789742287349 ], [ -75.613676028365703, 6.270901804766198 ], [ -75.613379497410705, 6.270985481922579 ], [ -75.613048740985505, 6.271061463546778 ], [ -75.612677831026105, 6.271167765003589 ], [ -75.612244447444994, 6.271240149377781 ], [ -75.611924724442204, 6.271305383059119 ], [ -75.6113678238532, 6.271454117899972 ], [ -75.610831294798501, 6.270309024979272 ], [ -75.609961569165606, 6.26874793296385 ], [ -75.608993532894502, 6.266934800764549 ], [ -75.608094264803796, 6.265242270789039 ], [ -75.607409504123694, 6.263971925911173 ], [ -75.606955835818198, 6.262947387193568 ], [ -75.606894102123306, 6.262820916475151 ] ] ] } },
{ "type": "Feature", "properties": { "OBJECTID": 64, "BARRIO": "SANTA ROSA DE LIMA", "area_total_ha": 58.464752702742722, "Alta": 0.0, "Media": 0.0, "Baja": 0.0, "high_share": 0.0, "medhigh_share": 0.0, "screening_score": 0.0, "screening_rank": 87, "barrio_code": "1303", "comuna_code": "13", "comuna_name": "San Javier", "population_2026": 3831.0, "imcv_ampi_2023": 93.89, "population_match": "exact", "population_density_km2_2026": 6552.6660473161955, "hazard_weighted_population_proxy_2026": 0.0, "exposure_component": 0.0, "vulnerability_component": 0.71910789632308603, "priority_exposure": 0.0, "priority_balanced": 0.17977697408077151, "priority_equity": 0.32359855334538873, "rank_exposure": 85.0, "rank_balanced": 85.0, "rank_equity": 82.0, "rank_hazard_only": 87 }, "geometry": { "type": "Polygon", "coordinates": [ [ [ -75.606441694578606, 6.261883078935949 ], [ -75.606894102123306, 6.262820916475151 ], [ -75.606955835818198, 6.262947387193568 ], [ -75.607409504123694, 6.263971925911173 ], [ -75.608094264803796, 6.265242270789039 ], [ -75.608993532894502, 6.266934800764549 ], [ -75.609961569165606, 6.26874793296385 ], [ -75.610831294798501, 6.270309024979272 ], [ -75.6113678238532, 6.271454117899972 ], [ -75.6111034483027, 6.271525034668479 ], [ -75.610282318438394, 6.271795343577382 ], [ -75.609355946042001, 6.271854553450139 ], [ -75.607705416686201, 6.271975300874519 ], [ -75.606739808280594, 6.272034619526912 ], [ -75.604807266677696, 6.272044142259013 ], [ -75.603927905511, 6.272010653875369 ], [ -75.603642431715798, 6.272092343921021 ], [ -75.603488607103202, 6.272125914782962 ], [ -75.603316686132601, 6.272163436865559 ], [ -75.602968927883893, 6.27227550920357 ], [ -75.60270658053031, 6.272353235250399 ], [ -75.602409740755306, 6.27233169081596 ], [ -75.602053249412521, 6.272208025545541 ], [ -75.601715939462096, 6.27210768448178 ], [ -75.601263811972899, 6.271961889439669 ], [ -75.600764133223095, 6.271723678593329 ], [ -75.6009726503287, 6.271469774163719 ], [ -75.601229901320906, 6.271369657135673 ], [ -75.601372239057, 6.271190959926949 ], [ -75.601368341095295, 6.270887012079581 ], [ -75.601323977600899, 6.27050621795555 ], [ -75.601394287535399, 6.270468018083739 ], [ -75.6016953692979, 6.270217742020833 ], [ -75.601957186959794, 6.269957836501278 ], [ -75.602210471582794, 6.269530391078508 ], [ -75.602425696121102, 6.269161507664649 ], [ -75.602679293966006, 6.268843172502998 ], [ -75.6029010030732, 6.26862917314121 ], [ -75.603129017742205, 6.268507707008782 ], [ -75.603567029280597, 6.268296975633801 ], [ -75.6042810712853, 6.268217936579307 ], [ -75.604744044361098, 6.268288682995778 ], [ -75.604837047400693, 6.268443315507341 ], [ -75.604826496384206, 6.268620654147888 ], [ -75.604772116805094, 6.268948153499738 ], [ -75.604792013647099, 6.269217954908329 ], [ -75.604879116484298, 6.269419367667778 ], [ -75.60509311772141, 6.269669121416491 ], [ -75.605247169907599, 6.269714460536227 ], [ -75.605481550655199, 6.2697069606116 ], [ -75.605658354966806, 6.269618765529711 ], [ -75.605851190542595, 6.269509090547397 ], [ -75.605912728164, 6.269221514442201 ], [ -75.605836612185897, 6.268992793428523 ], [ -75.605942509625507, 6.268738211943941 ], [ -75.606090088840801, 6.268633541069629 ], [ -75.606330439750593, 6.26860361399013 ], [ -75.606519550423599, 6.268596244143971 ], [ -75.606712267865603, 6.268445652654397 ], [ -75.606504497890896, 6.26826310296 ], [ -75.606258416913604, 6.268052412193119 ], [ -75.606061549652907, 6.26781332475486 ], [ -75.605974367468093, 6.2675846361442 ], [ -75.605944658210603, 6.267400592672288 ], [ -75.605943050031101, 6.267193088177978 ], [ -75.605928016777796, 6.26686676515153 ], [ -75.605908989004405, 6.266550197845378 ], [ -75.6058035328671, 6.266264082512661 ], [ -75.605562367671098, 6.266013433041629 ], [ -75.605233884792, 6.265833181225044 ], [ -75.605124800516805, 6.26568346803519 ], [ -75.605094021199506, 6.265477021515042 ], [ -75.604989503265301, 6.265167521060451 ], [ -75.604921059935606, 6.264462379836649 ], [ -75.605007817491, 6.263852261018149 ], [ -75.604930146435805, 6.26343357054673 ], [ -75.604818171773601, 6.262980880423167 ], [ -75.604810281628005, 6.26268863457533 ], [ -75.604881916411699, 6.262413695203053 ], [ -75.605350583090299, 6.262368493013481 ], [ -75.605641982757604, 6.26225073883198 ], [ -75.605852052099195, 6.262186803581449 ], [ -75.606075179561998, 6.262116011130171 ], [ -75.606234929145799, 6.262045400748051 ], [ -75.606388529616297, 6.261935842194929 ], [ -75.606441694578606, 6.261883078935949 ] ] ] } },
{ "type": "Feature", "properties": { "OBJECTID": 65, "BARRIO": "CALASANZ PA.", "area_total_ha": 49.878672217181716, "Alta": 0.0, "Media": 0.0, "Baja": 0.0, "high_share": 0.0, "medhigh_share": 0.0, "screening_score": 0.0, "screening_rank": 87, "barrio_code": "1213", "comuna_code": "12", "comuna_name": "La América", "population_2026": 12194.0, "imcv_ampi_2023": 105.69, "population_match": "fuzzy_name_variant", "population_density_km2_2026": 24447.322789397607, "hazard_weighted_population_proxy_2026": 0.0, "exposure_component": 0.0, "vulnerability_component": 0.36347197106690776, "priority_exposure": 0.0, "priority_balanced": 0.09086799276672694, "priority_equity": 0.1635623869801085, "rank_exposure": 85.0, "rank_balanced": 200.0, "rank_equity": 199.0, "rank_hazard_only": 87 }, "geometry": { "type": "Polygon", "coordinates": [ [ [ -75.601165377359095, 6.262986609168568 ], [ -75.601211916647998, 6.26307707699527 ], [ -75.601293833557705, 6.263225896769282 ], [ -75.601453784731802, 6.263224459339502 ], [ -75.601596286915793, 6.263103241823211 ], [ -75.601930780002405, 6.262927884280579 ], [ -75.602204934692907, 6.262760497116969 ], [ -75.602426905559298, 6.26263710042018 ], [ -75.602683166127505, 6.262543805204058 ], [ -75.603059185705206, 6.26246575093406 ], [ -75.603864831652203, 6.262408855237327 ], [ -75.60489883180982, 6.262349345717691 ], [ -75.604881916411699, 6.262413695203053 ], [ -75.604810281628005, 6.26268863457533 ], [ -75.604818171773601, 6.262980880423167 ], [ -75.604930146435805, 6.26343357054673 ], [ -75.605007817491, 6.263852261018149 ], [ -75.604921059935606, 6.264462379836649 ], [ -75.604989503265301, 6.265167521060451 ], [ -75.605094021199506, 6.265477021515042 ], [ -75.605124800516805, 6.26568346803519 ], [ -75.605233884792, 6.265833181225044 ], [ -75.605562367671098, 6.266013433041629 ], [ -75.6058035328671, 6.266264082512661 ], [ -75.605908989004405, 6.266550197845378 ], [ -75.605928016777796, 6.26686676515153 ], [ -75.605943050031101, 6.267193088177978 ], [ -75.605944658210603, 6.267400592672288 ], [ -75.605974367468093, 6.2675846361442 ], [ -75.606061549652907, 6.26781332475486 ], [ -75.606258416913604, 6.268052412193119 ], [ -75.606504497890896, 6.26826310296 ], [ -75.606712267865603, 6.268445652654397 ], [ -75.606519550423599, 6.268596244143971 ], [ -75.606330439750593, 6.26860361399013 ], [ -75.606090088840801, 6.268633541069629 ], [ -75.605942509625507, 6.268738211943941 ], [ -75.605836612185897, 6.268992793428523 ], [ -75.605912728164, 6.269221514442201 ], [ -75.605851190542595, 6.269509090547397 ], [ -75.605658354966806, 6.269618765529711 ], [ -75.605481550655199, 6.2697069606116 ], [ -75.605247169907599, 6.269714460536227 ], [ -75.60509311772141, 6.269669121416491 ], [ -75.604879116484298, 6.269419367667778 ], [ -75.604792013647099, 6.269217954908329 ], [ -75.604772116805094, 6.268948153499738 ], [ -75.604826496384206, 6.268620654147888 ], [ -75.604837047400693, 6.268443315507341 ], [ -75.604744044361098, 6.268288682995778 ], [ -75.6042810712853, 6.268217936579307 ], [ -75.603567029280597, 6.268296975633801 ], [ -75.603129017742205, 6.268507707008782 ], [ -75.6029010030732, 6.26862917314121 ], [ -75.602679293966006, 6.268843172502998 ], [ -75.602425696121102, 6.269161507664649 ], [ -75.602210471582794, 6.269530391078508 ], [ -75.601957186959794, 6.269957836501278 ], [ -75.6016953692979, 6.270217742020833 ], [ -75.601394287535399, 6.270468018083739 ], [ -75.601323977600899, 6.27050621795555 ], [ -75.601195413928906, 6.270577708375211 ], [ -75.600967169815206, 6.270620263831939 ], [ -75.600652307621999, 6.270627997117579 ], [ -75.600429815627209, 6.27057213592026 ], [ -75.600051344588607, 6.270501140261578 ], [ -75.599793376042697, 6.270353806802271 ], [ -75.599580393691696, 6.270107944157681 ], [ -75.599446015678893, 6.269908616839749 ], [ -75.599237579702702, 6.269495173090842 ], [ -75.599022615749504, 6.268912232359188 ], [ -75.598865872337896, 6.268632107821961 ], [ -75.598735647006905, 6.26847660949837 ], [ -75.598930970347595, 6.26818280075368 ], [ -75.599100469911605, 6.26800402547194 ], [ -75.599161070214805, 6.267738858894319 ], [ -75.599045406377996, 6.267401137478948 ], [ -75.598412316339207, 6.26590363067373 ], [ -75.598535996239718, 6.265882814125431 ], [ -75.598969345143999, 6.265798750910902 ], [ -75.599248716667603, 6.265694673873501 ], [ -75.600100606829798, 6.264929384161971 ], [ -75.600326190357407, 6.264663740999978 ], [ -75.600445188879604, 6.26441594136998 ], [ -75.600476416105494, 6.264082664570341 ], [ -75.6005087147865, 6.263771792498713 ], [ -75.600707286067504, 6.26355786141965 ], [ -75.601165377359095, 6.262986609168568 ] ] ] } },
{ "type": "Feature", "properties": { "OBJECTID": 66, "BARRIO": "CALASANZ", "area_total_ha": 30.787726565851393, "Alta": 0.0, "Media": 0.0, "Baja": 0.0, "high_share": 0.0, "medhigh_share": 0.0, "screening_score": 0.0, "screening_rank": 87, "barrio_code": "1202", "comuna_code": "12", "comuna_name": "La América", "population_2026": 4583.0, "imcv_ampi_2023": 105.69, "population_match": "exact", "population_density_km2_2026": 14885.801945127361, "hazard_weighted_population_proxy_2026": 0.0, "exposure_component": 0.0, "vulnerability_component": 0.36347197106690776, "priority_exposure": 0.0, "priority_balanced": 0.09086799276672694, "priority_equity": 0.1635623869801085, "rank_exposure": 85.0, "rank_balanced": 200.0, "rank_equity": 199.0, "rank_hazard_only": 87 }, "geometry": { "type": "Polygon", "coordinates": [ [ [ -75.600553572596695, 6.25910802918585 ], [ -75.600686239490699, 6.25941257841991 ], [ -75.600745348086306, 6.25967544862283 ], [ -75.600810593323899, 6.25997337432583 ], [ -75.600947406121605, 6.260667602008641 ], [ -75.601048057226805, 6.26172824660173 ], [ -75.601067246579902, 6.262796919149771 ], [ -75.601165377359095, 6.262986609168568 ], [ -75.600707286067504, 6.26355786141965 ], [ -75.6005087147865, 6.263771792498713 ], [ -75.600476416105494, 6.264082664570341 ], [ -75.600445188879604, 6.26441594136998 ], [ -75.600326190357407, 6.264663740999978 ], [ -75.600100606829798, 6.264929384161971 ], [ -75.599248716667603, 6.265694673873501 ], [ -75.598969345143999, 6.265798750910902 ], [ -75.598535996239718, 6.265882814125431 ], [ -75.598412316339207, 6.26590363067373 ], [ -75.598176017995598, 6.265943284988241 ], [ -75.597679073899101, 6.265952516644128 ], [ -75.597227680747395, 6.266059039575611 ], [ -75.596896875054, 6.266119423831901 ], [ -75.596297876985901, 6.265974046808688 ], [ -75.596567352192196, 6.264881154878976 ], [ -75.596726897471399, 6.264041882460551 ], [ -75.596843980360305, 6.263478438136949 ], [ -75.596846946427902, 6.263460893518721 ], [ -75.596979411789405, 6.262649950719618 ], [ -75.597502298288504, 6.260825654837958 ], [ -75.597683972514801, 6.25998534325903 ], [ -75.597794012687999, 6.259421919856331 ], [ -75.597942506651293, 6.25858852534294 ], [ -75.597955323171504, 6.258497884030711 ], [ -75.599710971277403, 6.25890782753318 ], [ -75.600553572596695, 6.25910802918585 ] ] ] } },
{ "type": "Feature", "properties": { "OBJECTID": 67, "BARRIO": "ESTADIO", "area_total_ha": 37.461687313988733, "Alta": 0.0, "Media": 0.0, "Baja": 0.0, "high_share": 0.0, "medhigh_share": 0.0, "screening_score": 0.0, "screening_rank": 87, "barrio_code": "1113", "comuna_code": "11", "comuna_name": "Laureles Estadio", "population_2026": 4861.0, "imcv_ampi_2023": 117.75, "population_match": "exact", "population_density_km2_2026": 12975.923799846658, "hazard_weighted_population_proxy_2026": 0.0, "exposure_component": 0.0, "vulnerability_component": 0.0, "priority_exposure": 0.0, "priority_balanced": 0.0, "priority_equity": 0.0, "rank_exposure": 85.0, "rank_balanced": 234.0, "rank_equity": 234.0, "rank_hazard_only": 87 }, "geometry": { "type": "MultiPolygon", "coordinates": [ [ [ [ -75.593378339911595, 6.26175528564051 ], [ -75.590093897225103, 6.26006665571791 ], [ -75.590936084541696, 6.25872173887365 ], [ -75.591741509281107, 6.257187927708342 ], [ -75.592193041176202, 6.256431597548541 ], [ -75.592339206875494, 6.256184696258711 ], [ -75.592475457545703, 6.25598848293262 ], [ -75.592594754370595, 6.255842979672089 ], [ -75.5927383303044, 6.256094892038508 ], [ -75.592896283794701, 6.256449058099329 ], [ -75.5932302233076, 6.256780308538822 ], [ -75.593488446281, 6.257019226480371 ], [ -75.593845374076196, 6.257298777115021 ], [ -75.594247550643999, 6.257570401832348 ], [ -75.594684939379903, 6.25784289975117 ], [ -75.594953998876505, 6.258001898082679 ], [ -75.595269069038395, 6.258068211009649 ], [ -75.595582952086104, 6.258072177590421 ], [ -75.595829352340502, 6.258048083708728 ], [ -75.5958665962944, 6.258055770277932 ], [ -75.596447433705521, 6.25818561457622 ], [ -75.5978788163236, 6.258480568444559 ], [ -75.597955323171504, 6.258497884030711 ], [ -75.597942506651293, 6.25858852534294 ], [ -75.597794012687999, 6.259421919856331 ], [ -75.597683972514801, 6.25998534325903 ], [ -75.597502298288504, 6.260825654837958 ], [ -75.596979411789405, 6.262649950719618 ], [ -75.596846946427902, 6.263460893518721 ], [ -75.596843980360305, 6.263478438136949 ], [ -75.5952997047483, 6.26276391646297 ], [ -75.593378339911595, 6.26175528564051 ] ] ], [ [ [ -75.593234270446999, 6.261682633562863 ], [ -75.590083957871201, 6.260108576141249 ], [ -75.592303356530095, 6.261208916633537 ], [ -75.593234270446999, 6.261682633562863 ] ] ] ] } },
{ "type": "Feature", "properties": { "OBJECTID": 68, "BARRIO": "UNIDAD DEPORTIVA  ATANASIO GIRARDOT", "area_total_ha": 39.959882692421225, "Alta": 0.0, "Media": 0.0, "Baja": 0.0, "high_share": 0.0, "medhigh_share": 0.0, "screening_score": 0.0, "screening_rank": 87, "barrio_code": null, "comuna_code": null, "comuna_name": null, "population_2026": null, "imcv_ampi_2023": null, "population_match": "unmatched_or_nonresidential", "population_density_km2_2026": null, "hazard_weighted_population_proxy_2026": null, "exposure_component": null, "vulnerability_component": null, "priority_exposure": null, "priority_balanced": null, "priority_equity": null, "rank_exposure": null, "rank_balanced": null, "rank_equity": null, "rank_hazard_only": 87 }, "geometry": { "type": "Polygon", "coordinates": [ [ [ -75.590093897225103, 6.26006665571791 ], [ -75.590083957871201, 6.260108576141249 ], [ -75.5880927478171, 6.25929496819779 ], [ -75.586211905765097, 6.25837776559258 ], [ -75.586646367387914, 6.257629280431552 ], [ -75.587705377105095, 6.255765454420348 ], [ -75.587942378623296, 6.25526986249195 ], [ -75.588038195090107, 6.255004595913819 ], [ -75.588052524728099, 6.254739562961066 ], [ -75.588027527202499, 6.254441518966724 ], [ -75.587911051180797, 6.25416712001061 ], [ -75.587864248948904, 6.2539831224505 ], [ -75.587855147323395, 6.253615862553459 ], [ -75.587882677057706, 6.253392683845512 ], [ -75.587949203826497, 6.25308755816299 ], [ -75.588137387965304, 6.25310942598711 ], [ -75.588531349378698, 6.252973850556518 ], [ -75.588913583959396, 6.252959113697858 ], [ -75.589319091376495, 6.25299107304624 ], [ -75.589760926239506, 6.253061898103002 ], [ -75.590160527339805, 6.253139663732812 ], [ -75.590515931508193, 6.25323996235784 ], [ -75.590969377820997, 6.253500728401942 ], [ -75.591297885319506, 6.253693655836772 ], [ -75.591676672917103, 6.253879619292602 ], [ -75.591939778992199, 6.254067864031219 ], [ -75.592238934319198, 6.2541985245739 ], [ -75.592323411310204, 6.254189512398238 ], [ -75.592444102190797, 6.254179423631799 ], [ -75.592667756543904, 6.25429179119639 ], [ -75.593052779210097, 6.254546905788409 ], [ -75.593305808832199, 6.254729332745309 ], [ -75.593593271474006, 6.254991548291838 ], [ -75.593766960782816, 6.25521999092512 ], [ -75.593956992336899, 6.25553412023318 ], [ -75.594177350672197, 6.255899796146899 ], [ -75.594433251671902, 6.256380330282598 ], [ -75.594728322354598, 6.256838343450742 ], [ -75.595045440086196, 6.2572670637617 ], [ -75.595334108415599, 6.257597470993601 ], [ -75.5958665962944, 6.258055770277932 ], [ -75.595829352340502, 6.258048083708728 ], [ -75.595582952086104, 6.258072177590421 ], [ -75.595269069038395, 6.258068211009649 ], [ -75.594953998876505, 6.258001898082679 ], [ -75.594684939379903, 6.25784289975117 ], [ -75.594247550643999, 6.257570401832348 ], [ -75.593845374076196, 6.257298777115021 ], [ -75.593488446281, 6.257019226480371 ], [ -75.5932302233076, 6.256780308538822 ], [ -75.592896283794701, 6.256449058099329 ], [ -75.5927383303044, 6.256094892038508 ], [ -75.592594754370595, 6.255842979672089 ], [ -75.592475457545703, 6.25598848293262 ], [ -75.592339206875494, 6.256184696258711 ], [ -75.592193041176202, 6.256431597548541 ], [ -75.591741509281107, 6.257187927708342 ], [ -75.590936084541696, 6.25872173887365 ], [ -75.590093897225103, 6.26006665571791 ] ] ] } },
{ "type": "Feature", "properties": { "OBJECTID": 69, "BARRIO": "SURAMERICANA", "area_total_ha": 48.057017362010839, "Alta": 0.0, "Media": 0.0, "Baja": 0.0, "high_share": 0.0, "medhigh_share": 0.0, "screening_score": 0.0, "screening_rank": 87, "barrio_code": "1102", "comuna_code": "11", "comuna_name": "Laureles Estadio", "population_2026": 3980.0, "imcv_ampi_2023": 117.75, "population_match": "exact", "population_density_km2_2026": 8281.8289991217753, "hazard_weighted_population_proxy_2026": 0.0, "exposure_component": 0.0, "vulnerability_component": 0.0, "priority_exposure": 0.0, "priority_balanced": 0.0, "priority_equity": 0.0, "rank_exposure": 85.0, "rank_balanced": 234.0, "rank_equity": 234.0, "rank_hazard_only": 87 }, "geometry": { "type": "Polygon", "coordinates": [ [ [ -75.579196397342102, 6.250744220793569 ], [ -75.580172942588206, 6.251354232357953 ], [ -75.580863554173305, 6.251882246719001 ], [ -75.581219467686495, 6.252161809720719 ], [ -75.581656004954397, 6.252491804310391 ], [ -75.581927366629799, 6.252754073952371 ], [ -75.582197608156307, 6.252976402035152 ], [ -75.582483482021402, 6.253035986274003 ], [ -75.582820386946594, 6.252999952377149 ], [ -75.583175576677206, 6.253025240689438 ], [ -75.583501708800299, 6.253091529808792 ], [ -75.583810578161817, 6.253101362492279 ], [ -75.584131583566304, 6.25313356818635 ], [ -75.584484514927595, 6.253073130109052 ], [ -75.584907849346394, 6.2530066441145 ], [ -75.585260813413299, 6.252957896065989 ], [ -75.5855805674816, 6.252904372358788 ], [ -75.585855212202915, 6.252907482411471 ], [ -75.586117836767599, 6.25292816351522 ], [ -75.586376634794405, 6.253018024389911 ], [ -75.586616255126899, 6.253085534940412 ], [ -75.586926506335004, 6.253226884165281 ], [ -75.587133176905198, 6.253381194498662 ], [ -75.587345847467304, 6.253522822570221 ], [ -75.587855147323395, 6.253615862553459 ], [ -75.587864248948904, 6.2539831224505 ], [ -75.587911051180797, 6.25416712001061 ], [ -75.588027527202499, 6.254441518966724 ], [ -75.588052524728099, 6.254739562961066 ], [ -75.588038195090107, 6.255004595913819 ], [ -75.587942378623296, 6.25526986249195 ], [ -75.587705377105095, 6.255765454420348 ], [ -75.586646367387914, 6.257629280431552 ], [ -75.586211905765097, 6.25837776559258 ], [ -75.586061802435495, 6.258305128742041 ], [ -75.583858365268597, 6.257150152231928 ], [ -75.579953221932797, 6.255444710006001 ], [ -75.577452266097396, 6.2540197114217 ], [ -75.578615964978809, 6.251813641371247 ], [ -75.579196397342102, 6.250744220793569 ] ] ] } },
{ "type": "Feature", "properties": { "OBJECTID": 70, "BARRIO": "EL SOCORRO", "area_total_ha": 18.014592399268626, "Alta": 0.0, "Media": 0.0, "Baja": 0.0, "high_share": 0.0, "medhigh_share": 0.0, "screening_score": 0.0, "screening_rank": 87, "barrio_code": "1319", "comuna_code": "13", "comuna_name": "San Javier", "population_2026": 9586.0, "imcv_ampi_2023": 93.89, "population_match": "exact", "population_density_km2_2026": 53212.416842632432, "hazard_weighted_population_proxy_2026": 0.0, "exposure_component": 0.0, "vulnerability_component": 0.71910789632308603, "priority_exposure": 0.0, "priority_balanced": 0.17977697408077151, "priority_equity": 0.32359855334538873, "rank_exposure": 85.0, "rank_balanced": 85.0, "rank_equity": 82.0, "rank_hazard_only": 87 }, "geometry": { "type": "Polygon", "coordinates": [ [ [ -75.618668250484518, 6.256944127570072 ], [ -75.618842178993305, 6.257251472710942 ], [ -75.618911040022397, 6.257406171734941 ], [ -75.618924553199307, 6.257555188374651 ], [ -75.618920096004501, 6.257751018982959 ], [ -75.618921875584704, 6.25801502759737 ], [ -75.618946979299096, 6.25834326678788 ], [ -75.618974711529205, 6.258881929696522 ], [ -75.618964812745205, 6.259968215526389 ], [ -75.619095407291695, 6.260592306831782 ], [ -75.619199561898199, 6.260776129737518 ], [ -75.619287667770195, 6.260975586107538 ], [ -75.619373613840693, 6.261124390005472 ], [ -75.619632840243199, 6.261358416817379 ], [ -75.620287933091504, 6.261766641023021 ], [ -75.620644669946202, 6.261976026110151 ], [ -75.620949132457596, 6.262198228551399 ], [ -75.621208494637401, 6.262478042779639 ], [ -75.621359122654795, 6.26272894822069 ], [ -75.621503737207902, 6.262986692051328 ], [ -75.621735268890603, 6.26338154459352 ], [ -75.622007963784199, 6.263405099981591 ], [ -75.621497372422795, 6.263560526311269 ], [ -75.621204246712196, 6.263430841170499 ], [ -75.620963431890104, 6.2633010027486 ], [ -75.620733731899705, 6.263187693462082 ], [ -75.620556594598, 6.263159962080722 ], [ -75.620356542006803, 6.263208286598339 ], [ -75.620266626316294, 6.263420930140851 ], [ -75.620182711687804, 6.263621866035292 ], [ -75.620091791617, 6.26383548648193 ], [ -75.619871132374001, 6.264061178161049 ], [ -75.619683317665604, 6.264165971929521 ], [ -75.619374112160401, 6.264042179155032 ], [ -75.619183175554596, 6.263768008690398 ], [ -75.619094879866196, 6.263504254362579 ], [ -75.6190833603535, 6.263349385873688 ], [ -75.619018104462, 6.263051466957011 ], [ -75.618850775463301, 6.262937972497171 ], [ -75.618656622791093, 6.262939517331978 ], [ -75.618467718407103, 6.263016060705259 ], [ -75.618286725328204, 6.263045817629499 ], [ -75.6181135131432, 6.262983973813931 ], [ -75.617895917130497, 6.262881344508597 ], [ -75.617666505755693, 6.26286642950705 ], [ -75.617317411198698, 6.26286258180519 ], [ -75.617283979898403, 6.262782793095207 ], [ -75.616989211270507, 6.262434883959261 ], [ -75.616796850759499, 6.262017506493931 ], [ -75.616628748334307, 6.261639027756171 ], [ -75.6164254082273, 6.261250907531421 ], [ -75.616304003345306, 6.261016475702927 ], [ -75.616193678406106, 6.26078688218465 ], [ -75.616032220346298, 6.260615890600162 ], [ -75.616287872369796, 6.260316057756142 ], [ -75.616491430561396, 6.260090416730691 ], [ -75.616610855232594, 6.259991670228302 ], [ -75.616747230598605, 6.25984124103075 ], [ -75.616898208551902, 6.259524176536782 ], [ -75.6170591300734, 6.25951104142603 ], [ -75.617275228956402, 6.259446109695531 ], [ -75.617548633934007, 6.259369320918279 ], [ -75.618261127442295, 6.259111013872757 ], [ -75.618293452954106, 6.258812807163451 ], [ -75.618302722438102, 6.258542920257491 ], [ -75.618311894300305, 6.258238936487668 ], [ -75.618291819579994, 6.25791068285177 ], [ -75.618260501106803, 6.257521087289488 ], [ -75.618206075508098, 6.257142273951321 ], [ -75.618496515671595, 6.257043026662049 ], [ -75.618668250484518, 6.256944127570072 ] ] ] } },
{ "type": "Feature", "properties": { "OBJECTID": 71, "BARRIO": "ANTONIO NARIÑO", "area_total_ha": 30.840193392157815, "Alta": 0.0, "Media": 0.0, "Baja": 0.0, "high_share": 0.0, "medhigh_share": 0.0, "screening_score": 0.0, "screening_rank": 87, "barrio_code": "1318", "comuna_code": "13", "comuna_name": "San Javier", "population_2026": 14879.0, "imcv_ampi_2023": 93.89, "population_match": "exact", "population_density_km2_2026": 48245.482156358652, "hazard_weighted_population_proxy_2026": 0.0, "exposure_component": 0.0, "vulnerability_component": 0.71910789632308603, "priority_exposure": 0.0, "priority_balanced": 0.17977697408077151, "priority_equity": 0.32359855334538873, "rank_exposure": 85.0, "rank_balanced": 85.0, "rank_equity": 82.0, "rank_hazard_only": 87 }, "geometry": { "type": "Polygon", "coordinates": [ [ [ -75.618668250484518, 6.256944127570072 ], [ -75.619157398377098, 6.2566816041594 ], [ -75.619430214750594, 6.256404125139079 ], [ -75.619708277625008, 6.256200672810998 ], [ -75.619849728927704, 6.256066791343951 ], [ -75.620111815702899, 6.255904300923602 ], [ -75.620276607844303, 6.255839520884522 ], [ -75.620425405929197, 6.255809857277849 ], [ -75.620608408210998, 6.255780094266729 ], [ -75.620779452608005, 6.255789333929692 ], [ -75.620927414281695, 6.255817153197621 ], [ -75.621077439233503, 6.255862501654398 ], [ -75.621340181302699, 6.255924080769323 ], [ -75.621524525721, 6.25600927104338 ], [ -75.621816085300793, 6.255948988746618 ], [ -75.622162906510397, 6.255866136273669 ], [ -75.622523023390798, 6.255857284388291 ], [ -75.622758519025695, 6.255889716618559 ], [ -75.623129772032499, 6.255905188231668 ], [ -75.623817379136298, 6.256082424802202 ], [ -75.624131374974894, 6.25612631597344 ], [ -75.624486697799, 6.256198337741699 ], [ -75.624893513051603, 6.256333531684641 ], [ -75.625140260170596, 6.256429254143389 ], [ -75.625450618190698, 6.256604674795148 ], [ -75.6257663279128, 6.256889191767932 ], [ -75.625922572234501, 6.256996870591362 ], [ -75.626111144059095, 6.25715121552523 ], [ -75.626421351189194, 6.257275002150732 ], [ -75.626702502964903, 6.25743881703342 ], [ -75.626792215865606, 6.25749992914891 ], [ -75.626534702174695, 6.25784848272595 ], [ -75.626357939344899, 6.25794739913574 ], [ -75.626204296036605, 6.258040401208397 ], [ -75.626056976788703, 6.258230807387812 ], [ -75.626036578213103, 6.258478319925551 ], [ -75.626134644365607, 6.25864364712968 ], [ -75.626209474377816, 6.258774946465819 ], [ -75.626280823851104, 6.259091357433792 ], [ -75.626068175610698, 6.25896046422336 ], [ -75.625856837814098, 6.25893283395536 ], [ -75.625684714473493, 6.258899243086639 ], [ -75.625369478915502, 6.25877644523758 ], [ -75.624875696830102, 6.25848758046669 ], [ -75.624391683991803, 6.258100290912278 ], [ -75.624099180595607, 6.257839087343649 ], [ -75.623919542668403, 6.25764379667603 ], [ -75.623735899657504, 6.25745533794659 ], [ -75.623540371119006, 6.257330238417032 ], [ -75.623322918906993, 6.257276321325102 ], [ -75.623150797776603, 6.25724272931881 ], [ -75.622980907706406, 6.25728414524087 ], [ -75.622987834985196, 6.25758808185263 ], [ -75.623088774893802, 6.258047616741679 ], [ -75.623101311139806, 6.258891252435469 ], [ -75.62336675595192, 6.259187610287949 ], [ -75.623590788281703, 6.259426608630469 ], [ -75.6236339340782, 6.259731412589336 ], [ -75.623469290935603, 6.259846854514511 ], [ -75.622965049704305, 6.259765527421528 ], [ -75.622792758972807, 6.259674456838108 ], [ -75.622489522738704, 6.259527267309042 ], [ -75.622265040226011, 6.259477267262269 ], [ -75.622035411046397, 6.259387338219299 ], [ -75.621892175563005, 6.259256239690194 ], [ -75.621500647389496, 6.258845294728338 ], [ -75.621292712657706, 6.258606247102021 ], [ -75.621115527839706, 6.25856195326168 ], [ -75.620889052235697, 6.25886170360595 ], [ -75.620828364372798, 6.259092771007412 ], [ -75.620780904037701, 6.259718359181542 ], [ -75.620834977108302, 6.259976368051691 ], [ -75.620728615948295, 6.26041313161234 ], [ -75.620599538262496, 6.260650245418441 ], [ -75.620549980666496, 6.260903688673291 ], [ -75.620717710871801, 6.261154544418307 ], [ -75.6209074558965, 6.26136539322373 ], [ -75.621165358442894, 6.261490310851181 ], [ -75.621658639633196, 6.261607716799752 ], [ -75.622065269743103, 6.261678615294088 ], [ -75.6222255386527, 6.26178628203933 ], [ -75.622341747690797, 6.261963248619067 ], [ -75.6223321116302, 6.262107460629569 ], [ -75.622242195082904, 6.262320105020211 ], [ -75.622048733747107, 6.262557409114102 ], [ -75.621863724396604, 6.26293205259964 ], [ -75.621911931743497, 6.26324755823371 ], [ -75.622007963784199, 6.263405099981591 ], [ -75.621735268890603, 6.26338154459352 ], [ -75.621503737207902, 6.262986692051328 ], [ -75.621359122654795, 6.26272894822069 ], [ -75.621208494637401, 6.262478042779639 ], [ -75.620949132457596, 6.262198228551399 ], [ -75.620644669946202, 6.261976026110151 ], [ -75.620287933091504, 6.261766641023021 ], [ -75.619632840243199, 6.261358416817379 ], [ -75.619373613840693, 6.261124390005472 ], [ -75.619287667770195, 6.260975586107538 ], [ -75.619199561898199, 6.260776129737518 ], [ -75.619095407291695, 6.260592306831782 ], [ -75.618964812745205, 6.259968215526389 ], [ -75.618974711529205, 6.258881929696522 ], [ -75.618946979299096, 6.25834326678788 ], [ -75.618921875584704, 6.25801502759737 ], [ -75.618920096004501, 6.257751018982959 ], [ -75.618924553199307, 6.257555188374651 ], [ -75.618911040022397, 6.257406171734941 ], [ -75.618842178993305, 6.257251472710942 ], [ -75.618668250484518, 6.256944127570072 ] ] ] } },
{ "type": "Feature", "properties": { "OBJECTID": 72, "BARRIO": "LA PRADERA", "area_total_ha": 41.374857917184123, "Alta": 0.0, "Media": 0.0, "Baja": 0.0, "high_share": 0.0, "medhigh_share": 0.0, "screening_score": 0.0, "screening_rank": 87, "barrio_code": "1306", "comuna_code": "13", "comuna_name": "San Javier", "population_2026": 13073.0, "imcv_ampi_2023": 93.89, "population_match": "exact", "population_density_km2_2026": 31596.48312549352, "hazard_weighted_population_proxy_2026": 0.0, "exposure_component": 0.0, "vulnerability_component": 0.71910789632308603, "priority_exposure": 0.0, "priority_balanced": 0.17977697408077151, "priority_equity": 0.32359855334538873, "rank_exposure": 85.0, "rank_balanced": 85.0, "rank_equity": 82.0, "rank_hazard_only": 87 }, "geometry": { "type": "Polygon", "coordinates": [ [ [ -75.611158986640902, 6.257789289566769 ], [ -75.6121269543967, 6.258204408861708 ], [ -75.6129016026714, 6.258560662530259 ], [ -75.613984078372894, 6.258915041758732 ], [ -75.615112744080093, 6.2592390818413 ], [ -75.615598943790502, 6.259343849940992 ], [ -75.616039797249897, 6.259421473346477 ], [ -75.616424179274404, 6.25945347273326 ], [ -75.616898208551902, 6.259524176536782 ], [ -75.616747230598605, 6.25984124103075 ], [ -75.616610855232594, 6.259991670228302 ], [ -75.616491430561396, 6.260090416730691 ], [ -75.616287872369796, 6.260316057756142 ], [ -75.616032220346298, 6.260615890600162 ], [ -75.615850810101307, 6.260847311967267 ], [ -75.615543368895601, 6.2609816803809 ], [ -75.615279768531295, 6.260971735028821 ], [ -75.615180528959996, 6.261437702939939 ], [ -75.615096683152004, 6.26235176890008 ], [ -75.615025409778895, 6.262748486751697 ], [ -75.614969865617894, 6.263019482956791 ], [ -75.614949342550815, 6.263226077515709 ], [ -75.614973166400205, 6.263460794870901 ], [ -75.614455776335603, 6.263700993698351 ], [ -75.614258351051802, 6.263270964138171 ], [ -75.614118570878503, 6.262945008696151 ], [ -75.613961487742102, 6.26254993193966 ], [ -75.613833006934598, 6.26230382965112 ], [ -75.6137289546716, 6.262155077476429 ], [ -75.613584713729395, 6.262023978438879 ], [ -75.613326916140295, 6.26193412978082 ], [ -75.6128412296448, 6.262696416530871 ], [ -75.612122605561396, 6.263615258473689 ], [ -75.611492059978005, 6.264380890796388 ], [ -75.6114299651517, 6.264130697792049 ], [ -75.6112902206456, 6.263816431199529 ], [ -75.611069945978201, 6.263484863226301 ], [ -75.610700400250195, 6.263022210137231 ], [ -75.610430129668899, 6.262795030233312 ], [ -75.609169660711302, 6.261775768097139 ], [ -75.608841859412493, 6.262175181014879 ], [ -75.608422419044203, 6.261851010809909 ], [ -75.607837537485594, 6.262407048267842 ], [ -75.607486371895405, 6.262036890504151 ], [ -75.606894102123306, 6.262820916475151 ], [ -75.606441694578606, 6.261883078935949 ], [ -75.606649365699198, 6.261686655835249 ], [ -75.606876083850906, 6.26146679601012 ], [ -75.6071989756216, 6.26110831534469 ], [ -75.607543946223402, 6.260732233971159 ], [ -75.6079530689031, 6.260276080773998 ], [ -75.608264957135901, 6.259940038433609 ], [ -75.608637993164393, 6.259528803967589 ], [ -75.608949849912904, 6.259182047690819 ], [ -75.609528295956494, 6.25848963718756 ], [ -75.610134250631106, 6.2579169764529 ], [ -75.610209663792702, 6.257904090873708 ], [ -75.610843305945394, 6.257858404731611 ], [ -75.611158986640902, 6.257789289566769 ] ] ] } },
{ "type": "Feature", "properties": { "OBJECTID": 73, "BARRIO": "SAN JAVIER #2", "area_total_ha": 18.681496758209146, "Alta": 0.0, "Media": 0.0, "Baja": 0.0, "high_share": 0.0, "medhigh_share": 0.0, "screening_score": 0.0, "screening_rank": 87, "barrio_code": "1308", "comuna_code": "13", "comuna_name": "San Javier", "population_2026": 4073.0, "imcv_ampi_2023": 93.89, "population_match": "exact", "population_density_km2_2026": 21802.321584378489, "hazard_weighted_population_proxy_2026": 0.0, "exposure_component": 0.0, "vulnerability_component": 0.71910789632308603, "priority_exposure": 0.0, "priority_balanced": 0.17977697408077151, "priority_equity": 0.32359855334538873, "rank_exposure": 85.0, "rank_balanced": 85.0, "rank_equity": 82.0, "rank_hazard_only": 87 }, "geometry": { "type": "Polygon", "coordinates": [ [ [ -75.613854464768906, 6.256210003104649 ], [ -75.614216494549197, 6.256511929059029 ], [ -75.614406841243706, 6.256585413705609 ], [ -75.614636588654704, 6.25671626332044 ], [ -75.614980142158203, 6.256891593053972 ], [ -75.615249992251606, 6.256975561418549 ], [ -75.615535802062894, 6.257012722042399 ], [ -75.615936344545304, 6.257067081575229 ], [ -75.616256377320994, 6.25711095915844 ], [ -75.616714295207515, 6.257176841645362 ], [ -75.617109741658695, 6.257208808612304 ], [ -75.617572466625617, 6.257198685815431 ], [ -75.617925526980798, 6.257184012705229 ], [ -75.618206075508098, 6.257142273951321 ], [ -75.618260501106803, 6.257521087289488 ], [ -75.618291819579994, 6.25791068285177 ], [ -75.618311894300305, 6.258238936487668 ], [ -75.618302722438102, 6.258542920257491 ], [ -75.618293452954106, 6.258812807163451 ], [ -75.618261127442295, 6.259111013872757 ], [ -75.617548633934007, 6.259369320918279 ], [ -75.617275228956402, 6.259446109695531 ], [ -75.6170591300734, 6.25951104142603 ], [ -75.616898208551902, 6.259524176536782 ], [ -75.616424179274404, 6.25945347273326 ], [ -75.616039797249897, 6.259421473346477 ], [ -75.615598943790502, 6.259343849940992 ], [ -75.615112744080093, 6.2592390818413 ], [ -75.613984078372894, 6.258915041758732 ], [ -75.6129016026714, 6.258560662530259 ], [ -75.6121269543967, 6.258204408861708 ], [ -75.611158986640902, 6.257789289566769 ], [ -75.611328822285301, 6.25772839209427 ], [ -75.611521449254298, 6.257548573166761 ], [ -75.611701757257293, 6.257284032785202 ], [ -75.612064495958819, 6.256792940025859 ], [ -75.612413790295804, 6.25617621105342 ], [ -75.612742689775004, 6.255810893224938 ], [ -75.612877312375502, 6.25574912398062 ], [ -75.612982800697793, 6.255701079637761 ], [ -75.613160100397707, 6.255785319482989 ], [ -75.613435114076808, 6.255915063053019 ], [ -75.613665962667895, 6.256079032544667 ], [ -75.613854464768906, 6.256210003104649 ] ] ] } },
{ "type": "Feature", "properties": { "OBJECTID": 74, "BARRIO": "LOS ALCAZARES", "area_total_ha": 27.376571272013617, "Alta": 0.0, "Media": 0.0, "Baja": 0.0, "high_share": 0.0, "medhigh_share": 0.0, "screening_score": 0.0, "screening_rank": 87, "barrio_code": "1304", "comuna_code": "13", "comuna_name": "San Javier", "population_2026": 7518.0, "imcv_ampi_2023": 93.89, "population_match": "exact", "population_density_km2_2026": 27461.43746527332, "hazard_weighted_population_proxy_2026": 0.0, "exposure_component": 0.0, "vulnerability_component": 0.71910789632308603, "priority_exposure": 0.0, "priority_balanced": 0.17977697408077151, "priority_equity": 0.32359855334538873, "rank_exposure": 85.0, "rank_balanced": 85.0, "rank_equity": 82.0, "rank_hazard_only": 87 }, "geometry": { "type": "Polygon", "coordinates": [ [ [ -75.600602880443404, 6.25911275710901 ], [ -75.601029074446004, 6.259339491525748 ], [ -75.602040990407602, 6.25999319034851 ], [ -75.602362381328206, 6.260157877145921 ], [ -75.602584864063303, 6.260211788326788 ], [ -75.602750921185404, 6.260234687876219 ], [ -75.602995038486895, 6.260117074217642 ], [ -75.603480129005902, 6.259838011489933 ], [ -75.604619545078904, 6.259359281679068 ], [ -75.605850745760804, 6.25896406648634 ], [ -75.606459686020003, 6.258724586014209 ], [ -75.607025584080105, 6.258560244110368 ], [ -75.607544249003396, 6.258412602205783 ], [ -75.608114250243602, 6.258275526326021 ], [ -75.608519405231903, 6.258185693192281 ], [ -75.608953702695501, 6.258085058702711 ], [ -75.609456536927595, 6.258029037508779 ], [ -75.610134250631106, 6.2579169764529 ], [ -75.609528295956494, 6.25848963718756 ], [ -75.608949849912904, 6.259182047690819 ], [ -75.608637993164393, 6.259528803967589 ], [ -75.608264957135901, 6.259940038433609 ], [ -75.6079530689031, 6.260276080773998 ], [ -75.607543946223402, 6.260732233971159 ], [ -75.6071989756216, 6.26110831534469 ], [ -75.606876083850906, 6.26146679601012 ], [ -75.606649365699198, 6.261686655835249 ], [ -75.606441694578606, 6.261883078935949 ], [ -75.606388529616297, 6.261935842194929 ], [ -75.606234929145799, 6.262045400748051 ], [ -75.606075179561998, 6.262116011130171 ], [ -75.605852052099195, 6.262186803581449 ], [ -75.605641982757604, 6.26225073883198 ], [ -75.605350583090299, 6.262368493013481 ], [ -75.604881916411699, 6.262413695203053 ], [ -75.60489883180982, 6.262349345717691 ], [ -75.603864831652203, 6.262408855237327 ], [ -75.603059185705206, 6.26246575093406 ], [ -75.602683166127505, 6.262543805204058 ], [ -75.602426905559298, 6.26263710042018 ], [ -75.602204934692907, 6.262760497116969 ], [ -75.601930780002405, 6.262927884280579 ], [ -75.601596286915793, 6.263103241823211 ], [ -75.601453784731802, 6.263224459339502 ], [ -75.601293833557705, 6.263225896769282 ], [ -75.601211916647998, 6.26307707699527 ], [ -75.601165377359095, 6.262986609168568 ], [ -75.601067246579902, 6.262796919149771 ], [ -75.601048057226805, 6.26172824660173 ], [ -75.600947406121605, 6.260667602008641 ], [ -75.600810593323899, 6.25997337432583 ], [ -75.600745348086306, 6.25967544862283 ], [ -75.600686239490699, 6.25941257841991 ], [ -75.600553572596695, 6.25910802918585 ], [ -75.600602880443404, 6.25911275710901 ] ] ] } },
{ "type": "Feature", "properties": { "OBJECTID": 75, "BARRIO": "SANTA LUCIA", "area_total_ha": 29.449637169165211, "Alta": 0.0, "Media": 0.0, "Baja": 0.0, "high_share": 0.0, "medhigh_share": 0.0, "screening_score": 0.0, "screening_rank": 87, "barrio_code": "1206", "comuna_code": "12", "comuna_name": "La América", "population_2026": 6102.0, "imcv_ampi_2023": 105.69, "population_match": "exact", "population_density_km2_2026": 20720.119453250871, "hazard_weighted_population_proxy_2026": 0.0, "exposure_component": 0.0, "vulnerability_component": 0.36347197106690776, "priority_exposure": 0.0, "priority_balanced": 0.09086799276672694, "priority_equity": 0.1635623869801085, "rank_exposure": 85.0, "rank_balanced": 200.0, "rank_equity": 199.0, "rank_hazard_only": 87 }, "geometry": { "type": "Polygon", "coordinates": [ [ [ -75.609027688479003, 6.25585094439519 ], [ -75.609398889315003, 6.255847914623191 ], [ -75.609805282822904, 6.255838938059868 ], [ -75.610136047023701, 6.255767831431398 ], [ -75.610518971651899, 6.255644938235738 ], [ -75.610916948635804, 6.2555093357061 ], [ -75.611362258123194, 6.255391131163741 ], [ -75.611722293567894, 6.255354035300019 ], [ -75.612070473231597, 6.255391015400662 ], [ -75.612374477239911, 6.25545832392817 ], [ -75.612877312375502, 6.25574912398062 ], [ -75.612742689775004, 6.255810893224938 ], [ -75.612413790295804, 6.25617621105342 ], [ -75.612064495958819, 6.256792940025859 ], [ -75.611701757257293, 6.257284032785202 ], [ -75.611521449254298, 6.257548573166761 ], [ -75.611328822285301, 6.25772839209427 ], [ -75.611158986640902, 6.257789289566769 ], [ -75.610843305945394, 6.257858404731611 ], [ -75.610209663792702, 6.257904090873708 ], [ -75.610134250631106, 6.2579169764529 ], [ -75.609456536927595, 6.258029037508779 ], [ -75.608953702695501, 6.258085058702711 ], [ -75.608519405231903, 6.258185693192281 ], [ -75.608114250243602, 6.258275526326021 ], [ -75.607544249003396, 6.258412602205783 ], [ -75.607025584080105, 6.258560244110368 ], [ -75.606459686020003, 6.258724586014209 ], [ -75.605850745760804, 6.25896406648634 ], [ -75.604619545078904, 6.259359281679068 ], [ -75.603480129005902, 6.259838011489933 ], [ -75.602995038486895, 6.260117074217642 ], [ -75.602750921185404, 6.260234687876219 ], [ -75.602584864063303, 6.260211788326788 ], [ -75.602362381328206, 6.260157877145921 ], [ -75.602040990407602, 6.25999319034851 ], [ -75.601029074446004, 6.259339491525748 ], [ -75.600602880443404, 6.25911275710901 ], [ -75.601204607415895, 6.25916070061668 ], [ -75.601393730963494, 6.259159177812721 ], [ -75.601668313461502, 6.259139872100389 ], [ -75.601982112272395, 6.259114607397691 ], [ -75.602283403752295, 6.258939346675719 ], [ -75.602653979562618, 6.258719071298078 ], [ -75.603471905215102, 6.2580415586713 ], [ -75.604526384490995, 6.257067195148657 ], [ -75.606016217782511, 6.256011678639669 ], [ -75.606318565905596, 6.255854925030151 ], [ -75.606723454670899, 6.255673517212818 ], [ -75.607043149712297, 6.25560146839769 ], [ -75.607216111978204, 6.255577585444971 ], [ -75.607385046304501, 6.25555273792693 ], [ -75.607699931367094, 6.25555669283495 ], [ -75.607946562291104, 6.255612482121468 ], [ -75.608265667510494, 6.255683647218081 ], [ -75.60863929979692, 6.255824795745742 ], [ -75.609027688479003, 6.25585094439519 ] ] ] } },
{ "type": "Feature", "properties": { "OBJECTID": 76, "BARRIO": "FLORESTA", "area_total_ha": 42.095232806895609, "Alta": 0.0, "Media": 0.0, "Baja": 0.0, "high_share": 0.0, "medhigh_share": 0.0, "screening_score": 0.0, "screening_rank": 87, "barrio_code": "1205", "comuna_code": "12", "comuna_name": "La América", "population_2026": 10734.0, "imcv_ampi_2023": 105.69, "population_match": "fuzzy_name_variant", "population_density_km2_2026": 25499.32447039862, "hazard_weighted_population_proxy_2026": 0.0, "exposure_component": 0.0, "vulnerability_component": 0.36347197106690776, "priority_exposure": 0.0, "priority_balanced": 0.09086799276672694, "priority_equity": 0.1635623869801085, "rank_exposure": 85.0, "rank_balanced": 200.0, "rank_equity": 199.0, "rank_hazard_only": 87 }, "geometry": { "type": "Polygon", "coordinates": [ [ [ -75.600553572596695, 6.25910802918585 ], [ -75.599710971277403, 6.25890782753318 ], [ -75.597955323171504, 6.258497884030711 ], [ -75.598024358606395, 6.258018363519501 ], [ -75.5981939276747, 6.257167370212066 ], [ -75.598482014787805, 6.255901986804561 ], [ -75.598803331606803, 6.25464819937941 ], [ -75.598698838394498, 6.254693315334509 ], [ -75.598903856799097, 6.254273804900799 ], [ -75.599102489881602, 6.254082280808599 ], [ -75.599274212184298, 6.253977542231609 ], [ -75.599386614659295, 6.253884665803569 ], [ -75.599574236418405, 6.253711683481919 ], [ -75.599865917129605, 6.253692330445739 ], [ -75.600207761847102, 6.253626068943252 ], [ -75.600721447367206, 6.253495984105638 ], [ -75.601269202642001, 6.25332001318312 ], [ -75.601803694523099, 6.25307977866163 ], [ -75.602277979265494, 6.25289232868667 ], [ -75.602664861483802, 6.252746047984002 ], [ -75.602984691323101, 6.252720765211788 ], [ -75.603478213003896, 6.2529239229667 ], [ -75.604816631058299, 6.253775413508991 ], [ -75.604674314380205, 6.253959954918319 ], [ -75.604585250585004, 6.254121936066592 ], [ -75.6045112912429, 6.25428874322031 ], [ -75.604773350809594, 6.254809195184271 ], [ -75.605048814505196, 6.255789441879481 ], [ -75.605440902995298, 6.255703545946651 ], [ -75.605779636637706, 6.25560513934048 ], [ -75.606034839676596, 6.255495284193231 ], [ -75.606309252443694, 6.255418497353352 ], [ -75.606714606632593, 6.255397835307411 ], [ -75.607216111978204, 6.255577585444971 ], [ -75.607043149712297, 6.25560146839769 ], [ -75.606723454670899, 6.255673517212818 ], [ -75.606318565905596, 6.255854925030151 ], [ -75.606016217782511, 6.256011678639669 ], [ -75.604526384490995, 6.257067195148657 ], [ -75.603471905215102, 6.2580415586713 ], [ -75.602653979562618, 6.258719071298078 ], [ -75.602283403752295, 6.258939346675719 ], [ -75.601982112272395, 6.259114607397691 ], [ -75.601668313461502, 6.259139872100389 ], [ -75.601393730963494, 6.259159177812721 ], [ -75.601204607415895, 6.25916070061668 ], [ -75.600602880443404, 6.25911275710901 ], [ -75.600553572596695, 6.25910802918585 ] ] ] } },
{ "type": "Feature", "properties": { "OBJECTID": 77, "BARRIO": "EL VELODROMO", "area_total_ha": 36.083069949394215, "Alta": 0.0, "Media": 0.0, "Baja": 0.0, "high_share": 0.0, "medhigh_share": 0.0, "screening_score": 0.0, "screening_rank": 87, "barrio_code": "1112", "comuna_code": "11", "comuna_name": "Laureles Estadio", "population_2026": 5332.0, "imcv_ampi_2023": 117.75, "population_match": "exact", "population_density_km2_2026": 14777.013173984429, "hazard_weighted_population_proxy_2026": 0.0, "exposure_component": 0.0, "vulnerability_component": 0.0, "priority_exposure": 0.0, "priority_balanced": 0.0, "priority_equity": 0.0, "rank_exposure": 85.0, "rank_balanced": 234.0, "rank_equity": 234.0, "rank_hazard_only": 87 }, "geometry": { "type": "Polygon", "coordinates": [ [ [ -75.594839652256496, 6.249731001839701 ], [ -75.595177791960296, 6.249775817094298 ], [ -75.596993927323496, 6.249891385976287 ], [ -75.596855207113506, 6.25097610406189 ], [ -75.596696181620302, 6.252694132983798 ], [ -75.596533025891119, 6.253677602458438 ], [ -75.596558053824396, 6.25468196103529 ], [ -75.596669801244403, 6.255059641622132 ], [ -75.596899345792494, 6.255121329872969 ], [ -75.597218156070895, 6.255090206536369 ], [ -75.597526892139101, 6.255054243663579 ], [ -75.598045755803398, 6.25497480719855 ], [ -75.598428569353004, 6.254811977976749 ], [ -75.598698838394498, 6.254693315334509 ], [ -75.598803331606803, 6.25464819937941 ], [ -75.598482014787805, 6.255901986804561 ], [ -75.5981939276747, 6.257167370212066 ], [ -75.598024358606395, 6.258018363519501 ], [ -75.597955323171504, 6.258497884030711 ], [ -75.5978788163236, 6.258480568444559 ], [ -75.596447433705521, 6.25818561457622 ], [ -75.5958665962944, 6.258055770277932 ], [ -75.595334108415599, 6.257597470993601 ], [ -75.595045440086196, 6.2572670637617 ], [ -75.594728322354598, 6.256838343450742 ], [ -75.594433251671902, 6.256380330282598 ], [ -75.594177350672197, 6.255899796146899 ], [ -75.593956992336899, 6.25553412023318 ], [ -75.593766960782816, 6.25521999092512 ], [ -75.593593271474006, 6.254991548291838 ], [ -75.593305808832199, 6.254729332745309 ], [ -75.593052779210097, 6.254546905788409 ], [ -75.592667756543904, 6.25429179119639 ], [ -75.592444102190797, 6.254179423631799 ], [ -75.592323411310204, 6.254189512398238 ], [ -75.592418920236, 6.25381805591132 ], [ -75.592496460174701, 6.253495361705382 ], [ -75.592653341604517, 6.253126649867362 ], [ -75.592759115875296, 6.252827256219651 ], [ -75.592917017614894, 6.252463413273798 ], [ -75.593080115923698, 6.252158008415091 ], [ -75.593357795879001, 6.251817203825539 ], [ -75.593590505311198, 6.251580768714339 ], [ -75.593800024710205, 6.251325891112697 ], [ -75.594032663299799, 6.25106510060315 ], [ -75.594259384425698, 6.250845244975212 ], [ -75.594434655192899, 6.250574879791332 ], [ -75.594557661660303, 6.250321224176358 ], [ -75.594653490599697, 6.250061803746229 ], [ -75.594839652256496, 6.249731001839701 ] ] ] } },
{ "type": "Feature", "properties": { "OBJECTID": 78, "BARRIO": "LOS PINOS", "area_total_ha": 24.985048633743812, "Alta": 0.0, "Media": 0.0, "Baja": 0.0, "high_share": 0.0, "medhigh_share": 0.0, "screening_score": 0.0, "screening_rank": 87, "barrio_code": "1203", "comuna_code": "12", "comuna_name": "La América", "population_2026": 3302.0, "imcv_ampi_2023": 105.69, "population_match": "exact", "population_density_km2_2026": 13215.903832744398, "hazard_weighted_population_proxy_2026": 0.0, "exposure_component": 0.0, "vulnerability_component": 0.36347197106690776, "priority_exposure": 0.0, "priority_balanced": 0.09086799276672694, "priority_equity": 0.1635623869801085, "rank_exposure": 85.0, "rank_balanced": 200.0, "rank_equity": 199.0, "rank_hazard_only": 87 }, "geometry": { "type": "Polygon", "coordinates": [ [ [ -75.602307940258498, 6.250381655258603 ], [ -75.602296310490118, 6.250882442072199 ], [ -75.602251804921295, 6.25114658682594 ], [ -75.602100885388097, 6.251487029595359 ], [ -75.601919586612595, 6.251758389453268 ], [ -75.601727222266504, 6.252029781543589 ], [ -75.6015297261212, 6.252266117635301 ], [ -75.601234655322003, 6.252504682846901 ], [ -75.600614310846694, 6.252974108145449 ], [ -75.599881417149902, 6.253485749072199 ], [ -75.599574236418405, 6.253711683481919 ], [ -75.599386614659295, 6.253884665803569 ], [ -75.599274212184298, 6.253977542231609 ], [ -75.599102489881602, 6.254082280808599 ], [ -75.598903856799097, 6.254273804900799 ], [ -75.598698838394498, 6.254693315334509 ], [ -75.598428569353004, 6.254811977976749 ], [ -75.598045755803398, 6.25497480719855 ], [ -75.597526892139101, 6.255054243663579 ], [ -75.597218156070895, 6.255090206536369 ], [ -75.596899345792494, 6.255121329872969 ], [ -75.596669801244403, 6.255059641622132 ], [ -75.596558053824396, 6.25468196103529 ], [ -75.596533025891119, 6.253677602458438 ], [ -75.596696181620302, 6.252694132983798 ], [ -75.596855207113506, 6.25097610406189 ], [ -75.596993927323496, 6.249891385976287 ], [ -75.598675889458505, 6.249876788623878 ], [ -75.600512445797506, 6.250097503574288 ], [ -75.601600687110604, 6.250365191380962 ], [ -75.602307940258498, 6.250381655258603 ] ] ] } },
{ "type": "Feature", "properties": { "OBJECTID": 79, "BARRIO": "LA AMÉRICA", "area_total_ha": 35.653599068830282, "Alta": 0.0, "Media": 0.0, "Baja": 0.0, "high_share": 0.0, "medhigh_share": 0.0, "screening_score": 0.0, "screening_rank": 87, "barrio_code": "1204", "comuna_code": "12", "comuna_name": "La América", "population_2026": 9861.0, "imcv_ampi_2023": 105.69, "population_match": "exact", "population_density_km2_2026": 27657.796849521586, "hazard_weighted_population_proxy_2026": 0.0, "exposure_component": 0.0, "vulnerability_component": 0.36347197106690776, "priority_exposure": 0.0, "priority_balanced": 0.09086799276672694, "priority_equity": 0.1635623869801085, "rank_exposure": 85.0, "rank_balanced": 200.0, "rank_equity": 199.0, "rank_hazard_only": 87 }, "geometry": { "type": "Polygon", "coordinates": [ [ [ -75.605356995849306, 6.24792361240516 ], [ -75.6062749136495, 6.24877924411811 ], [ -75.607117150967099, 6.249554232718562 ], [ -75.608128774253302, 6.250459271747572 ], [ -75.607686293263399, 6.250858042212598 ], [ -75.6070904388272, 6.251443333666622 ], [ -75.607689996995902, 6.252134267954169 ], [ -75.606238669923201, 6.254321724591297 ], [ -75.605440902995298, 6.255703545946651 ], [ -75.605048814505196, 6.255789441879481 ], [ -75.604773350809594, 6.254809195184271 ], [ -75.6045112912429, 6.25428874322031 ], [ -75.604585250585004, 6.254121936066592 ], [ -75.604674314380205, 6.253959954918319 ], [ -75.604816631058299, 6.253775413508991 ], [ -75.603478213003896, 6.2529239229667 ], [ -75.602984691323101, 6.252720765211788 ], [ -75.602664861483802, 6.252746047984002 ], [ -75.602277979265494, 6.25289232868667 ], [ -75.601803694523099, 6.25307977866163 ], [ -75.601269202642001, 6.25332001318312 ], [ -75.600721447367206, 6.253495984105638 ], [ -75.600207761847102, 6.253626068943252 ], [ -75.599865917129605, 6.253692330445739 ], [ -75.599574236418405, 6.253711683481919 ], [ -75.599881417149902, 6.253485749072199 ], [ -75.600614310846694, 6.252974108145449 ], [ -75.601234655322003, 6.252504682846901 ], [ -75.6015297261212, 6.252266117635301 ], [ -75.601727222266504, 6.252029781543589 ], [ -75.601919586612595, 6.251758389453268 ], [ -75.602100885388097, 6.251487029595359 ], [ -75.602251804921295, 6.25114658682594 ], [ -75.602296310490118, 6.250882442072199 ], [ -75.602307940258498, 6.250381655258603 ], [ -75.602344158703602, 6.250382523639639 ], [ -75.602424440887305, 6.24961849772821 ], [ -75.602455076053715, 6.249080633247699 ], [ -75.602925834824404, 6.248718807274272 ], [ -75.603324450721502, 6.24845655984381 ], [ -75.603620910784301, 6.24835145874277 ], [ -75.603877032328995, 6.248212375594621 ], [ -75.604258995836702, 6.248106052236249 ], [ -75.604623988493415, 6.248044592945218 ], [ -75.604978103280303, 6.248048437352442 ], [ -75.605285709790095, 6.247971555813019 ], [ -75.605356995849306, 6.24792361240516 ] ] ] } },
{ "type": "Feature", "properties": { "OBJECTID": 80, "BARRIO": "EL DANUBIO", "area_total_ha": 22.597847666536868, "Alta": 0.0, "Media": 0.0, "Baja": 0.0, "high_share": 0.0, "medhigh_share": 0.0, "screening_score": 0.0, "screening_rank": 87, "barrio_code": "1207", "comuna_code": "12", "comuna_name": "La América", "population_2026": 6021.0, "imcv_ampi_2023": 105.69, "population_match": "exact", "population_density_km2_2026": 26644.130400595452, "hazard_weighted_population_proxy_2026": 0.0, "exposure_component": 0.0, "vulnerability_component": 0.36347197106690776, "priority_exposure": 0.0, "priority_balanced": 0.09086799276672694, "priority_equity": 0.1635623869801085, "rank_exposure": 85.0, "rank_balanced": 200.0, "rank_equity": 199.0, "rank_hazard_only": 87 }, "geometry": { "type": "Polygon", "coordinates": [ [ [ -75.610834937312902, 6.251524021708951 ], [ -75.611095629057601, 6.25191879735586 ], [ -75.611165440563994, 6.252055960571163 ], [ -75.611252889158393, 6.252377199517672 ], [ -75.611238281761601, 6.252542859883852 ], [ -75.611113307817718, 6.252809187473219 ], [ -75.610640193854806, 6.253742899025941 ], [ -75.60991283590522, 6.253386501878419 ], [ -75.609027688479003, 6.25585094439519 ], [ -75.60863929979692, 6.255824795745742 ], [ -75.608265667510494, 6.255683647218081 ], [ -75.607946562291104, 6.255612482121468 ], [ -75.607699931367094, 6.25555669283495 ], [ -75.607385046304501, 6.25555273792693 ], [ -75.607216111978204, 6.255577585444971 ], [ -75.606714606632593, 6.255397835307411 ], [ -75.606309252443694, 6.255418497353352 ], [ -75.606034839676596, 6.255495284193231 ], [ -75.605779636637706, 6.25560513934048 ], [ -75.605440902995298, 6.255703545946651 ], [ -75.606238669923201, 6.254321724591297 ], [ -75.607689996995902, 6.252134267954169 ], [ -75.6070904388272, 6.251443333666622 ], [ -75.607686293263399, 6.250858042212598 ], [ -75.608128774253302, 6.250459271747572 ], [ -75.609207726976294, 6.249606611015388 ], [ -75.609266937860994, 6.249557727213768 ], [ -75.610308812636106, 6.25083288026784 ], [ -75.610834937312902, 6.251524021708951 ] ] ] } },
{ "type": "Feature", "properties": { "OBJECTID": 81, "BARRIO": "CAMPO ALEGRE", "area_total_ha": 32.354809288911774, "Alta": 0.0, "Media": 0.0, "Baja": 0.0, "high_share": 0.0, "medhigh_share": 0.0, "screening_score": 0.0, "screening_rank": 87, "barrio_code": "1208", "comuna_code": "12", "comuna_name": "La América", "population_2026": 6359.0, "imcv_ampi_2023": 105.69, "population_match": "exact", "population_density_km2_2026": 19653.956057096202, "hazard_weighted_population_proxy_2026": 0.0, "exposure_component": 0.0, "vulnerability_component": 0.36347197106690776, "priority_exposure": 0.0, "priority_balanced": 0.09086799276672694, "priority_equity": 0.1635623869801085, "rank_exposure": 85.0, "rank_balanced": 200.0, "rank_equity": 199.0, "rank_hazard_only": 87 }, "geometry": { "type": "Polygon", "coordinates": [ [ [ -75.614795373169599, 6.250451547236039 ], [ -75.614876679046702, 6.250735782442077 ], [ -75.615484742055699, 6.25192548168234 ], [ -75.615728249744521, 6.252291078369119 ], [ -75.615981030635496, 6.252386787421548 ], [ -75.616307413305506, 6.252539760518562 ], [ -75.616479600496106, 6.252595762315019 ], [ -75.616621421543698, 6.252588528327991 ], [ -75.616759087455506, 6.25253551731019 ], [ -75.6170210886945, 6.252343803746474 ], [ -75.617434236882204, 6.251893479168658 ], [ -75.6178316048574, 6.25155134021203 ], [ -75.618070703599898, 6.251440553274877 ], [ -75.618258799830301, 6.251433183222678 ], [ -75.618385971010099, 6.251576021916391 ], [ -75.618415613509995, 6.25173668209055 ], [ -75.618393007828701, 6.251918927627148 ], [ -75.618389072870002, 6.251949139084047 ], [ -75.618350428876596, 6.25215091715715 ], [ -75.618232365360015, 6.25237046266153 ], [ -75.618170362256706, 6.252496318014369 ], [ -75.617920515285405, 6.252716249375319 ], [ -75.617545292641793, 6.253063194583109 ], [ -75.617245166610005, 6.253290091828278 ], [ -75.6166584582312, 6.25355874465302 ], [ -75.615910474239996, 6.253718754619729 ], [ -75.615785923799507, 6.253784391383831 ], [ -75.61534095026532, 6.254016582445029 ], [ -75.614898177037901, 6.25431306525402 ], [ -75.614662999853607, 6.254389741790857 ], [ -75.614254291491093, 6.254639362756609 ], [ -75.613867967501093, 6.254975621941871 ], [ -75.613572866496895, 6.25520152941869 ], [ -75.613425427281101, 6.255352963846711 ], [ -75.613455100680696, 6.255524341380438 ], [ -75.613679129227407, 6.25576432018371 ], [ -75.613968793845899, 6.256088865697863 ], [ -75.613854464768906, 6.256210003104649 ], [ -75.613665962667895, 6.256079032544667 ], [ -75.613435114076808, 6.255915063053019 ], [ -75.613160100397707, 6.255785319482989 ], [ -75.612982800697793, 6.255701079637761 ], [ -75.612877312375502, 6.25574912398062 ], [ -75.612374477239911, 6.25545832392817 ], [ -75.612070473231597, 6.255391015400662 ], [ -75.611722293567894, 6.255354035300019 ], [ -75.611362258123194, 6.255391131163741 ], [ -75.610916948635804, 6.2555093357061 ], [ -75.610518971651899, 6.255644938235738 ], [ -75.610136047023701, 6.255767831431398 ], [ -75.609805282822904, 6.255838938059868 ], [ -75.609398889315003, 6.255847914623191 ], [ -75.609027688479003, 6.25585094439519 ], [ -75.60991283590522, 6.253386501878419 ], [ -75.610640193854806, 6.253742899025941 ], [ -75.611113307817718, 6.252809187473219 ], [ -75.611238281761601, 6.252542859883852 ], [ -75.611252889158393, 6.252377199517672 ], [ -75.611165440563994, 6.252055960571163 ], [ -75.611095629057601, 6.25191879735586 ], [ -75.610834937312902, 6.251524021708951 ], [ -75.611543912775701, 6.250749397417716 ], [ -75.612332436391, 6.2500018183534 ], [ -75.613184944728204, 6.250845934687232 ], [ -75.613425834672896, 6.251004030444331 ], [ -75.613643142017111, 6.251009242271038 ], [ -75.613887004464004, 6.250806866594727 ], [ -75.614126036185198, 6.250672699921851 ], [ -75.614795373169599, 6.250451547236039 ] ] ] } },
{ "type": "Feature", "properties": { "OBJECTID": 82, "BARRIO": "SAN JAVIER #1", "area_total_ha": 22.227287946806992, "Alta": 0.0, "Media": 0.0, "Baja": 0.0, "high_share": 0.0, "medhigh_share": 0.0, "screening_score": 0.0, "screening_rank": 87, "barrio_code": "1309", "comuna_code": "13", "comuna_name": "San Javier", "population_2026": 4714.0, "imcv_ampi_2023": 93.89, "population_match": "exact", "population_density_km2_2026": 21208.165437372572, "hazard_weighted_population_proxy_2026": 0.0, "exposure_component": 0.0, "vulnerability_component": 0.71910789632308603, "priority_exposure": 0.0, "priority_balanced": 0.17977697408077151, "priority_equity": 0.32359855334538873, "rank_exposure": 85.0, "rank_balanced": 85.0, "rank_equity": 82.0, "rank_hazard_only": 87 }, "geometry": { "type": "Polygon", "coordinates": [ [ [ -75.615785923799507, 6.253784391383831 ], [ -75.616251633758296, 6.25410842087428 ], [ -75.616428796804001, 6.254145898867159 ], [ -75.616680705347207, 6.254287397453272 ], [ -75.616979983551204, 6.254458960068032 ], [ -75.617242805029704, 6.25454781942304 ], [ -75.617472230097405, 6.254568581671741 ], [ -75.617660326624204, 6.254561211369619 ], [ -75.618031142665899, 6.254426658477829 ], [ -75.619139475195396, 6.254337680956629 ], [ -75.620774111535397, 6.254308536882402 ], [ -75.621288123459607, 6.254293389660719 ], [ -75.621398630293797, 6.254585331631448 ], [ -75.6214523837359, 6.254734228362977 ], [ -75.621510397305798, 6.254963974974519 ], [ -75.621547301137994, 6.255198654635959 ], [ -75.621549028349904, 6.255445126159342 ], [ -75.621544689772605, 6.255680899579961 ], [ -75.621524525721, 6.25600927104338 ], [ -75.621340181302699, 6.255924080769323 ], [ -75.621077439233503, 6.255862501654398 ], [ -75.620927414281695, 6.255817153197621 ], [ -75.620779452608005, 6.255789333929692 ], [ -75.620608408210998, 6.255780094266729 ], [ -75.620425405929197, 6.255809857277849 ], [ -75.620276607844303, 6.255839520884522 ], [ -75.620111815702899, 6.255904300923602 ], [ -75.619849728927704, 6.256066791343951 ], [ -75.619708277625008, 6.256200672810998 ], [ -75.619430214750594, 6.256404125139079 ], [ -75.619157398377098, 6.2566816041594 ], [ -75.618668250484518, 6.256944127570072 ], [ -75.618496515671595, 6.257043026662049 ], [ -75.618206075508098, 6.257142273951321 ], [ -75.617925526980798, 6.257184012705229 ], [ -75.617572466625617, 6.257198685815431 ], [ -75.617109741658695, 6.257208808612304 ], [ -75.616714295207515, 6.257176841645362 ], [ -75.616256377320994, 6.25711095915844 ], [ -75.615936344545304, 6.257067081575229 ], [ -75.615535802062894, 6.257012722042399 ], [ -75.615249992251606, 6.256975561418549 ], [ -75.614980142158203, 6.256891593053972 ], [ -75.614636588654704, 6.25671626332044 ], [ -75.614406841243706, 6.256585413705609 ], [ -75.614216494549197, 6.256511929059029 ], [ -75.613854464768906, 6.256210003104649 ], [ -75.613968793845899, 6.256088865697863 ], [ -75.613679129227407, 6.25576432018371 ], [ -75.613455100680696, 6.255524341380438 ], [ -75.613425427281101, 6.255352963846711 ], [ -75.613572866496895, 6.25520152941869 ], [ -75.613867967501093, 6.254975621941871 ], [ -75.614254291491093, 6.254639362756609 ], [ -75.614662999853607, 6.254389741790857 ], [ -75.614898177037901, 6.25431306525402 ], [ -75.61534095026532, 6.254016582445029 ], [ -75.615785923799507, 6.253784391383831 ] ] ] } },
{ "type": "Feature", "properties": { "OBJECTID": 83, "BARRIO": "EL SALADO", "area_total_ha": 61.573890633961497, "Alta": 0.0, "Media": 0.0, "Baja": 0.0, "high_share": 0.0, "medhigh_share": 0.0, "screening_score": 0.0, "screening_rank": 87, "barrio_code": "1316", "comuna_code": "13", "comuna_name": "San Javier", "population_2026": 16268.0, "imcv_ampi_2023": 93.89, "population_match": "exact", "population_density_km2_2026": 26420.289237054116, "hazard_weighted_population_proxy_2026": 0.0, "exposure_component": 0.0, "vulnerability_component": 0.71910789632308603, "priority_exposure": 0.0, "priority_balanced": 0.17977697408077151, "priority_equity": 0.32359855334538873, "rank_exposure": 85.0, "rank_balanced": 85.0, "rank_equity": 82.0, "rank_hazard_only": 87 }, "geometry": { "type": "Polygon", "coordinates": [ [ [ -75.632965157177097, 6.254850360703589 ], [ -75.632749494825305, 6.25506142864155 ], [ -75.632540489406395, 6.255482906849219 ], [ -75.632411819876907, 6.25585641128774 ], [ -75.632287792806707, 6.256098382787891 ], [ -75.632135653219095, 6.256358947783681 ], [ -75.632034658587799, 6.2565657801594 ], [ -75.631837703453698, 6.256980403299858 ], [ -75.631643997474697, 6.257131978027129 ], [ -75.631386470342093, 6.25713371435046 ], [ -75.631175218858303, 6.257135311617902 ], [ -75.6297404840806, 6.257066480969069 ], [ -75.629357227603904, 6.257074430686362 ], [ -75.628603063249102, 6.257183818329989 ], [ -75.628392666009503, 6.25713377910578 ], [ -75.628093540875795, 6.257015806481069 ], [ -75.627605926167703, 6.257455641758162 ], [ -75.627109352334699, 6.257585700512879 ], [ -75.626829507795506, 6.25752417528691 ], [ -75.626792215865606, 6.25749992914891 ], [ -75.626702502964903, 6.25743881703342 ], [ -75.626421351189194, 6.257275002150732 ], [ -75.626111144059095, 6.25715121552523 ], [ -75.625922572234501, 6.256996870591362 ], [ -75.6257663279128, 6.256889191767932 ], [ -75.625450618190698, 6.256604674795148 ], [ -75.625140260170596, 6.256429254143389 ], [ -75.624893513051603, 6.256333531684641 ], [ -75.624486697799, 6.256198337741699 ], [ -75.624131374974894, 6.25612631597344 ], [ -75.623817379136298, 6.256082424802202 ], [ -75.623129772032499, 6.255905188231668 ], [ -75.622758519025695, 6.255889716618559 ], [ -75.622523023390798, 6.255857284388291 ], [ -75.622162906510397, 6.255866136273669 ], [ -75.621816085300793, 6.255948988746618 ], [ -75.621524525721, 6.25600927104338 ], [ -75.621544689772605, 6.255680899579961 ], [ -75.621549028349904, 6.255445126159342 ], [ -75.621547301137994, 6.255198654635959 ], [ -75.621510397305798, 6.254963974974519 ], [ -75.6214523837359, 6.254734228362977 ], [ -75.621398630293797, 6.254585331631448 ], [ -75.621288123459607, 6.254293389660719 ], [ -75.621418762079003, 6.254246243662849 ], [ -75.6214338819088, 6.253913016391328 ], [ -75.621467666373803, 6.253769707131358 ], [ -75.621620368494007, 6.253699115552961 ], [ -75.622031484694702, 6.253586848471401 ], [ -75.622494023670001, 6.25351437380976 ], [ -75.622951751800102, 6.253516926614207 ], [ -75.623345197142399, 6.253553765453697 ], [ -75.623746725066297, 6.253602271954579 ], [ -75.624060701909102, 6.253640317379551 ], [ -75.624456311998699, 6.253728783894612 ], [ -75.624667462583204, 6.253693090503028 ], [ -75.624809066798406, 6.25361181444144 ], [ -75.624946579118017, 6.25350717011969 ], [ -75.625064945620693, 6.253391863307951 ], [ -75.625505399903403, 6.253336011839171 ], [ -75.626680585087101, 6.253062697852468 ], [ -75.628035964831398, 6.252490738689009 ], [ -75.628811613503899, 6.252163065870571 ], [ -75.629255515872401, 6.25191235871521 ], [ -75.629590997181893, 6.25173795976181 ], [ -75.629966779697, 6.251584874287142 ], [ -75.630674091504901, 6.251281755935231 ], [ -75.631710140542594, 6.250905574756619 ], [ -75.632309278784405, 6.250763518400339 ], [ -75.632811954574805, 6.250658767685072 ], [ -75.632887953546998, 6.250845592803161 ], [ -75.633100630170901, 6.250987200335349 ], [ -75.633394072816102, 6.251225990805209 ], [ -75.633486072464706, 6.25138061838776 ], [ -75.633597472318613, 6.251632610992008 ], [ -75.633757721571996, 6.251734429974561 ], [ -75.633959303423296, 6.251865352503501 ], [ -75.6342171626397, 6.251977599834668 ], [ -75.634377650927306, 6.252160276848948 ], [ -75.634254410219597, 6.25232723290013 ], [ -75.633981472871, 6.252559901799757 ], [ -75.633781677486397, 6.252692985793892 ], [ -75.6334852599134, 6.252809793381002 ], [ -75.633309914477493, 6.25304704617364 ], [ -75.633226042951307, 6.25326064602784 ], [ -75.633340992834803, 6.253351882487082 ], [ -75.633759653995995, 6.253411047757259 ], [ -75.634073647388405, 6.253454932388827 ], [ -75.634228714989803, 6.253505133425981 ], [ -75.634281756461604, 6.253752426221967 ], [ -75.634065796149699, 6.253862176841738 ], [ -75.633201433283702, 6.254465823362211 ], [ -75.632935854380193, 6.254806607259301 ], [ -75.632965157177097, 6.254850360703589 ] ] ] } },
{ "type": "Feature", "properties": { "OBJECTID": 84, "BARRIO": "EDUARDO SANTOS", "area_total_ha": 35.600068955805789, "Alta": 0.0, "Media": 0.0, "Baja": 0.0, "high_share": 0.0, "medhigh_share": 0.0, "screening_score": 0.0, "screening_rank": 87, "barrio_code": "1317", "comuna_code": "13", "comuna_name": "San Javier", "population_2026": 4540.0, "imcv_ampi_2023": 93.89, "population_match": "exact", "population_density_km2_2026": 12752.784287120323, "hazard_weighted_population_proxy_2026": 0.0, "exposure_component": 0.0, "vulnerability_component": 0.71910789632308603, "priority_exposure": 0.0, "priority_balanced": 0.17977697408077151, "priority_equity": 0.32359855334538873, "rank_exposure": 85.0, "rank_balanced": 85.0, "rank_equity": 82.0, "rank_hazard_only": 87 }, "geometry": { "type": "Polygon", "coordinates": [ [ [ -75.632588314372001, 6.259415669775598 ], [ -75.632412711742901, 6.259566217605047 ], [ -75.632178608293998, 6.259665305109721 ], [ -75.631877176973703, 6.25978894797069 ], [ -75.631541060084103, 6.260089999338099 ], [ -75.631252221247394, 6.260389937424268 ], [ -75.630923213359907, 6.26071434793898 ], [ -75.630668682823, 6.261050230516201 ], [ -75.630391163824697, 6.261436838762578 ], [ -75.630189010013595, 6.261794973009603 ], [ -75.630037439641512, 6.262249404861842 ], [ -75.630017278532904, 6.262576801734009 ], [ -75.630042221653596, 6.262847559804449 ], [ -75.629733502249195, 6.26288841466434 ], [ -75.629486703033606, 6.262776134104321 ], [ -75.628902343963006, 6.262476825313121 ], [ -75.628338886487398, 6.262101466244732 ], [ -75.6278962530332, 6.261760822774253 ], [ -75.627579360758801, 6.261417858948521 ], [ -75.627439627252201, 6.261109443142758 ], [ -75.627161344316406, 6.26055398568564 ], [ -75.626998469420698, 6.26024466571143 ], [ -75.626842624833998, 6.259931426598102 ], [ -75.626725103568305, 6.25965022389525 ], [ -75.626639172914807, 6.259507267465211 ], [ -75.626448266347509, 6.259243816955689 ], [ -75.626297957894593, 6.259102023511812 ], [ -75.626280823851104, 6.259091357433792 ], [ -75.626209474377816, 6.258774946465819 ], [ -75.626134644365607, 6.25864364712968 ], [ -75.626036578213103, 6.258478319925551 ], [ -75.626056976788703, 6.258230807387812 ], [ -75.626204296036605, 6.258040401208397 ], [ -75.626357939344899, 6.25794739913574 ], [ -75.626534702174695, 6.25784848272595 ], [ -75.626792215865606, 6.25749992914891 ], [ -75.626829507795506, 6.25752417528691 ], [ -75.627109352334699, 6.257585700512879 ], [ -75.627605926167703, 6.257455641758162 ], [ -75.628093540875795, 6.257015806481069 ], [ -75.628392666009503, 6.25713377910578 ], [ -75.628603063249102, 6.257183818329989 ], [ -75.629357227603904, 6.257074430686362 ], [ -75.6297404840806, 6.257066480969069 ], [ -75.631175218858303, 6.257135311617902 ], [ -75.631386470342093, 6.25713371435046 ], [ -75.631643997474697, 6.257131978027129 ], [ -75.631837703453698, 6.256980403299858 ], [ -75.632034658587799, 6.2565657801594 ], [ -75.632135653219095, 6.256358947783681 ], [ -75.632287792806707, 6.256098382787891 ], [ -75.632411819876907, 6.25585641128774 ], [ -75.632540489406395, 6.255482906849219 ], [ -75.632749494825305, 6.25506142864155 ], [ -75.632965157177097, 6.254850360703589 ], [ -75.633096515077597, 6.255046763696261 ], [ -75.633281369120496, 6.255304385026751 ], [ -75.633466136536995, 6.255532777980823 ], [ -75.633526421338303, 6.25584824653308 ], [ -75.633510831817802, 6.256019754226309 ], [ -75.633501315398604, 6.256203907960579 ], [ -75.633458071831498, 6.256548907711979 ], [ -75.633630429734495, 6.256662380855679 ], [ -75.633888225487794, 6.256752220062859 ], [ -75.633952077257803, 6.256912776960519 ], [ -75.633880394857997, 6.257166284560937 ], [ -75.633847006551306, 6.25744208624621 ], [ -75.633952439475905, 6.257716503065832 ], [ -75.633845294864699, 6.25788438498189 ], [ -75.633949487239207, 6.25807891850165 ], [ -75.634042542395605, 6.258250105797798 ], [ -75.633734941178602, 6.258327978593614 ], [ -75.633415110612006, 6.258352304594951 ], [ -75.633140603206897, 6.258395009075139 ], [ -75.632911260616396, 6.258402506543852 ], [ -75.632752470510098, 6.258454609823731 ], [ -75.632622290952696, 6.258657630022067 ], [ -75.632647230363816, 6.258927414786819 ], [ -75.632678138202706, 6.259173798206998 ], [ -75.632588314372001, 6.259415669775598 ] ] ] } },
{ "type": "Feature", "properties": { "OBJECTID": 85, "BARRIO": "NUEVOS CONQUISTADORES", "area_total_ha": 32.885787555139188, "Alta": 0.0, "Media": 0.0, "Baja": 0.0, "high_share": 0.0, "medhigh_share": 0.0, "screening_score": 0.0, "screening_rank": 87, "barrio_code": "1315", "comuna_code": "13", "comuna_name": "San Javier", "population_2026": 8758.0, "imcv_ampi_2023": 93.89, "population_match": "exact", "population_density_km2_2026": 26631.56533902547, "hazard_weighted_population_proxy_2026": 0.0, "exposure_component": 0.0, "vulnerability_component": 0.71910789632308603, "priority_exposure": 0.0, "priority_balanced": 0.17977697408077151, "priority_equity": 0.32359855334538873, "rank_exposure": 85.0, "rank_balanced": 85.0, "rank_equity": 82.0, "rank_hazard_only": 87 }, "geometry": { "type": "Polygon", "coordinates": [ [ [ -75.632787407466793, 6.25018050068885 ], [ -75.632791732812905, 6.250282780776811 ], [ -75.632794729836206, 6.25061692801934 ], [ -75.632811954574805, 6.250658767685072 ], [ -75.632309278784405, 6.250763518400339 ], [ -75.631710140542594, 6.250905574756619 ], [ -75.630674091504901, 6.251281755935231 ], [ -75.629966779697, 6.251584874287142 ], [ -75.629590997181893, 6.25173795976181 ], [ -75.629255515872401, 6.25191235871521 ], [ -75.628811613503899, 6.252163065870571 ], [ -75.628035964831398, 6.252490738689009 ], [ -75.626680585087101, 6.253062697852468 ], [ -75.625505399903403, 6.253336011839171 ], [ -75.625064945620693, 6.253391863307951 ], [ -75.625228838099005, 6.251650454377121 ], [ -75.625253501592795, 6.251484765063141 ], [ -75.625429014120499, 6.250275243557533 ], [ -75.625450001704607, 6.249885495591111 ], [ -75.625520447534498, 6.249552106675249 ], [ -75.625655271052594, 6.249217552565942 ], [ -75.625830505475307, 6.24894133468583 ], [ -75.6259202129323, 6.2486585478301 ], [ -75.625940680125197, 6.248434418277008 ], [ -75.625974056773899, 6.248152770918501 ], [ -75.625960324400907, 6.24792971543048 ], [ -75.625970761713006, 6.247715356358779 ], [ -75.625955753959005, 6.247400727850028 ], [ -75.626661373098798, 6.247549656815681 ], [ -75.6282794221476, 6.247704669789032 ], [ -75.628886274880102, 6.247791536402028 ], [ -75.629224712204802, 6.247938621429328 ], [ -75.629568110017303, 6.24806230989514 ], [ -75.62986629175802, 6.24820366706588 ], [ -75.630061799035005, 6.24832291867792 ], [ -75.630470100792706, 6.2486237224051 ], [ -75.630958009158803, 6.248970078772211 ], [ -75.631446995723806, 6.2493407876378 ], [ -75.6319422158479, 6.249778697517931 ], [ -75.632338346960609, 6.25004543663932 ], [ -75.632550940441902, 6.250158792684831 ], [ -75.632787407466793, 6.25018050068885 ] ] ] } },
{ "type": "Feature", "properties": { "OBJECTID": 86, "BARRIO": "20 DE JULIO", "area_total_ha": 37.158996196724516, "Alta": 0.0, "Media": 0.0, "Baja": 0.0, "high_share": 0.0, "medhigh_share": 0.0, "screening_score": 0.0, "screening_rank": 87, "barrio_code": "1310", "comuna_code": "13", "comuna_name": "San Javier", "population_2026": 12059.0, "imcv_ampi_2023": 93.89, "population_match": "exact", "population_density_km2_2026": 32452.437455947678, "hazard_weighted_population_proxy_2026": 0.0, "exposure_component": 0.0, "vulnerability_component": 0.71910789632308603, "priority_exposure": 0.0, "priority_balanced": 0.17977697408077151, "priority_equity": 0.32359855334538873, "rank_exposure": 85.0, "rank_balanced": 85.0, "rank_equity": 82.0, "rank_hazard_only": 87 }, "geometry": { "type": "Polygon", "coordinates": [ [ [ -75.619326036118593, 6.24657844145193 ], [ -75.619619937930295, 6.24697701186882 ], [ -75.619753313462198, 6.247178284828741 ], [ -75.619868541857201, 6.24736597164257 ], [ -75.620124460451095, 6.247847461702138 ], [ -75.620354671215694, 6.248138080110629 ], [ -75.620859427978701, 6.249087441031181 ], [ -75.621369215562893, 6.25003678552713 ], [ -75.621900960354395, 6.249894939213823 ], [ -75.622468631047596, 6.251028240304637 ], [ -75.623067434839399, 6.25077026306921 ], [ -75.623534580542596, 6.250554563739871 ], [ -75.6239397099732, 6.250459850369918 ], [ -75.624185380507399, 6.25053219478511 ], [ -75.624369888110607, 6.250673889762002 ], [ -75.624846750771695, 6.25102710362146 ], [ -75.625253501592795, 6.251484765063141 ], [ -75.625228838099005, 6.251650454377121 ], [ -75.625064945620693, 6.253391863307951 ], [ -75.624946579118017, 6.25350717011969 ], [ -75.624809066798406, 6.25361181444144 ], [ -75.624667462583204, 6.253693090503028 ], [ -75.624456311998699, 6.253728783894612 ], [ -75.624060701909102, 6.253640317379551 ], [ -75.623746725066297, 6.253602271954579 ], [ -75.623345197142399, 6.253553765453697 ], [ -75.622951751800102, 6.253516926614207 ], [ -75.622494023670001, 6.25351437380976 ], [ -75.622031484694702, 6.253586848471401 ], [ -75.621620368494007, 6.253699115552961 ], [ -75.621467666373803, 6.253769707131358 ], [ -75.6214338819088, 6.253913016391328 ], [ -75.621418762079003, 6.254246243662849 ], [ -75.621288123459607, 6.254293389660719 ], [ -75.620774111535397, 6.254308536882402 ], [ -75.619139475195396, 6.254337680956629 ], [ -75.618031142665899, 6.254426658477829 ], [ -75.617660326624204, 6.254561211369619 ], [ -75.617472230097405, 6.254568581671741 ], [ -75.617242805029704, 6.25454781942304 ], [ -75.616979983551204, 6.254458960068032 ], [ -75.616680705347207, 6.254287397453272 ], [ -75.616428796804001, 6.254145898867159 ], [ -75.616251633758296, 6.25410842087428 ], [ -75.615785923799507, 6.253784391383831 ], [ -75.615910474239996, 6.253718754619729 ], [ -75.6166584582312, 6.25355874465302 ], [ -75.617245166610005, 6.253290091828278 ], [ -75.617545292641793, 6.253063194583109 ], [ -75.617920515285405, 6.252716249375319 ], [ -75.618170362256706, 6.252496318014369 ], [ -75.618232365360015, 6.25237046266153 ], [ -75.618350428876596, 6.25215091715715 ], [ -75.618389072870002, 6.251949139084047 ], [ -75.618393007828701, 6.251918927627148 ], [ -75.618596920390203, 6.251816037401658 ], [ -75.6186959318688, 6.251617006822247 ], [ -75.618754597154194, 6.251382048673949 ], [ -75.618798321641407, 6.251197792129089 ], [ -75.618835927433807, 6.250985301719182 ], [ -75.618861393934907, 6.250749465855662 ], [ -75.618869841341606, 6.250541932223512 ], [ -75.618878188570207, 6.250300300842681 ], [ -75.618875556499702, 6.250087928799299 ], [ -75.618821619536405, 6.249875706748101 ], [ -75.618800748258195, 6.249618573625029 ], [ -75.618838366376195, 6.249409980572809 ], [ -75.618876109336497, 6.249244250876578 ], [ -75.618931030053403, 6.249104777014981 ], [ -75.619004129738897, 6.248989605755368 ], [ -75.619087182806595, 6.248838357382509 ], [ -75.619194399467105, 6.248693859378532 ], [ -75.619272443478707, 6.248549447136359 ], [ -75.619366545169896, 6.24839232158752 ], [ -75.619451631326299, 6.248247887811099 ], [ -75.619517585374595, 6.24809766401978 ], [ -75.619544376612097, 6.247970938382572 ], [ -75.619554016943795, 6.247827697993119 ], [ -75.619546451880694, 6.247648463449939 ], [ -75.619515871908504, 6.24751118870653 ], [ -75.619485038353204, 6.247287209127018 ], [ -75.619425253369201, 6.24713930178656 ], [ -75.619343390169206, 6.247008995213159 ], [ -75.619318825745296, 6.24686488290393 ], [ -75.619311400013402, 6.246733384434048 ], [ -75.619326036118593, 6.24657844145193 ] ] ] } },
{ "type": "Feature", "properties": { "OBJECTID": 87, "BARRIO": "LA INDEPENDENCIA", "area_total_ha": 21.004364136049862, "Alta": 0.0, "Media": 0.0, "Baja": 0.0, "high_share": 0.0, "medhigh_share": 0.0, "screening_score": 0.0, "screening_rank": 87, "barrio_code": "1314", "comuna_code": "13", "comuna_name": "San Javier", "population_2026": 13185.0, "imcv_ampi_2023": 93.89, "population_match": "fuzzy_name_variant", "population_density_km2_2026": 62772.669120559287, "hazard_weighted_population_proxy_2026": 0.0, "exposure_component": 0.0, "vulnerability_component": 0.71910789632308603, "priority_exposure": 0.0, "priority_balanced": 0.17977697408077151, "priority_equity": 0.32359855334538873, "rank_exposure": 85.0, "rank_balanced": 85.0, "rank_equity": 82.0, "rank_hazard_only": 87 }, "geometry": { "type": "Polygon", "coordinates": [ [ [ -75.6214997499915, 6.246860446830008 ], [ -75.621694066075904, 6.24691638137823 ], [ -75.621877514952203, 6.247040543795189 ], [ -75.622089989650604, 6.247113961447139 ], [ -75.622433235513995, 6.247186022199512 ], [ -75.622822518860602, 6.247177086686504 ], [ -75.623245870486997, 6.2471222638234 ], [ -75.623814982263596, 6.247031939514329 ], [ -75.624386140326493, 6.2469533001617 ], [ -75.624730055541306, 6.246910399551181 ], [ -75.624998773732798, 6.24695344997861 ], [ -75.625228281317604, 6.24700343581375 ], [ -75.625520646201906, 6.247219827092888 ], [ -75.625955753959005, 6.247400727850028 ], [ -75.625970761713006, 6.247715356358779 ], [ -75.625960324400907, 6.24792971543048 ], [ -75.625974056773899, 6.248152770918501 ], [ -75.625940680125197, 6.248434418277008 ], [ -75.6259202129323, 6.2486585478301 ], [ -75.625830505475307, 6.24894133468583 ], [ -75.625655271052594, 6.249217552565942 ], [ -75.625520447534498, 6.249552106675249 ], [ -75.625450001704607, 6.249885495591111 ], [ -75.625429014120499, 6.250275243557533 ], [ -75.625253501592795, 6.251484765063141 ], [ -75.624846750771695, 6.25102710362146 ], [ -75.624369888110607, 6.250673889762002 ], [ -75.624185380507399, 6.25053219478511 ], [ -75.6239397099732, 6.250459850369918 ], [ -75.623534580542596, 6.250554563739871 ], [ -75.623067434839399, 6.25077026306921 ], [ -75.622468631047596, 6.251028240304637 ], [ -75.621900960354395, 6.249894939213823 ], [ -75.621369215562893, 6.25003678552713 ], [ -75.620859427978701, 6.249087441031181 ], [ -75.620354671215694, 6.248138080110629 ], [ -75.620621396252503, 6.247843085173818 ], [ -75.620762781226006, 6.24768679509213 ], [ -75.620955268069494, 6.247461185855369 ], [ -75.621199962777396, 6.247201327420599 ], [ -75.6214997499915, 6.246860446830008 ] ] ] } },
{ "type": "Feature", "properties": { "OBJECTID": 88, "BARRIO": "BELENCITO", "area_total_ha": 34.543553851652035, "Alta": 0.0, "Media": 0.0, "Baja": 0.0, "high_share": 0.0, "medhigh_share": 0.0, "screening_score": 0.0, "screening_rank": 87, "barrio_code": "1311", "comuna_code": "13", "comuna_name": "San Javier", "population_2026": 4295.0, "imcv_ampi_2023": 93.89, "population_match": "exact", "population_density_km2_2026": 12433.578833390915, "hazard_weighted_population_proxy_2026": 0.0, "exposure_component": 0.0, "vulnerability_component": 0.71910789632308603, "priority_exposure": 0.0, "priority_balanced": 0.17977697408077151, "priority_equity": 0.32359855334538873, "rank_exposure": 85.0, "rank_balanced": 85.0, "rank_equity": 82.0, "rank_hazard_only": 87 }, "geometry": { "type": "Polygon", "coordinates": [ [ [ -75.615882697863498, 6.24419386418468 ], [ -75.616055816147295, 6.244225509148368 ], [ -75.616277980181593, 6.244172251370681 ], [ -75.616641911030698, 6.24409422564567 ], [ -75.616933282840904, 6.24397159758469 ], [ -75.617247121198204, 6.243963861715101 ], [ -75.617504691928005, 6.243978696181757 ], [ -75.617819853185793, 6.244080069340687 ], [ -75.618038512531498, 6.244205105484331 ], [ -75.618227930274003, 6.244306845847072 ], [ -75.618519836506593, 6.244367368779358 ], [ -75.618788524312606, 6.244399706619792 ], [ -75.619046027799996, 6.244392134453089 ], [ -75.619417487061199, 6.244480674982622 ], [ -75.619778974706819, 6.244599447654831 ], [ -75.6200880849551, 6.244694990088719 ], [ -75.619987255357003, 6.244959300207901 ], [ -75.619891138211614, 6.245115455603228 ], [ -75.619722074806305, 6.24543841732654 ], [ -75.619497378923498, 6.246002174686018 ], [ -75.619368720482896, 6.246382497217471 ], [ -75.619326036118593, 6.24657844145193 ], [ -75.619311400013402, 6.246733384434048 ], [ -75.619318825745296, 6.24686488290393 ], [ -75.619343390169206, 6.247008995213159 ], [ -75.619425253369201, 6.24713930178656 ], [ -75.619485038353204, 6.247287209127018 ], [ -75.619515871908504, 6.24751118870653 ], [ -75.619546451880694, 6.247648463449939 ], [ -75.619554016943795, 6.247827697993119 ], [ -75.619544376612097, 6.247970938382572 ], [ -75.619517585374595, 6.24809766401978 ], [ -75.619451631326299, 6.248247887811099 ], [ -75.619366545169896, 6.24839232158752 ], [ -75.619272443478707, 6.248549447136359 ], [ -75.619194399467105, 6.248693859378532 ], [ -75.619087182806595, 6.248838357382509 ], [ -75.619004129738897, 6.248989605755368 ], [ -75.618931030053403, 6.249104777014981 ], [ -75.618876109336497, 6.249244250876578 ], [ -75.618838366376195, 6.249409980572809 ], [ -75.618800748258195, 6.249618573625029 ], [ -75.618821619536405, 6.249875706748101 ], [ -75.618875556499702, 6.250087928799299 ], [ -75.618878188570207, 6.250300300842681 ], [ -75.618869841341606, 6.250541932223512 ], [ -75.618861393934907, 6.250749465855662 ], [ -75.618835927433807, 6.250985301719182 ], [ -75.618798321641407, 6.251197792129089 ], [ -75.618754597154194, 6.251382048673949 ], [ -75.6186959318688, 6.251617006822247 ], [ -75.618596920390203, 6.251816037401658 ], [ -75.618393007828701, 6.251918927627148 ], [ -75.618415613509995, 6.25173668209055 ], [ -75.618385971010099, 6.251576021916391 ], [ -75.618258799830301, 6.251433183222678 ], [ -75.618070703599898, 6.251440553274877 ], [ -75.6178316048574, 6.25155134021203 ], [ -75.617434236882204, 6.251893479168658 ], [ -75.6170210886945, 6.252343803746474 ], [ -75.616759087455506, 6.25253551731019 ], [ -75.616621421543698, 6.252588528327991 ], [ -75.616479600496106, 6.252595762315019 ], [ -75.616307413305506, 6.252539760518562 ], [ -75.615981030635496, 6.252386787421548 ], [ -75.615728249744521, 6.252291078369119 ], [ -75.615484742055699, 6.25192548168234 ], [ -75.614876679046702, 6.250735782442077 ], [ -75.614795373169599, 6.250451547236039 ], [ -75.614758783523996, 6.250323056596631 ], [ -75.614757058699595, 6.25007658368427 ], [ -75.6148176000749, 6.24979388170841 ], [ -75.614997750001194, 6.249476733752242 ], [ -75.615235306814299, 6.24918182466214 ], [ -75.615484955392219, 6.248893700901959 ], [ -75.616063962065297, 6.248400027263951 ], [ -75.6161880133876, 6.248163903638832 ], [ -75.616191270605398, 6.247900854706106 ], [ -75.616104070340498, 6.247665346178858 ], [ -75.615936293750607, 6.247395977641861 ], [ -75.615696734618595, 6.246658216040397 ], [ -75.61571230780271, 6.246478913651901 ], [ -75.615842395013402, 6.246242771932351 ], [ -75.616056965895311, 6.2460005386134 ], [ -75.616379723647796, 6.245601138925089 ], [ -75.616753968393695, 6.24526491519786 ], [ -75.616500525193501, 6.24494026414279 ], [ -75.616178991126816, 6.244723950341229 ], [ -75.616034687255805, 6.244569470682661 ], [ -75.615912216888503, 6.244312632517788 ], [ -75.615882697863498, 6.24419386418468 ] ] ] } },
{ "type": "Feature", "properties": { "OBJECTID": 89, "BARRIO": "SANTA MÓNICA", "area_total_ha": 34.513001504357867, "Alta": 0.0, "Media": 0.0, "Baja": 0.0, "high_share": 0.0, "medhigh_share": 0.0, "screening_score": 0.0, "screening_rank": 87, "barrio_code": "1209", "comuna_code": "12", "comuna_name": "La América", "population_2026": 7713.0, "imcv_ampi_2023": 105.69, "population_match": "exact", "population_density_km2_2026": 22348.099741560003, "hazard_weighted_population_proxy_2026": 0.0, "exposure_component": 0.0, "vulnerability_component": 0.36347197106690776, "priority_exposure": 0.0, "priority_balanced": 0.09086799276672694, "priority_equity": 0.1635623869801085, "rank_exposure": 85.0, "rank_balanced": 200.0, "rank_equity": 199.0, "rank_hazard_only": 87 }, "geometry": { "type": "Polygon", "coordinates": [ [ [ -75.6158664179639, 6.24413058792744 ], [ -75.615882697863498, 6.24419386418468 ], [ -75.615912216888503, 6.244312632517788 ], [ -75.616034687255805, 6.244569470682661 ], [ -75.616178991126816, 6.244723950341229 ], [ -75.616500525193501, 6.24494026414279 ], [ -75.616753968393695, 6.24526491519786 ], [ -75.616379723647796, 6.245601138925089 ], [ -75.616056965895311, 6.2460005386134 ], [ -75.615842395013402, 6.246242771932351 ], [ -75.61571230780271, 6.246478913651901 ], [ -75.615696734618595, 6.246658216040397 ], [ -75.615936293750607, 6.247395977641861 ], [ -75.616104070340498, 6.247665346178858 ], [ -75.616191270605398, 6.247900854706106 ], [ -75.6161880133876, 6.248163903638832 ], [ -75.616063962065297, 6.248400027263951 ], [ -75.615484955392219, 6.248893700901959 ], [ -75.615235306814299, 6.24918182466214 ], [ -75.614997750001194, 6.249476733752242 ], [ -75.6148176000749, 6.24979388170841 ], [ -75.614757058699595, 6.25007658368427 ], [ -75.614758783523996, 6.250323056596631 ], [ -75.614795373169599, 6.250451547236039 ], [ -75.614126036185198, 6.250672699921851 ], [ -75.613887004464004, 6.250806866594727 ], [ -75.613643142017111, 6.251009242271038 ], [ -75.613425834672896, 6.251004030444331 ], [ -75.613184944728204, 6.250845934687232 ], [ -75.612332436391, 6.2500018183534 ], [ -75.611543912775701, 6.250749397417716 ], [ -75.610834937312902, 6.251524021708951 ], [ -75.610308812636106, 6.25083288026784 ], [ -75.609266937860994, 6.249557727213768 ], [ -75.610447061387902, 6.24855766298948 ], [ -75.611522677103693, 6.247251994271149 ], [ -75.612107511297395, 6.246685240858958 ], [ -75.612439929097803, 6.246147474843678 ], [ -75.6126490046165, 6.245744511513032 ], [ -75.6128193432926, 6.245166300759382 ], [ -75.612911764005204, 6.245122191608049 ], [ -75.613417943335307, 6.24483721850916 ], [ -75.614239733283597, 6.244462670333901 ], [ -75.6149865811376, 6.24426175137967 ], [ -75.6158664179639, 6.24413058792744 ] ] ] } },
{ "type": "Feature", "properties": { "OBJECTID": 90, "BARRIO": "SIMÓN BOLIVAR", "area_total_ha": 30.488987367493856, "Alta": 0.0, "Media": 0.0, "Baja": 0.0, "high_share": 0.0, "medhigh_share": 0.0, "screening_score": 0.0, "screening_rank": 87, "barrio_code": "1211", "comuna_code": "12", "comuna_name": "La América", "population_2026": 5335.0, "imcv_ampi_2023": 105.69, "population_match": "exact", "population_density_km2_2026": 17498.121323924206, "hazard_weighted_population_proxy_2026": 0.0, "exposure_component": 0.0, "vulnerability_component": 0.36347197106690776, "priority_exposure": 0.0, "priority_balanced": 0.09086799276672694, "priority_equity": 0.1635623869801085, "rank_exposure": 85.0, "rank_balanced": 200.0, "rank_equity": 199.0, "rank_hazard_only": 87 }, "geometry": { "type": "Polygon", "coordinates": [ [ [ -75.602995705278701, 6.242959940712922 ], [ -75.604245188027804, 6.243332377421102 ], [ -75.605796483506396, 6.24371172897875 ], [ -75.606243503892401, 6.243840006178281 ], [ -75.606690362961601, 6.243911776996099 ], [ -75.606912526764702, 6.243858523758449 ], [ -75.606927590495403, 6.243849712202231 ], [ -75.6076915766632, 6.244007267567522 ], [ -75.608245688364605, 6.243946232456333 ], [ -75.608580003504812, 6.244408019106191 ], [ -75.609486849292097, 6.245609526884738 ], [ -75.609276012849719, 6.24575335107869 ], [ -75.609014158480505, 6.245995719919368 ], [ -75.608760284842205, 6.24621565820194 ], [ -75.608504352192597, 6.24641904152637 ], [ -75.608215371952198, 6.246674152931529 ], [ -75.607678826197798, 6.24689588605596 ], [ -75.607251746012693, 6.247053976654539 ], [ -75.606463612997203, 6.247244290411641 ], [ -75.606122238170599, 6.247471299712452 ], [ -75.605815937738299, 6.247651446384372 ], [ -75.605547762786202, 6.2477964102938 ], [ -75.605356995849306, 6.24792361240516 ], [ -75.605285709790095, 6.247971555813019 ], [ -75.604978103280303, 6.248048437352442 ], [ -75.604623988493415, 6.248044592945218 ], [ -75.604258995836702, 6.248106052236249 ], [ -75.603877032328995, 6.248212375594621 ], [ -75.603620910784301, 6.24835145874277 ], [ -75.603324450721502, 6.24845655984381 ], [ -75.602925834824404, 6.248718807274272 ], [ -75.602455076053715, 6.249080633247699 ], [ -75.602594835441195, 6.24661932981245 ], [ -75.602722772974602, 6.244940363325678 ], [ -75.602792598313201, 6.244038999450041 ], [ -75.602950397695494, 6.242946434004649 ], [ -75.602995705278701, 6.242959940712922 ] ] ] } },
{ "type": "Feature", "properties": { "OBJECTID": 91, "BARRIO": "BARRIO CRISTOBAL", "area_total_ha": 21.979894008856565, "Alta": 0.0, "Media": 0.0, "Baja": 0.0, "high_share": 0.0, "medhigh_share": 0.0, "screening_score": 0.0, "screening_rank": 87, "barrio_code": "1210", "comuna_code": "12", "comuna_name": "La América", "population_2026": 7341.0, "imcv_ampi_2023": 105.69, "population_match": "exact", "population_density_km2_2026": 33398.705185029656, "hazard_weighted_population_proxy_2026": 0.0, "exposure_component": 0.0, "vulnerability_component": 0.36347197106690776, "priority_exposure": 0.0, "priority_balanced": 0.09086799276672694, "priority_equity": 0.1635623869801085, "rank_exposure": 85.0, "rank_balanced": 200.0, "rank_equity": 199.0, "rank_hazard_only": 87 }, "geometry": { "type": "Polygon", "coordinates": [ [ [ -75.6128193432926, 6.245166300759382 ], [ -75.6126490046165, 6.245744511513032 ], [ -75.612439929097803, 6.246147474843678 ], [ -75.612107511297395, 6.246685240858958 ], [ -75.611522677103693, 6.247251994271149 ], [ -75.610447061387902, 6.24855766298948 ], [ -75.609266937860994, 6.249557727213768 ], [ -75.609207726976294, 6.249606611015388 ], [ -75.608128774253302, 6.250459271747572 ], [ -75.607117150967099, 6.249554232718562 ], [ -75.6062749136495, 6.24877924411811 ], [ -75.605356995849306, 6.24792361240516 ], [ -75.605547762786202, 6.2477964102938 ], [ -75.605815937738299, 6.247651446384372 ], [ -75.606122238170599, 6.247471299712452 ], [ -75.606463612997203, 6.247244290411641 ], [ -75.607251746012693, 6.247053976654539 ], [ -75.607678826197798, 6.24689588605596 ], [ -75.608215371952198, 6.246674152931529 ], [ -75.608504352192597, 6.24641904152637 ], [ -75.608760284842205, 6.24621565820194 ], [ -75.609014158480505, 6.245995719919368 ], [ -75.609276012849719, 6.24575335107869 ], [ -75.609486849292097, 6.245609526884738 ], [ -75.609514959604098, 6.245589961762889 ], [ -75.609789199909898, 6.245455695112376 ], [ -75.610125021113006, 6.245396264600481 ], [ -75.610480021047593, 6.245359186508459 ], [ -75.610834182036996, 6.245379588945559 ], [ -75.611194544629498, 6.245457453166851 ], [ -75.611543773922406, 6.245511968087877 ], [ -75.611892840274294, 6.245509977981851 ], [ -75.612211590323298, 6.245461313408062 ], [ -75.612576246336701, 6.245285864809779 ], [ -75.6128193432926, 6.245166300759382 ] ] ] } },
{ "type": "Feature", "properties": { "OBJECTID": 92, "BARRIO": "LA CASTELLANA", "area_total_ha": 66.42362845249832, "Alta": 0.0, "Media": 0.0, "Baja": 0.0, "high_share": 0.0, "medhigh_share": 0.0, "screening_score": 0.0, "screening_rank": 87, "barrio_code": "1110", "comuna_code": "11", "comuna_name": "Laureles Estadio", "population_2026": 12811.0, "imcv_ampi_2023": 117.75, "population_match": "exact", "population_density_km2_2026": 19286.811483298537, "hazard_weighted_population_proxy_2026": 0.0, "exposure_component": 0.0, "vulnerability_component": 0.0, "priority_exposure": 0.0, "priority_balanced": 0.0, "priority_equity": 0.0, "rank_exposure": 85.0, "rank_balanced": 234.0, "rank_equity": 234.0, "rank_hazard_only": 87 }, "geometry": { "type": "Polygon", "coordinates": [ [ [ -75.6168310767533, 6.241003440334879 ], [ -75.616157683386106, 6.241209018278489 ], [ -75.615746159018897, 6.241179043959939 ], [ -75.615311444064204, 6.241130626094582 ], [ -75.614945532300695, 6.241219373076722 ], [ -75.614557588929102, 6.241342280722998 ], [ -75.614245127096197, 6.241476660713663 ], [ -75.614005045266893, 6.241594266797288 ], [ -75.613641377405699, 6.241762891836203 ], [ -75.613310872734004, 6.241919730264441 ], [ -75.612935237500693, 6.24212443761644 ], [ -75.612541339925201, 6.242275613934413 ], [ -75.612107997568899, 6.24235383935141 ], [ -75.611673434044604, 6.242358026164548 ], [ -75.611238747591202, 6.242320321765249 ], [ -75.610162782685094, 6.242116913969218 ], [ -75.608541835503701, 6.241653018671541 ], [ -75.607947387277505, 6.241679099498254 ], [ -75.607908589923099, 6.24182924339114 ], [ -75.607807722693494, 6.2420828341896 ], [ -75.607786158111693, 6.242278716908728 ], [ -75.607737897912799, 6.242634449239569 ], [ -75.607671266030096, 6.242899633108562 ], [ -75.607547292378996, 6.24316400741006 ], [ -75.607371986417107, 6.243418788294711 ], [ -75.607179440533599, 6.243625883945398 ], [ -75.607032015677703, 6.24378218707167 ], [ -75.606927590495403, 6.243849712202231 ], [ -75.606912526764702, 6.243858523758449 ], [ -75.606690362961601, 6.243911776996099 ], [ -75.606243503892401, 6.243840006178281 ], [ -75.605796483506396, 6.24371172897875 ], [ -75.604245188027804, 6.243332377421102 ], [ -75.602995705278701, 6.242959940712922 ], [ -75.602874000105501, 6.2412242188017 ], [ -75.603008668243007, 6.239437094117151 ], [ -75.603097008702903, 6.238328167432901 ], [ -75.603085311712505, 6.237412426547129 ], [ -75.604673609965303, 6.237374709710702 ], [ -75.607249551353007, 6.23726690397016 ], [ -75.607553312776304, 6.237254332610012 ], [ -75.610645783975102, 6.237311606197201 ], [ -75.611006107948498, 6.237377780818382 ], [ -75.611150122081298, 6.237433867655549 ], [ -75.611276161974999, 6.237535795423999 ], [ -75.611382739234898, 6.237863799652357 ], [ -75.611487434705097, 6.238236622909239 ], [ -75.611563708978196, 6.238521848939551 ], [ -75.611790074199519, 6.238876782547691 ], [ -75.611970180049497, 6.239236721706231 ], [ -75.612183118875706, 6.239471864862149 ], [ -75.612349497230596, 6.23960777162079 ], [ -75.612717228672807, 6.239799598987329 ], [ -75.613131452739395, 6.240066304339391 ], [ -75.613463863715694, 6.240219264561021 ], [ -75.613754829739207, 6.240303174047909 ], [ -75.614202670099701, 6.240368117804089 ], [ -75.614626485626218, 6.240474047590709 ], [ -75.6151177188286, 6.240585625803241 ], [ -75.615507281924593, 6.240674118470021 ], [ -75.615822374640302, 6.240752112512649 ], [ -75.616063966095197, 6.240807911996831 ], [ -75.616252226920906, 6.240858022457598 ], [ -75.6168310767533, 6.241003440334879 ] ] ] } },
{ "type": "Feature", "properties": { "OBJECTID": 93, "BARRIO": "SANTA TERESITA", "area_total_ha": 29.842144909948658, "Alta": 0.0, "Media": 0.0, "Baja": 0.0, "high_share": 0.0, "medhigh_share": 0.0, "screening_score": 0.0, "screening_rank": 87, "barrio_code": "1212", "comuna_code": "12", "comuna_name": "La América", "population_2026": 7692.0, "imcv_ampi_2023": 105.69, "population_match": "exact", "population_density_km2_2026": 25775.627131398556, "hazard_weighted_population_proxy_2026": 0.0, "exposure_component": 0.0, "vulnerability_component": 0.36347197106690776, "priority_exposure": 0.0, "priority_balanced": 0.09086799276672694, "priority_equity": 0.1635623869801085, "rank_exposure": 85.0, "rank_balanced": 200.0, "rank_equity": 199.0, "rank_hazard_only": 87 }, "geometry": { "type": "Polygon", "coordinates": [ [ [ -75.6168310767533, 6.241003440334879 ], [ -75.616804735957004, 6.241285067562059 ], [ -75.616748891570197, 6.241452797502459 ], [ -75.616578583286397, 6.24169490136715 ], [ -75.616362875577593, 6.241891350170421 ], [ -75.616083575040705, 6.242013942774982 ], [ -75.615792925959596, 6.242039146069558 ], [ -75.615507255180901, 6.242046799298098 ], [ -75.614998485297093, 6.242131090263981 ], [ -75.614577850102606, 6.242427506709093 ], [ -75.6146088130088, 6.242697276598381 ], [ -75.614706759263299, 6.242823638971343 ], [ -75.614878101401104, 6.242936149625371 ], [ -75.615121018254399, 6.243101060575679 ], [ -75.615436480539699, 6.243305700986571 ], [ -75.615759385703797, 6.243647685574258 ], [ -75.615788975025197, 6.243790809804922 ], [ -75.615854193466603, 6.244078014518171 ], [ -75.6158664179639, 6.24413058792744 ], [ -75.6149865811376, 6.24426175137967 ], [ -75.614239733283597, 6.244462670333901 ], [ -75.613417943335307, 6.24483721850916 ], [ -75.612911764005204, 6.245122191608049 ], [ -75.6128193432926, 6.245166300759382 ], [ -75.612576246336701, 6.245285864809779 ], [ -75.612211590323298, 6.245461313408062 ], [ -75.611892840274294, 6.245509977981851 ], [ -75.611543773922406, 6.245511968087877 ], [ -75.611194544629498, 6.245457453166851 ], [ -75.610834182036996, 6.245379588945559 ], [ -75.610480021047593, 6.245359186508459 ], [ -75.610125021113006, 6.245396264600481 ], [ -75.609789199909898, 6.245455695112376 ], [ -75.609514959604098, 6.245589961762889 ], [ -75.609486849292097, 6.245609526884738 ], [ -75.608580003504812, 6.244408019106191 ], [ -75.608245688364605, 6.243946232456333 ], [ -75.6076915766632, 6.244007267567522 ], [ -75.606927590495403, 6.243849712202231 ], [ -75.607032015677703, 6.24378218707167 ], [ -75.607179440533599, 6.243625883945398 ], [ -75.607371986417107, 6.243418788294711 ], [ -75.607547292378996, 6.24316400741006 ], [ -75.607671266030096, 6.242899633108562 ], [ -75.607737897912799, 6.242634449239569 ], [ -75.607786158111693, 6.242278716908728 ], [ -75.607807722693494, 6.2420828341896 ], [ -75.607908589923099, 6.24182924339114 ], [ -75.607947387277505, 6.241679099498254 ], [ -75.608541835503701, 6.241653018671541 ], [ -75.610162782685094, 6.242116913969218 ], [ -75.611238747591202, 6.242320321765249 ], [ -75.611673434044604, 6.242358026164548 ], [ -75.612107997568899, 6.24235383935141 ], [ -75.612541339925201, 6.242275613934413 ], [ -75.612935237500693, 6.24212443761644 ], [ -75.613310872734004, 6.241919730264441 ], [ -75.613641377405699, 6.241762891836203 ], [ -75.614005045266893, 6.241594266797288 ], [ -75.614245127096197, 6.241476660713663 ], [ -75.614557588929102, 6.241342280722998 ], [ -75.614945532300695, 6.241219373076722 ], [ -75.615311444064204, 6.241130626094582 ], [ -75.615746159018897, 6.241179043959939 ], [ -75.616157683386106, 6.241209018278489 ], [ -75.6168310767533, 6.241003440334879 ] ] ] } },
{ "type": "Feature", "properties": { "OBJECTID": 94, "BARRIO": "BETANIA", "area_total_ha": 43.855149565305908, "Alta": 0.0, "Media": 0.0, "Baja": 0.0, "high_share": 0.0, "medhigh_share": 0.0, "screening_score": 0.0, "screening_rank": 87, "barrio_code": "1312", "comuna_code": "13", "comuna_name": "San Javier", "population_2026": 5242.0, "imcv_ampi_2023": 93.89, "population_match": "exact", "population_density_km2_2026": 11952.98625579647, "hazard_weighted_population_proxy_2026": 0.0, "exposure_component": 0.0, "vulnerability_component": 0.71910789632308603, "priority_exposure": 0.0, "priority_balanced": 0.17977697408077151, "priority_equity": 0.32359855334538873, "rank_exposure": 85.0, "rank_balanced": 85.0, "rank_equity": 82.0, "rank_hazard_only": 87 }, "geometry": { "type": "Polygon", "coordinates": [ [ [ -75.615882697863498, 6.24419386418468 ], [ -75.6158664179639, 6.24413058792744 ], [ -75.615854193466603, 6.244078014518171 ], [ -75.615788975025197, 6.243790809804922 ], [ -75.615759385703797, 6.243647685574258 ], [ -75.615436480539699, 6.243305700986571 ], [ -75.615121018254399, 6.243101060575679 ], [ -75.614878101401104, 6.242936149625371 ], [ -75.614706759263299, 6.242823638971343 ], [ -75.6146088130088, 6.242697276598381 ], [ -75.614577850102606, 6.242427506709093 ], [ -75.614998485297093, 6.242131090263981 ], [ -75.615507255180901, 6.242046799298098 ], [ -75.615792925959596, 6.242039146069558 ], [ -75.616083575040705, 6.242013942774982 ], [ -75.616362875577593, 6.241891350170421 ], [ -75.616578583286397, 6.24169490136715 ], [ -75.616748891570197, 6.241452797502459 ], [ -75.616804735957004, 6.241285067562059 ], [ -75.6168310767533, 6.241003440334879 ], [ -75.617190112608995, 6.240972192797007 ], [ -75.617465788121393, 6.240986974880131 ], [ -75.617716417199603, 6.24103690277897 ], [ -75.617967984368093, 6.241063446979621 ], [ -75.618317210281802, 6.241117957418401 ], [ -75.6186260643682, 6.241126797691047 ], [ -75.618878626604797, 6.241149440889699 ], [ -75.619111867100699, 6.241101021970381 ], [ -75.619345008441513, 6.241018507020571 ], [ -75.619687629630207, 6.240878190306649 ], [ -75.619920654252994, 6.240755731910659 ], [ -75.620114415465693, 6.24062267188241 ], [ -75.620313069946903, 6.24044283427569 ], [ -75.620446998361103, 6.240145305593818 ], [ -75.620591042788604, 6.24021113104522 ], [ -75.621054959339503, 6.240270174585881 ], [ -75.621340896461803, 6.24035409446189 ], [ -75.621598887962307, 6.240514085760158 ], [ -75.621807851149697, 6.240763849615208 ], [ -75.621934417610703, 6.241045028498752 ], [ -75.622333422755204, 6.241609882636959 ], [ -75.622878544713203, 6.241917112782891 ], [ -75.623182736453899, 6.242051637576641 ], [ -75.623481820027806, 6.242158899699288 ], [ -75.623711441316004, 6.242248827578369 ], [ -75.62381936337772, 6.242345934028869 ], [ -75.623866025313305, 6.242478290387488 ], [ -75.623781944299907, 6.242621747149558 ], [ -75.623548987106801, 6.242766615627951 ], [ -75.623406295449996, 6.242819640427201 ], [ -75.623099153515795, 6.243052406491992 ], [ -75.623054270131405, 6.243184057893478 ], [ -75.623158251484597, 6.243309426700042 ], [ -75.623353739525101, 6.243422836707659 ], [ -75.623656576390403, 6.243437536384451 ], [ -75.623845948888999, 6.2435236869484 ], [ -75.623899783457105, 6.24370083758341 ], [ -75.623808664213215, 6.24384528874248 ], [ -75.623746797089694, 6.244016932468233 ], [ -75.6237091945614, 6.244229422233741 ], [ -75.623847683303396, 6.244458931664901 ], [ -75.624185027723698, 6.24457777165768 ], [ -75.6246087274979, 6.244642775254029 ], [ -75.624931704368294, 6.24466423418972 ], [ -75.624726375102, 6.2449687926903 ], [ -75.624589921944604, 6.245090970287262 ], [ -75.624448302932507, 6.245166401662102 ], [ -75.624298654841994, 6.245248674275942 ], [ -75.624139866225207, 6.245300773665512 ], [ -75.623939735506497, 6.245319870845512 ], [ -75.623722434362193, 6.245315637805138 ], [ -75.623322373423306, 6.245422027063481 ], [ -75.623078180119919, 6.245509447900953 ], [ -75.622776969250296, 6.245707123000539 ], [ -75.622532981472105, 6.24586468809984 ], [ -75.6222881868228, 6.246090450783401 ], [ -75.6214997499915, 6.246860446830008 ], [ -75.621199962777396, 6.247201327420599 ], [ -75.620955268069494, 6.247461185855369 ], [ -75.620762781226006, 6.24768679509213 ], [ -75.620621396252503, 6.247843085173818 ], [ -75.620354671215694, 6.248138080110629 ], [ -75.620124460451095, 6.247847461702138 ], [ -75.619868541857201, 6.24736597164257 ], [ -75.619753313462198, 6.247178284828741 ], [ -75.619619937930295, 6.24697701186882 ], [ -75.619326036118593, 6.24657844145193 ], [ -75.619368720482896, 6.246382497217471 ], [ -75.619497378923498, 6.246002174686018 ], [ -75.619722074806305, 6.24543841732654 ], [ -75.619891138211614, 6.245115455603228 ], [ -75.619987255357003, 6.244959300207901 ], [ -75.6200880849551, 6.244694990088719 ], [ -75.619778974706819, 6.244599447654831 ], [ -75.619417487061199, 6.244480674982622 ], [ -75.619046027799996, 6.244392134453089 ], [ -75.618788524312606, 6.244399706619792 ], [ -75.618519836506593, 6.244367368779358 ], [ -75.618227930274003, 6.244306845847072 ], [ -75.618038512531498, 6.244205105484331 ], [ -75.617819853185793, 6.244080069340687 ], [ -75.617504691928005, 6.243978696181757 ], [ -75.617247121198204, 6.243963861715101 ], [ -75.616933282840904, 6.24397159758469 ], [ -75.616641911030698, 6.24409422564567 ], [ -75.616277980181593, 6.244172251370681 ], [ -75.616055816147295, 6.244225509148368 ], [ -75.615882697863498, 6.24419386418468 ] ] ] } },
{ "type": "Feature", "properties": { "OBJECTID": 95, "BARRIO": "EL CORAZÓN", "area_total_ha": 29.694959249929727, "Alta": 0.0, "Media": 0.0, "Baja": 0.0, "high_share": 0.0, "medhigh_share": 0.0, "screening_score": 0.0, "screening_rank": 87, "barrio_code": "1313", "comuna_code": "13", "comuna_name": "San Javier", "population_2026": 4387.0, "imcv_ampi_2023": 93.89, "population_match": "exact", "population_density_km2_2026": 14773.551171013585, "hazard_weighted_population_proxy_2026": 0.0, "exposure_component": 0.0, "vulnerability_component": 0.71910789632308603, "priority_exposure": 0.0, "priority_balanced": 0.17977697408077151, "priority_equity": 0.32359855334538873, "rank_exposure": 85.0, "rank_balanced": 85.0, "rank_equity": 82.0, "rank_hazard_only": 87 }, "geometry": { "type": "Polygon", "coordinates": [ [ [ -75.632787407466793, 6.25018050068885 ], [ -75.632550940441902, 6.250158792684831 ], [ -75.632338346960609, 6.25004543663932 ], [ -75.6319422158479, 6.249778697517931 ], [ -75.631446995723806, 6.2493407876378 ], [ -75.630958009158803, 6.248970078772211 ], [ -75.630470100792706, 6.2486237224051 ], [ -75.630061799035005, 6.24832291867792 ], [ -75.62986629175802, 6.24820366706588 ], [ -75.629568110017303, 6.24806230989514 ], [ -75.629224712204802, 6.247938621429328 ], [ -75.628886274880102, 6.247791536402028 ], [ -75.6282794221476, 6.247704669789032 ], [ -75.626661373098798, 6.247549656815681 ], [ -75.625955753959005, 6.247400727850028 ], [ -75.625520646201906, 6.247219827092888 ], [ -75.625228281317604, 6.24700343581375 ], [ -75.624998773732798, 6.24695344997861 ], [ -75.624730055541306, 6.246910399551181 ], [ -75.624386140326493, 6.2469533001617 ], [ -75.623814982263596, 6.247031939514329 ], [ -75.623245870486997, 6.2471222638234 ], [ -75.622822518860602, 6.247177086686504 ], [ -75.622433235513995, 6.247186022199512 ], [ -75.622089989650604, 6.247113961447139 ], [ -75.621877514952203, 6.247040543795189 ], [ -75.621694066075904, 6.24691638137823 ], [ -75.6214997499915, 6.246860446830008 ], [ -75.6222881868228, 6.246090450783401 ], [ -75.622532981472105, 6.24586468809984 ], [ -75.622776969250296, 6.245707123000539 ], [ -75.623078180119919, 6.245509447900953 ], [ -75.623322373423306, 6.245422027063481 ], [ -75.623722434362193, 6.245315637805138 ], [ -75.623939735506497, 6.245319870845512 ], [ -75.624139866225207, 6.245300773665512 ], [ -75.624298654841994, 6.245248674275942 ], [ -75.624448302932507, 6.245166401662102 ], [ -75.624589921944604, 6.245090970287262 ], [ -75.624726375102, 6.2449687926903 ], [ -75.624931704368294, 6.24466423418972 ], [ -75.625152053306607, 6.24467917456505 ], [ -75.626194895008396, 6.244906027035238 ], [ -75.626606021857498, 6.244799603299259 ], [ -75.626729433416301, 6.244690128271359 ], [ -75.626985290834398, 6.244464332789882 ], [ -75.627304470302818, 6.244220813388059 ], [ -75.627486424021598, 6.244178387489842 ], [ -75.627789615837401, 6.24431388632727 ], [ -75.627963226336604, 6.244513090951692 ], [ -75.627975907154394, 6.24472056193258 ], [ -75.627966389109005, 6.244904716352499 ], [ -75.628053267028406, 6.245029161039841 ], [ -75.628306164820899, 6.245165782237952 ], [ -75.628649629446798, 6.245312851415441 ], [ -75.628987992933304, 6.245435581701769 ], [ -75.629519264014405, 6.245477857469829 ], [ -75.629971082599596, 6.245526213016747 ], [ -75.630504856343705, 6.24573507027286 ], [ -75.630712601616594, 6.245910790780078 ], [ -75.630867069059093, 6.246099334121411 ], [ -75.631007569819815, 6.2463278609435 ], [ -75.631130422095197, 6.246712313767932 ], [ -75.631242785389801, 6.247291640114899 ], [ -75.631324975444798, 6.247532028591711 ], [ -75.631520735979805, 6.247737010876471 ], [ -75.632030335280206, 6.24793424831163 ], [ -75.632231845138307, 6.248041791326833 ], [ -75.632421269150896, 6.248144498466601 ], [ -75.632496062769604, 6.248264106881552 ], [ -75.632435208469204, 6.248436721948728 ], [ -75.632339212504306, 6.24863282299882 ], [ -75.632278507719306, 6.248856097345292 ], [ -75.632308323790795, 6.249074234314661 ], [ -75.632395192169596, 6.249194780263559 ], [ -75.632539514348494, 6.249354124694923 ], [ -75.632776244296494, 6.249806435562689 ], [ -75.632787407466793, 6.25018050068885 ] ] ] } },
{ "type": "Feature", "properties": { "OBJECTID": 96, "BARRIO": "LAS MERCEDES", "area_total_ha": 74.422580814762512, "Alta": 0.0, "Media": 0.0, "Baja": 0.0, "high_share": 0.0, "medhigh_share": 0.0, "screening_score": 0.0, "screening_rank": 87, "barrio_code": "1617", "comuna_code": "16", "comuna_name": "Belén", "population_2026": 10797.0, "imcv_ampi_2023": 104.58, "population_match": "exact", "population_density_km2_2026": 14507.693608306447, "hazard_weighted_population_proxy_2026": 0.0, "exposure_component": 0.0, "vulnerability_component": 0.39692585895117538, "priority_exposure": 0.0, "priority_balanced": 0.099231464737793845, "priority_equity": 0.17861663652802892, "rank_exposure": 85.0, "rank_balanced": 179.0, "rank_equity": 178.0, "rank_hazard_only": 87 }, "geometry": { "type": "Polygon", "coordinates": [ [ [ -75.609721570458305, 6.233235207990348 ], [ -75.6098946054598, 6.233239576975591 ], [ -75.610369521409595, 6.233277167605427 ], [ -75.610798225604995, 6.233336324507109 ], [ -75.611245306161706, 6.233487980225473 ], [ -75.611497990669804, 6.23355446683144 ], [ -75.611790261214693, 6.233742618024758 ], [ -75.612061704586694, 6.234033123312816 ], [ -75.612384518077207, 6.23434685917641 ], [ -75.613032445986605, 6.234726870929059 ], [ -75.614054305519304, 6.235356169183197 ], [ -75.614451394198198, 6.235612207794428 ], [ -75.614796016641705, 6.23581481810967 ], [ -75.615168747671007, 6.23599688658056 ], [ -75.615420595439801, 6.236120852949837 ], [ -75.6157711114477, 6.236273758693279 ], [ -75.616263291730604, 6.236366823888019 ], [ -75.6167956977378, 6.236455875281663 ], [ -75.618082911698394, 6.236663525806651 ], [ -75.618685044094505, 6.23686050879713 ], [ -75.619062232451498, 6.236845768433309 ], [ -75.619262161306096, 6.236758479770942 ], [ -75.619506198611802, 6.23661845320072 ], [ -75.6199393656442, 6.236482745123851 ], [ -75.620190645643902, 6.236411866904341 ], [ -75.620487444303393, 6.236426586609592 ], [ -75.621242719432217, 6.236361054223957 ], [ -75.621470351454505, 6.236459759008102 ], [ -75.621541754729805, 6.236797603578381 ], [ -75.621493018453194, 6.236987719261823 ], [ -75.621406962690202, 6.23714384667837 ], [ -75.621134976950401, 6.237357996453121 ], [ -75.620770008241394, 6.237423362485359 ], [ -75.620341735728005, 6.237513268501251 ], [ -75.619919496471496, 6.237602182281609 ], [ -75.619571633806999, 6.23766944595863 ], [ -75.619280549700093, 6.237889496088568 ], [ -75.619317684770905, 6.238205035378049 ], [ -75.619165369208602, 6.238407143726641 ], [ -75.619030240746497, 6.238638429006451 ], [ -75.619071194732896, 6.238883813629572 ], [ -75.619177609468906, 6.239154336931128 ], [ -75.619533856278295, 6.239546879841479 ], [ -75.619976601095601, 6.239934301328848 ], [ -75.620446998361103, 6.240145305593818 ], [ -75.620313069946903, 6.24044283427569 ], [ -75.620114415465693, 6.24062267188241 ], [ -75.619920654252994, 6.240755731910659 ], [ -75.619687629630207, 6.240878190306649 ], [ -75.619345008441513, 6.241018507020571 ], [ -75.619111867100699, 6.241101021970381 ], [ -75.618878626604797, 6.241149440889699 ], [ -75.6186260643682, 6.241126797691047 ], [ -75.618317210281802, 6.241117957418401 ], [ -75.617967984368093, 6.241063446979621 ], [ -75.617716417199603, 6.24103690277897 ], [ -75.617465788121393, 6.240986974880131 ], [ -75.617190112608995, 6.240972192797007 ], [ -75.6168310767533, 6.241003440334879 ], [ -75.616252226920906, 6.240858022457598 ], [ -75.616063966095197, 6.240807911996831 ], [ -75.615822374640302, 6.240752112512649 ], [ -75.615507281924593, 6.240674118470021 ], [ -75.6151177188286, 6.240585625803241 ], [ -75.614626485626218, 6.240474047590709 ], [ -75.614202670099701, 6.240368117804089 ], [ -75.613754829739207, 6.240303174047909 ], [ -75.613463863715694, 6.240219264561021 ], [ -75.613131452739395, 6.240066304339391 ], [ -75.612717228672807, 6.239799598987329 ], [ -75.612349497230596, 6.23960777162079 ], [ -75.612183118875706, 6.239471864862149 ], [ -75.611970180049497, 6.239236721706231 ], [ -75.611790074199519, 6.238876782547691 ], [ -75.611563708978196, 6.238521848939551 ], [ -75.611487434705097, 6.238236622909239 ], [ -75.611382739234898, 6.237863799652357 ], [ -75.611276161974999, 6.237535795423999 ], [ -75.611150122081298, 6.237433867655549 ], [ -75.611006107948498, 6.237377780818382 ], [ -75.610645783975102, 6.237311606197201 ], [ -75.607553312776304, 6.237254332610012 ], [ -75.607249551353007, 6.23726690397016 ], [ -75.6069853020132, 6.237028984842959 ], [ -75.6067613070459, 6.236795818606731 ], [ -75.606542469229396, 6.23660745197101 ], [ -75.606272097823194, 6.236339349594619 ], [ -75.606056456495295, 6.235864550969679 ], [ -75.606037471192394, 6.235560647784439 ], [ -75.606052769272097, 6.235284895631882 ], [ -75.606139945497304, 6.234818963095357 ], [ -75.6062574163454, 6.23439288552425 ], [ -75.606414169255601, 6.233984231091021 ], [ -75.606433307473594, 6.233645143858092 ], [ -75.606398355794198, 6.23338610076007 ], [ -75.606557179577806, 6.23334569776367 ], [ -75.606808693126297, 6.233354712294277 ], [ -75.607123813471105, 6.23344440332023 ], [ -75.607422757725402, 6.233505886946751 ], [ -75.607626778708493, 6.233440996626331 ], [ -75.607912095175607, 6.233312545846151 ], [ -75.6082316801876, 6.233206404801022 ], [ -75.608578460618901, 6.233112847283602 ], [ -75.608847057148495, 6.233115964947992 ], [ -75.609163082356503, 6.23317058069568 ], [ -75.609557587585996, 6.23323081127471 ], [ -75.609721570458305, 6.233235207990348 ] ] ] } },
{ "type": "Feature", "properties": { "OBJECTID": 97, "BARRIO": "LAS VIOLETAS", "area_total_ha": 62.793391122237253, "Alta": 0.0, "Media": 0.0, "Baja": 0.0, "high_share": 0.0, "medhigh_share": 0.0, "screening_score": 0.0, "screening_rank": 87, "barrio_code": "1616", "comuna_code": "16", "comuna_name": "Belén", "population_2026": 14222.0, "imcv_ampi_2023": 104.58, "population_match": "exact", "population_density_km2_2026": 22648.880313398953, "hazard_weighted_population_proxy_2026": 0.0, "exposure_component": 0.0, "vulnerability_component": 0.39692585895117538, "priority_exposure": 0.0, "priority_balanced": 0.099231464737793845, "priority_equity": 0.17861663652802892, "rank_exposure": 85.0, "rank_balanced": 179.0, "rank_equity": 178.0, "rank_hazard_only": 87 }, "geometry": { "type": "Polygon", "coordinates": [ [ [ -75.621242719432217, 6.236361054223957 ], [ -75.620487444303393, 6.236426586609592 ], [ -75.620190645643902, 6.236411866904341 ], [ -75.6199393656442, 6.236482745123851 ], [ -75.619506198611802, 6.23661845320072 ], [ -75.619262161306096, 6.236758479770942 ], [ -75.619062232451498, 6.236845768433309 ], [ -75.618685044094505, 6.23686050879713 ], [ -75.618082911698394, 6.236663525806651 ], [ -75.6167956977378, 6.236455875281663 ], [ -75.616263291730604, 6.236366823888019 ], [ -75.6157711114477, 6.236273758693279 ], [ -75.615420595439801, 6.236120852949837 ], [ -75.615168747671007, 6.23599688658056 ], [ -75.614796016641705, 6.23581481810967 ], [ -75.614451394198198, 6.235612207794428 ], [ -75.614054305519304, 6.235356169183197 ], [ -75.613032445986605, 6.234726870929059 ], [ -75.612384518077207, 6.23434685917641 ], [ -75.612061704586694, 6.234033123312816 ], [ -75.611790261214693, 6.233742618024758 ], [ -75.611497990669804, 6.23355446683144 ], [ -75.611245306161706, 6.233487980225473 ], [ -75.610798225604995, 6.233336324507109 ], [ -75.610369521409595, 6.233277167605427 ], [ -75.6098946054598, 6.233239576975591 ], [ -75.609721570458305, 6.233235207990348 ], [ -75.609821488351201, 6.2326542797497 ], [ -75.609760393580402, 6.23205238486938 ], [ -75.609721742626604, 6.231558564241331 ], [ -75.609723150401905, 6.231002277874491 ], [ -75.609713554352197, 6.230467455999338 ], [ -75.609760506731305, 6.230007484339879 ], [ -75.609798756052498, 6.229668343026729 ], [ -75.609889516761797, 6.229051395525091 ], [ -75.610167618900903, 6.229211336401232 ], [ -75.610399221483419, 6.228945674412159 ], [ -75.610521934893697, 6.228594597170901 ], [ -75.610639816242497, 6.228311730030208 ], [ -75.610735755160405, 6.22809420053222 ], [ -75.610825803862895, 6.227926372070538 ], [ -75.611035508856602, 6.227741635364739 ], [ -75.611190351922502, 6.227716830306148 ], [ -75.611538482148802, 6.227743098214217 ], [ -75.611744857190601, 6.227798030818469 ], [ -75.611977299924703, 6.227475861655681 ], [ -75.6121342452238, 6.227135401343711 ], [ -75.612208234896599, 6.2269802839903 ], [ -75.612275213014101, 6.226835905460169 ], [ -75.612503205762494, 6.226713465336503 ], [ -75.612777786163505, 6.226700002949122 ], [ -75.612955091330505, 6.226790090785041 ], [ -75.613227463214699, 6.226708439536762 ], [ -75.613554297216794, 6.22667631381723 ], [ -75.613742568856296, 6.226732272973522 ], [ -75.613886634176097, 6.226806868708938 ], [ -75.613985695592802, 6.22697220012581 ], [ -75.614037464613503, 6.227132796377121 ], [ -75.614324630837501, 6.227296605495839 ], [ -75.614582127028996, 6.22728903716585 ], [ -75.614832330636602, 6.227194783056773 ], [ -75.615123828408201, 6.227117945940421 ], [ -75.615271582154804, 6.22707757275981 ], [ -75.615426724487506, 6.22715603389505 ], [ -75.615594140969407, 6.227304603443908 ], [ -75.615754564210206, 6.227469754572749 ], [ -75.616289935677003, 6.227890034105007 ], [ -75.616364725701104, 6.228010619475141 ], [ -75.616314813934693, 6.22814326101548 ], [ -75.616150312133399, 6.22830545991989 ], [ -75.615843036835798, 6.228491456123519 ], [ -75.615625776711298, 6.228498907909241 ], [ -75.615407408663401, 6.228471292166549 ], [ -75.615219222479098, 6.228444560817227 ], [ -75.615043504330899, 6.228555159110652 ], [ -75.6150672884946, 6.22877818714493 ], [ -75.615200657058395, 6.228979463118212 ], [ -75.615385035735301, 6.229080246617189 ], [ -75.615774890780997, 6.22927200807739 ], [ -75.616475038823197, 6.22962361288419 ], [ -75.616613366269704, 6.229800518202762 ], [ -75.616466147381203, 6.230025017847542 ], [ -75.616123116981598, 6.230023093869761 ], [ -75.615849626430304, 6.230065782367749 ], [ -75.615530158365203, 6.2302108963906 ], [ -75.615255761485599, 6.230287684791701 ], [ -75.614988637032994, 6.230444338582898 ], [ -75.614830384078303, 6.230680560665252 ], [ -75.614821078607406, 6.230939730824731 ], [ -75.614914391223493, 6.231203474302198 ], [ -75.614887899265995, 6.231433468086592 ], [ -75.6147465323712, 6.231595600226703 ], [ -75.614645666781698, 6.231848217478938 ], [ -75.615038571904904, 6.232396536880882 ], [ -75.6151739640964, 6.232947551827529 ], [ -75.615341229723896, 6.233043514308151 ], [ -75.615540500672608, 6.233076057221949 ], [ -75.615751678320805, 6.233052059903919 ], [ -75.616082175943106, 6.23289424885462 ], [ -75.616509994128407, 6.23264944591518 ], [ -75.616821414454506, 6.232504352706519 ], [ -75.617112964962402, 6.23244505094411 ], [ -75.617325296791805, 6.232471709828782 ], [ -75.617482197344302, 6.232808333185719 ], [ -75.617456177747002, 6.233200046485838 ], [ -75.617407873976404, 6.233539216475501 ], [ -75.617358731655898, 6.233935867863071 ], [ -75.617441015242605, 6.2342113336005 ], [ -75.617504769633896, 6.234341692671101 ], [ -75.617603802790399, 6.234496305771437 ], [ -75.6177542037602, 6.234673175376153 ], [ -75.618006053894902, 6.234798115984239 ], [ -75.618383674906198, 6.23493243078171 ], [ -75.618786796547795, 6.235187474366881 ], [ -75.620277810847298, 6.235945933546581 ], [ -75.621242719432217, 6.236361054223957 ] ] ] } },
{ "type": "Feature", "properties": { "OBJECTID": 98, "BARRIO": "LOS ALPES", "area_total_ha": 27.309516353146297, "Alta": 0.0, "Media": 0.0, "Baja": 0.0, "high_share": 0.0, "medhigh_share": 0.0, "screening_score": 0.0, "screening_rank": 87, "barrio_code": "1615", "comuna_code": "16", "comuna_name": "Belén", "population_2026": 6556.0, "imcv_ampi_2023": 104.58, "population_match": "exact", "population_density_km2_2026": 24006.283799473775, "hazard_weighted_population_proxy_2026": 0.0, "exposure_component": 0.0, "vulnerability_component": 0.39692585895117538, "priority_exposure": 0.0, "priority_balanced": 0.099231464737793845, "priority_equity": 0.17861663652802892, "rank_exposure": 85.0, "rank_balanced": 179.0, "rank_equity": 178.0, "rank_hazard_only": 87 }, "geometry": { "type": "Polygon", "coordinates": [ [ [ -75.609894427688801, 6.229010464204511 ], [ -75.609889516761797, 6.229051395525091 ], [ -75.609798756052498, 6.229668343026729 ], [ -75.609760506731305, 6.230007484339879 ], [ -75.609713554352197, 6.230467455999338 ], [ -75.609723150401905, 6.231002277874491 ], [ -75.609721742626604, 6.231558564241331 ], [ -75.609760393580402, 6.23205238486938 ], [ -75.609821488351201, 6.2326542797497 ], [ -75.609721570458305, 6.233235207990348 ], [ -75.609557587585996, 6.23323081127471 ], [ -75.609163082356503, 6.23317058069568 ], [ -75.608847057148495, 6.233115964947992 ], [ -75.608578460618901, 6.233112847283602 ], [ -75.6082316801876, 6.233206404801022 ], [ -75.607912095175607, 6.233312545846151 ], [ -75.607626778708493, 6.233440996626331 ], [ -75.607422757725402, 6.233505886946751 ], [ -75.607123813471105, 6.23344440332023 ], [ -75.606808693126297, 6.233354712294277 ], [ -75.606557179577806, 6.23334569776367 ], [ -75.606398355794198, 6.23338610076007 ], [ -75.606373700932494, 6.233208863400458 ], [ -75.606284576275499, 6.23265283823387 ], [ -75.606125134676404, 6.232131112988809 ], [ -75.605996039336802, 6.231666780269011 ], [ -75.605924561591394, 6.231299702899491 ], [ -75.605820126260895, 6.231014556625932 ], [ -75.605773466506406, 6.230881222642071 ], [ -75.605680163926806, 6.230619424745849 ], [ -75.605545362106398, 6.230269092578629 ], [ -75.6053887636659, 6.230034756572652 ], [ -75.605267356721399, 6.22979447312338 ], [ -75.605202218155796, 6.229531619902901 ], [ -75.605234417888596, 6.229186651093889 ], [ -75.605247339881799, 6.228784257330091 ], [ -75.605206515229895, 6.228231988358331 ], [ -75.606481086582306, 6.228596560859791 ], [ -75.606946169985008, 6.22871407096985 ], [ -75.606977747859901, 6.22780600019346 ], [ -75.607106665057501, 6.227512385284001 ], [ -75.607323644875194, 6.22740751388127 ], [ -75.607598060434697, 6.22733657534284 ], [ -75.607848048843394, 6.227167311328029 ], [ -75.608247782670801, 6.22694987567984 ], [ -75.6082935872994, 6.227135820113839 ], [ -75.608410164906402, 6.227445287295713 ], [ -75.60875333009092, 6.227493978098213 ], [ -75.609113449227806, 6.227491960846221 ], [ -75.6093822608632, 6.227570093840229 ], [ -75.609509401904603, 6.22770611805333 ], [ -75.609677116841297, 6.227957956041561 ], [ -75.609776576089104, 6.22826162633052 ], [ -75.609837238785616, 6.22871446543749 ], [ -75.609894427688801, 6.229010464204511 ] ] ] } },
{ "type": "Feature", "properties": { "OBJECTID": 99, "BARRIO": "NUEVA VILLA DE ABURRA", "area_total_ha": 19.071062713261853, "Alta": 0.0, "Media": 0.0, "Baja": 0.0, "high_share": 0.0, "medhigh_share": 0.0, "screening_score": 0.0, "screening_rank": 87, "barrio_code": "1618", "comuna_code": "16", "comuna_name": "Belén", "population_2026": 2940.0, "imcv_ampi_2023": 104.58, "population_match": "fuzzy_name_variant", "population_density_km2_2026": 15416.026071559974, "hazard_weighted_population_proxy_2026": 0.0, "exposure_component": 0.0, "vulnerability_component": 0.39692585895117538, "priority_exposure": 0.0, "priority_balanced": 0.099231464737793845, "priority_equity": 0.17861663652802892, "rank_exposure": 85.0, "rank_balanced": 179.0, "rank_equity": 178.0, "rank_hazard_only": 87 }, "geometry": { "type": "Polygon", "coordinates": [ [ [ -75.606398355794198, 6.23338610076007 ], [ -75.606433307473594, 6.233645143858092 ], [ -75.606414169255601, 6.233984231091021 ], [ -75.6062574163454, 6.23439288552425 ], [ -75.606139945497304, 6.234818963095357 ], [ -75.606052769272097, 6.235284895631882 ], [ -75.606037471192394, 6.235560647784439 ], [ -75.606056456495295, 6.235864550969679 ], [ -75.606272097823194, 6.236339349594619 ], [ -75.606542469229396, 6.23660745197101 ], [ -75.6067613070459, 6.236795818606731 ], [ -75.6069853020132, 6.237028984842959 ], [ -75.607249551353007, 6.23726690397016 ], [ -75.604673609965303, 6.237374709710702 ], [ -75.603085311712505, 6.237412426547129 ], [ -75.603120996202307, 6.236880393978239 ], [ -75.602979848036796, 6.236422914536409 ], [ -75.602816814209206, 6.236050256027867 ], [ -75.60260982, 6.23578196682133 ], [ -75.602305664074194, 6.235658143956268 ], [ -75.602007805897301, 6.23562490622473 ], [ -75.601066584818994, 6.23574745378965 ], [ -75.601066386268712, 6.233583690548309 ], [ -75.601307183282998, 6.233713543217572 ], [ -75.601628322922707, 6.233797374157298 ], [ -75.601971341662093, 6.233793460972958 ], [ -75.602388868581201, 6.23381368866242 ], [ -75.603320242286898, 6.233766184880579 ], [ -75.6037097219386, 6.233827409425968 ], [ -75.604076110482694, 6.23390428871918 ], [ -75.604396458360199, 6.234062161932032 ], [ -75.604723433857203, 6.23407680351993 ], [ -75.605014017162603, 6.234029200103109 ], [ -75.605407052212399, 6.23392869189377 ], [ -75.605645880108796, 6.233725361376941 ], [ -75.605959183233097, 6.233533506483438 ], [ -75.606261650519215, 6.23342156927388 ], [ -75.606398355794198, 6.23338610076007 ] ] ] } },
{ "type": "Feature", "properties": { "OBJECTID": 100, "BARRIO": "MIRAVALLE", "area_total_ha": 16.875554604572208, "Alta": 0.0, "Media": 0.0, "Baja": 0.0, "high_share": 0.0, "medhigh_share": 0.0, "screening_score": 0.0, "screening_rank": 87, "barrio_code": "1619", "comuna_code": "16", "comuna_name": "Belén", "population_2026": 4284.0, "imcv_ampi_2023": 104.58, "population_match": "exact", "population_density_km2_2026": 25385.832349707234, "hazard_weighted_population_proxy_2026": 0.0, "exposure_component": 0.0, "vulnerability_component": 0.39692585895117538, "priority_exposure": 0.0, "priority_balanced": 0.099231464737793845, "priority_equity": 0.17861663652802892, "rank_exposure": 85.0, "rank_balanced": 179.0, "rank_equity": 178.0, "rank_hazard_only": 87 }, "geometry": { "type": "Polygon", "coordinates": [ [ [ -75.601066386268712, 6.233583690548309 ], [ -75.601066584818994, 6.23574745378965 ], [ -75.602007805897301, 6.23562490622473 ], [ -75.602305664074194, 6.235658143956268 ], [ -75.60260982, 6.23578196682133 ], [ -75.602816814209206, 6.236050256027867 ], [ -75.602979848036796, 6.236422914536409 ], [ -75.603120996202307, 6.236880393978239 ], [ -75.603085311712505, 6.237412426547129 ], [ -75.601839013682806, 6.23744135760866 ], [ -75.600098151341598, 6.237598361198889 ], [ -75.599813103601306, 6.237123759755201 ], [ -75.599587688461099, 6.236746408906992 ], [ -75.599356352685206, 6.236409017089518 ], [ -75.599218010323497, 6.236226260853422 ], [ -75.598952938130196, 6.23605068919503 ], [ -75.598753597931321, 6.235994759316631 ], [ -75.598598536131604, 6.235944546014509 ], [ -75.598318885903396, 6.235946325849561 ], [ -75.598256671291196, 6.23320209740819 ], [ -75.598588347307697, 6.233101769232136 ], [ -75.599437844237698, 6.23291714238809 ], [ -75.599928439140498, 6.232809537120531 ], [ -75.6000664524082, 6.232878309164848 ], [ -75.600359735797994, 6.233070360997883 ], [ -75.600779097992003, 6.233377983612728 ], [ -75.601066386268712, 6.233583690548309 ] ] ] } },
{ "type": "Feature", "properties": { "OBJECTID": 101, "BARRIO": "BELEN", "area_total_ha": 53.462629344913552, "Alta": 0.0, "Media": 0.0, "Baja": 0.0, "high_share": 0.0, "medhigh_share": 0.0, "screening_score": 0.0, "screening_rank": 87, "barrio_code": "1603", "comuna_code": "16", "comuna_name": "Belén", "population_2026": 9269.0, "imcv_ampi_2023": 104.58, "population_match": "exact", "population_density_km2_2026": 17337.344072999385, "hazard_weighted_population_proxy_2026": 0.0, "exposure_component": 0.0, "vulnerability_component": 0.39692585895117538, "priority_exposure": 0.0, "priority_balanced": 0.099231464737793845, "priority_equity": 0.17861663652802892, "rank_exposure": 85.0, "rank_balanced": 179.0, "rank_equity": 178.0, "rank_hazard_only": 87 }, "geometry": { "type": "Polygon", "coordinates": [ [ [ -75.598638142849197, 6.228378556175659 ], [ -75.598674794858695, 6.229580652072642 ], [ -75.598784624051902, 6.23104363058624 ], [ -75.600023695172595, 6.230954327831619 ], [ -75.602073487063095, 6.230841251768688 ], [ -75.604150010583794, 6.230928782923519 ], [ -75.605773466506406, 6.230881222642071 ], [ -75.605820126260895, 6.231014556625932 ], [ -75.605924561591394, 6.231299702899491 ], [ -75.605996039336802, 6.231666780269011 ], [ -75.606125134676404, 6.232131112988809 ], [ -75.606284576275499, 6.23265283823387 ], [ -75.606373700932494, 6.233208863400458 ], [ -75.606398355794198, 6.23338610076007 ], [ -75.606261650519215, 6.23342156927388 ], [ -75.605959183233097, 6.233533506483438 ], [ -75.605645880108796, 6.233725361376941 ], [ -75.605407052212399, 6.23392869189377 ], [ -75.605014017162603, 6.234029200103109 ], [ -75.604723433857203, 6.23407680351993 ], [ -75.604396458360199, 6.234062161932032 ], [ -75.604076110482694, 6.23390428871918 ], [ -75.6037097219386, 6.233827409425968 ], [ -75.603320242286898, 6.233766184880579 ], [ -75.602388868581201, 6.23381368866242 ], [ -75.601971341662093, 6.233793460972958 ], [ -75.601628322922707, 6.233797374157298 ], [ -75.601307183282998, 6.233713543217572 ], [ -75.601066386268712, 6.233583690548309 ], [ -75.600779097992003, 6.233377983612728 ], [ -75.600359735797994, 6.233070360997883 ], [ -75.6000664524082, 6.232878309164848 ], [ -75.599928439140498, 6.232809537120531 ], [ -75.599437844237698, 6.23291714238809 ], [ -75.598588347307697, 6.233101769232136 ], [ -75.598256671291196, 6.23320209740819 ], [ -75.598200385977194, 6.233218821005739 ], [ -75.597994204564401, 6.23323208006897 ], [ -75.597750113146205, 6.233355535145781 ], [ -75.597455143103701, 6.233627220282141 ], [ -75.597188506061698, 6.233956303435221 ], [ -75.597007221311998, 6.234232532267568 ], [ -75.596707784207993, 6.234700051250913 ], [ -75.596323157635098, 6.235277902835331 ], [ -75.595878732708798, 6.236050772820537 ], [ -75.5956716339644, 6.236445931321039 ], [ -75.5946341418081, 6.235623739787931 ], [ -75.593840279901599, 6.234866118856518 ], [ -75.593699140465702, 6.23370718721113 ], [ -75.593677472835097, 6.231411958182552 ], [ -75.594202378719899, 6.231342254536033 ], [ -75.596081370456403, 6.231299836036299 ], [ -75.596100962397401, 6.230064453802079 ], [ -75.596115552850094, 6.229189551431868 ], [ -75.596134655296297, 6.229185600565001 ], [ -75.596766854995494, 6.228997704693391 ], [ -75.598010240072995, 6.228660942265939 ], [ -75.598638142849197, 6.228378556175659 ] ] ] } },
{ "type": "Feature", "properties": { "OBJECTID": 102, "BARRIO": "LA PALMA", "area_total_ha": 33.770709635906812, "Alta": 0.0, "Media": 0.0, "Baja": 0.0, "high_share": 0.0, "medhigh_share": 0.0, "screening_score": 0.0, "screening_rank": 87, "barrio_code": "1614", "comuna_code": "16", "comuna_name": "Belén", "population_2026": 6091.0, "imcv_ampi_2023": 104.58, "population_match": "exact", "population_density_km2_2026": 18036.3399693672, "hazard_weighted_population_proxy_2026": 0.0, "exposure_component": 0.0, "vulnerability_component": 0.39692585895117538, "priority_exposure": 0.0, "priority_balanced": 0.099231464737793845, "priority_equity": 0.17861663652802892, "rank_exposure": 85.0, "rank_balanced": 179.0, "rank_equity": 178.0, "rank_hazard_only": 87 }, "geometry": { "type": "Polygon", "coordinates": [ [ [ -75.602815265261498, 6.226091694038432 ], [ -75.603089897098201, 6.226095772677661 ], [ -75.603318254579406, 6.226099010126299 ], [ -75.603575784942919, 6.226103139490358 ], [ -75.603833334136297, 6.226113112519131 ], [ -75.604062764403594, 6.226139728016287 ], [ -75.604479294028096, 6.226164828921239 ], [ -75.604788276392199, 6.226220442309349 ], [ -75.605045939365894, 6.226270358478892 ], [ -75.6053098050063, 6.226377734277162 ], [ -75.605527396751896, 6.226485245451159 ], [ -75.605712569894095, 6.226861735955421 ], [ -75.605606726386796, 6.227133851083351 ], [ -75.605437421568993, 6.22737594848443 ], [ -75.60527428636, 6.227664791746283 ], [ -75.605190815088605, 6.228020625840987 ], [ -75.605206515229895, 6.228231988358331 ], [ -75.605247339881799, 6.228784257330091 ], [ -75.605234417888596, 6.229186651093889 ], [ -75.605202218155796, 6.229531619902901 ], [ -75.605267356721399, 6.22979447312338 ], [ -75.6053887636659, 6.230034756572652 ], [ -75.605545362106398, 6.230269092578629 ], [ -75.605680163926806, 6.230619424745849 ], [ -75.605773466506406, 6.230881222642071 ], [ -75.604150010583794, 6.230928782923519 ], [ -75.602073487063095, 6.230841251768688 ], [ -75.600023695172595, 6.230954327831619 ], [ -75.598784624051902, 6.23104363058624 ], [ -75.598674794858695, 6.229580652072642 ], [ -75.598638142849197, 6.228378556175659 ], [ -75.599071255529111, 6.228222407933939 ], [ -75.599537240374303, 6.227954126524908 ], [ -75.599912714605694, 6.227693899940138 ], [ -75.600241746423507, 6.227375352996298 ], [ -75.600604910462096, 6.227032351644527 ], [ -75.600832861123905, 6.226894329501841 ], [ -75.601202623619699, 6.226747129325648 ], [ -75.601583851643397, 6.22673921007537 ], [ -75.601677399696698, 6.226737967352681 ], [ -75.602026353100001, 6.226700914348218 ], [ -75.602326528556503, 6.226492536998569 ], [ -75.602815265261498, 6.226091694038432 ] ] ] } },
{ "type": "Feature", "properties": { "OBJECTID": 103, "BARRIO": "SHELLMAR", "area_total_ha": 40.568950612819087, "Alta": 0.0, "Media": 0.0, "Baja": 0.0, "high_share": 0.0, "medhigh_share": 0.0, "screening_score": 0.0, "screening_rank": 87, "barrio_code": null, "comuna_code": null, "comuna_name": null, "population_2026": null, "imcv_ampi_2023": null, "population_match": "unmatched_or_nonresidential", "population_density_km2_2026": null, "hazard_weighted_population_proxy_2026": null, "exposure_component": null, "vulnerability_component": null, "priority_exposure": null, "priority_balanced": null, "priority_equity": null, "rank_exposure": null, "rank_balanced": null, "rank_equity": null, "rank_hazard_only": 87 }, "geometry": { "type": "Polygon", "coordinates": [ [ [ -75.577633933268103, 6.216642487018938 ], [ -75.579020148564794, 6.21701363967446 ], [ -75.580532013570703, 6.217352283201529 ], [ -75.58060043327491, 6.217357934754438 ], [ -75.580344518119801, 6.218278342338069 ], [ -75.580128716821505, 6.219865017117199 ], [ -75.579950792705603, 6.220619583154559 ], [ -75.579845287639102, 6.221016397545652 ], [ -75.579745672761803, 6.221361561822119 ], [ -75.579635448739694, 6.221867504157502 ], [ -75.579546023983198, 6.222259402300629 ], [ -75.579462307415895, 6.22253534915831 ], [ -75.579333454914504, 6.22285721452629 ], [ -75.579166119623395, 6.223444182709591 ], [ -75.578510793792503, 6.22505743382925 ], [ -75.578281352446695, 6.225737130571349 ], [ -75.577782344268698, 6.227136580818301 ], [ -75.577580529878503, 6.22762622267514 ], [ -75.577412850772703, 6.228092384058269 ], [ -75.577239022038299, 6.228518621341371 ], [ -75.577133598644409, 6.228944662528961 ], [ -75.577079428557695, 6.229353024188057 ], [ -75.577139753721099, 6.229696759791311 ], [ -75.577216027133801, 6.22998881489588 ], [ -75.577378083503106, 6.23037804996406 ], [ -75.577525167929906, 6.230808247161808 ], [ -75.577577992320798, 6.230990280259948 ], [ -75.577618623136701, 6.231128505897999 ], [ -75.577700920173911, 6.231415673610781 ], [ -75.577777325174196, 6.231753516918712 ], [ -75.577620043065295, 6.231983885109469 ], [ -75.577610560981896, 6.231832905063051 ], [ -75.577401188380705, 6.231785761599468 ], [ -75.577035699805094, 6.231670863819819 ], [ -75.576789987679106, 6.231579982781691 ], [ -75.576594694838406, 6.231531825292481 ], [ -75.576329912273096, 6.231455612009211 ], [ -75.576104401799498, 6.231393900645501 ], [ -75.575614095898203, 6.231251102474879 ], [ -75.575624957350598, 6.231178979252527 ], [ -75.575860822091201, 6.229213265510349 ], [ -75.576158092466301, 6.22690736928467 ], [ -75.576314614496397, 6.225697894281221 ], [ -75.576795028957804, 6.221992469883967 ], [ -75.577633933268103, 6.216642487018938 ] ] ] } },
{ "type": "Feature", "properties": { "OBJECTID": 104, "BARRIO": "SAN BERNARDO", "area_total_ha": 57.401935234614662, "Alta": 0.0, "Media": 0.0, "Baja": 0.0, "high_share": 0.0, "medhigh_share": 0.0, "screening_score": 0.0, "screening_rank": 87, "barrio_code": "1605", "comuna_code": "16", "comuna_name": "Belén", "population_2026": 21902.0, "imcv_ampi_2023": 104.58, "population_match": "exact", "population_density_km2_2026": 38155.508016378859, "hazard_weighted_population_proxy_2026": 0.0, "exposure_component": 0.0, "vulnerability_component": 0.39692585895117538, "priority_exposure": 0.0, "priority_balanced": 0.099231464737793845, "priority_equity": 0.17861663652802892, "rank_exposure": 85.0, "rank_balanced": 179.0, "rank_equity": 178.0, "rank_hazard_only": 87 }, "geometry": { "type": "Polygon", "coordinates": [ [ [ -75.591986249552804, 6.222543486810991 ], [ -75.593742552100096, 6.222874566483361 ], [ -75.595156633226594, 6.223134528901882 ], [ -75.595331980185705, 6.222190969971131 ], [ -75.596018277241697, 6.222278629196677 ], [ -75.596218484172198, 6.22228779770726 ], [ -75.596435484453707, 6.222189750993501 ], [ -75.596692911167395, 6.222157836999278 ], [ -75.597110431108902, 6.22217807007461 ], [ -75.597537943236503, 6.222174894226306 ], [ -75.597876918103296, 6.222167100221532 ], [ -75.597608947664398, 6.223081699366723 ], [ -75.597209132182599, 6.224674741843698 ], [ -75.597620588258906, 6.224684275844021 ], [ -75.597872084298103, 6.22468842356017 ], [ -75.598255714678501, 6.224816894391547 ], [ -75.598828856838693, 6.225083158770543 ], [ -75.599569997866794, 6.225351862380542 ], [ -75.600021818871596, 6.2254060931703 ], [ -75.600245445591, 6.225513589139518 ], [ -75.600613481342194, 6.225815515152542 ], [ -75.601583851643397, 6.22673921007537 ], [ -75.601202623619699, 6.226747129325648 ], [ -75.600832861123905, 6.226894329501841 ], [ -75.600604910462096, 6.227032351644527 ], [ -75.600241746423507, 6.227375352996298 ], [ -75.599912714605694, 6.227693899940138 ], [ -75.599537240374303, 6.227954126524908 ], [ -75.599071255529111, 6.228222407933939 ], [ -75.598638142849197, 6.228378556175659 ], [ -75.598010240072995, 6.228660942265939 ], [ -75.596766854995494, 6.228997704693391 ], [ -75.596134655296297, 6.229185600565001 ], [ -75.596115552850094, 6.229189551431868 ], [ -75.595814886454406, 6.229228410344929 ], [ -75.595671865126803, 6.229166470692959 ], [ -75.595378746437305, 6.229030920147191 ], [ -75.595126787234904, 6.228866024844372 ], [ -75.594883753081803, 6.228656287710792 ], [ -75.5946024909871, 6.22844568621908 ], [ -75.594276027991597, 6.228258596775591 ], [ -75.593971811902193, 6.228111385625827 ], [ -75.593691058345399, 6.228078093198042 ], [ -75.593285855884901, 6.228145502872739 ], [ -75.592847979057694, 6.228395188786317 ], [ -75.592300345526596, 6.228607192762978 ], [ -75.5916790905477, 6.22875413317128 ], [ -75.590945917832897, 6.22916248870737 ], [ -75.591005304548702, 6.228823286015601 ], [ -75.591036343889101, 6.228420838871392 ], [ -75.591089218743704, 6.227915058893482 ], [ -75.591160461440396, 6.22750080585004 ], [ -75.591223694724206, 6.226747541367479 ], [ -75.591420310404402, 6.225499958424609 ], [ -75.591616199198, 6.224349802445881 ], [ -75.591893550150502, 6.223193567071879 ], [ -75.591986249552804, 6.222543486810991 ] ] ] } },
{ "type": "Feature", "properties": { "OBJECTID": 105, "BARRIO": "LA GLORIA", "area_total_ha": 60.626418902701417, "Alta": 0.0, "Media": 0.0, "Baja": 0.0, "high_share": 0.0, "medhigh_share": 0.0, "screening_score": 0.0, "screening_rank": 87, "barrio_code": "1612", "comuna_code": "16", "comuna_name": "Belén", "population_2026": 12992.0, "imcv_ampi_2023": 104.58, "population_match": "exact", "population_density_km2_2026": 21429.601541946093, "hazard_weighted_population_proxy_2026": 0.0, "exposure_component": 0.0, "vulnerability_component": 0.39692585895117538, "priority_exposure": 0.0, "priority_balanced": 0.099231464737793845, "priority_equity": 0.17861663652802892, "rank_exposure": 85.0, "rank_balanced": 179.0, "rank_equity": 178.0, "rank_hazard_only": 87 }, "geometry": { "type": "Polygon", "coordinates": [ [ [ -75.599307771797697, 6.221612546647211 ], [ -75.599448376957298, 6.221534203457618 ], [ -75.599955434341098, 6.221208326961566 ], [ -75.600402814727801, 6.220768635418259 ], [ -75.600726866577205, 6.220468613593869 ], [ -75.601068361154702, 6.220287398907829 ], [ -75.601358902681795, 6.220228108368728 ], [ -75.601593326623899, 6.22024302087675 ], [ -75.602068411661904, 6.220342972285409 ], [ -75.602709552801599, 6.220470697235082 ], [ -75.604139302757204, 6.220585431104827 ], [ -75.604842528471295, 6.220614576612048 ], [ -75.6057474993043, 6.220837985077841 ], [ -75.606634130147299, 6.220980583847157 ], [ -75.606922138523004, 6.22039229226632 ], [ -75.607321356395801, 6.219648776906781 ], [ -75.607526410599107, 6.219595576860099 ], [ -75.607698466164393, 6.219610666415731 ], [ -75.607996461744804, 6.219694562132989 ], [ -75.608288621311402, 6.219847645529671 ], [ -75.608586700702404, 6.219960766961222 ], [ -75.608845830886807, 6.220171424783769 ], [ -75.608849547194595, 6.22145739361824 ], [ -75.608925565759904, 6.223048085415689 ], [ -75.608914995955999, 6.223915177440591 ], [ -75.608771032660499, 6.22387565053333 ], [ -75.608601235723498, 6.223946285766493 ], [ -75.608356176185495, 6.22408046366989 ], [ -75.608064861750705, 6.224220622784559 ], [ -75.607815068123799, 6.22445710791018 ], [ -75.607469850270306, 6.224741607701909 ], [ -75.607196723505595, 6.224909963016168 ], [ -75.606928526105506, 6.225044208860372 ], [ -75.606648042472401, 6.225103473478099 ], [ -75.606351463791995, 6.225162784970592 ], [ -75.606008117409601, 6.225050766643032 ], [ -75.605886712333401, 6.224810482937022 ], [ -75.605906831344001, 6.223765078216158 ], [ -75.605558555394097, 6.2236871731205 ], [ -75.605323306336203, 6.22373558968536 ], [ -75.604795256454196, 6.22410634759476 ], [ -75.604625030563099, 6.224377673893473 ], [ -75.604364074284106, 6.224581066489351 ], [ -75.603994261546902, 6.224709758306033 ], [ -75.603635849078898, 6.224954350144939 ], [ -75.603345933546706, 6.225231867073719 ], [ -75.603125312179401, 6.225469241267288 ], [ -75.602886897522708, 6.22581578078383 ], [ -75.602815265261498, 6.226091694038432 ], [ -75.602326528556503, 6.226492536998569 ], [ -75.602026353100001, 6.226700914348218 ], [ -75.601677399696698, 6.226737967352681 ], [ -75.601583851643397, 6.22673921007537 ], [ -75.600613481342194, 6.225815515152542 ], [ -75.600245445591, 6.225513589139518 ], [ -75.600021818871596, 6.2254060931703 ], [ -75.599569997866794, 6.225351862380542 ], [ -75.598828856838693, 6.225083158770543 ], [ -75.598255714678501, 6.224816894391547 ], [ -75.597872084298103, 6.22468842356017 ], [ -75.597620588258906, 6.224684275844021 ], [ -75.597209132182599, 6.224674741843698 ], [ -75.597608947664398, 6.223081699366723 ], [ -75.597876918103296, 6.222167100221532 ], [ -75.597950347850201, 6.222165915057188 ], [ -75.598253060696706, 6.222140688975079 ], [ -75.598651945466997, 6.221976846242303 ], [ -75.599072764095013, 6.221744742860789 ], [ -75.599307771797697, 6.221612546647211 ] ] ] } },
{ "type": "Feature", "properties": { "OBJECTID": 106, "BARRIO": "ALTAVISTA", "area_total_ha": 58.118978720782522, "Alta": 0.0, "Media": 0.0, "Baja": 0.0, "high_share": 0.0, "medhigh_share": 0.0, "screening_score": 0.0, "screening_rank": 87, "barrio_code": "1613", "comuna_code": "16", "comuna_name": "Belén", "population_2026": 14235.0, "imcv_ampi_2023": 104.58, "population_match": "exact", "population_density_km2_2026": 24492.859842545316, "hazard_weighted_population_proxy_2026": 0.0, "exposure_component": 0.0, "vulnerability_component": 0.39692585895117538, "priority_exposure": 0.0, "priority_balanced": 0.099231464737793845, "priority_equity": 0.17861663652802892, "rank_exposure": 85.0, "rank_balanced": 179.0, "rank_equity": 178.0, "rank_hazard_only": 87 }, "geometry": { "type": "Polygon", "coordinates": [ [ [ -75.612188868125003, 6.219253764247118 ], [ -75.612206158003005, 6.219318987127932 ], [ -75.612740229810697, 6.21964185442086 ], [ -75.613135982406718, 6.219788788564227 ], [ -75.613369316969198, 6.21977544567334 ], [ -75.613632761260405, 6.21973863517579 ], [ -75.613974499250105, 6.219644118552412 ], [ -75.614418357104398, 6.21938271200512 ], [ -75.614776893138497, 6.219183903655211 ], [ -75.6149427339721, 6.219136658716762 ], [ -75.615189279884504, 6.219170040167941 ], [ -75.615385087175895, 6.219397440643661 ], [ -75.615556705054402, 6.219608346962159 ], [ -75.615724050451902, 6.219733536170512 ], [ -75.615874046801096, 6.219773043283039 ], [ -75.616135595850395, 6.21977618046886 ], [ -75.616427224275597, 6.219746105218528 ], [ -75.616616414317903, 6.21977283332569 ], [ -75.6166636365095, 6.22010003530699 ], [ -75.616661470176496, 6.220393282537188 ], [ -75.616730623031998, 6.220651249689621 ], [ -75.616885665053601, 6.220696587838961 ], [ -75.617017267288901, 6.22063677735541 ], [ -75.617279456213893, 6.220514235833791 ], [ -75.617563794428193, 6.220398450689363 ], [ -75.617746748369797, 6.22035602715789 ], [ -75.617981440319596, 6.220463482709668 ], [ -75.618068565571093, 6.220675608668321 ], [ -75.618259205022298, 6.22154698418938 ], [ -75.618455117788599, 6.221809453125601 ], [ -75.618643305063799, 6.22183715699044 ], [ -75.618964485503696, 6.22193754040297 ], [ -75.619170763857099, 6.221959346597317 ], [ -75.619365989967307, 6.221986056021722 ], [ -75.619468978344415, 6.22211825014003 ], [ -75.619533906430902, 6.222307058901951 ], [ -75.619574994084104, 6.22259920563267 ], [ -75.619565654995597, 6.22284668564548 ], [ -75.619121129266105, 6.222878181426788 ], [ -75.617713307790297, 6.222694258312842 ], [ -75.617019774145305, 6.222538452984552 ], [ -75.615561641519804, 6.22234882428022 ], [ -75.614560936608001, 6.222414082318591 ], [ -75.613779382171003, 6.222430966053442 ], [ -75.612831134003102, 6.22254770314791 ], [ -75.612597007906004, 6.222635089157362 ], [ -75.6124263850581, 6.222768077873679 ], [ -75.612078626198695, 6.22286845814646 ], [ -75.611827149985899, 6.22287016157109 ], [ -75.611564991111393, 6.223004390732801 ], [ -75.611476099700496, 6.223223849528849 ], [ -75.611408495009599, 6.223499751083281 ], [ -75.611434506600901, 6.22379778891394 ], [ -75.611481345262803, 6.223993471588431 ], [ -75.611482902383401, 6.224183441472448 ], [ -75.611375914473598, 6.224406849378652 ], [ -75.611331232337307, 6.224608642802512 ], [ -75.611361942909099, 6.22479268326766 ], [ -75.6113462796703, 6.22494178446015 ], [ -75.611089086062506, 6.225053592953139 ], [ -75.610637195670705, 6.224975016038103 ], [ -75.610334221305607, 6.224909647693179 ], [ -75.609888600713603, 6.224911912794152 ], [ -75.609409200405096, 6.225060409521022 ], [ -75.609210425671904, 6.225198351267652 ], [ -75.608861476902305, 6.225236382984609 ], [ -75.608673138951502, 6.22515704109275 ], [ -75.608421562121507, 6.225124646190592 ], [ -75.608124144073898, 6.225241440399788 ], [ -75.608004990424902, 6.225432733739461 ], [ -75.607945495969503, 6.225731018168489 ], [ -75.607953138149895, 6.225938506353801 ], [ -75.6080576750783, 6.226258725728428 ], [ -75.608205009572899, 6.226768792748442 ], [ -75.608247782670801, 6.22694987567984 ], [ -75.607848048843394, 6.227167311328029 ], [ -75.607598060434697, 6.22733657534284 ], [ -75.607323644875194, 6.22740751388127 ], [ -75.607106665057501, 6.227512385284001 ], [ -75.606977747859901, 6.22780600019346 ], [ -75.606946169985008, 6.22871407096985 ], [ -75.606481086582306, 6.228596560859791 ], [ -75.605206515229895, 6.228231988358331 ], [ -75.605190815088605, 6.228020625840987 ], [ -75.60527428636, 6.227664791746283 ], [ -75.605437421568993, 6.22737594848443 ], [ -75.605606726386796, 6.227133851083351 ], [ -75.605712569894095, 6.226861735955421 ], [ -75.605527396751896, 6.226485245451159 ], [ -75.6053098050063, 6.226377734277162 ], [ -75.605045939365894, 6.226270358478892 ], [ -75.604788276392199, 6.226220442309349 ], [ -75.604479294028096, 6.226164828921239 ], [ -75.604062764403594, 6.226139728016287 ], [ -75.603833334136297, 6.226113112519131 ], [ -75.603575784942919, 6.226103139490358 ], [ -75.603318254579406, 6.226099010126299 ], [ -75.603089897098201, 6.226095772677661 ], [ -75.602815265261498, 6.226091694038432 ], [ -75.602886897522708, 6.22581578078383 ], [ -75.603125312179401, 6.225469241267288 ], [ -75.603345933546706, 6.225231867073719 ], [ -75.603635849078898, 6.224954350144939 ], [ -75.603994261546902, 6.224709758306033 ], [ -75.604364074284106, 6.224581066489351 ], [ -75.604625030563099, 6.224377673893473 ], [ -75.604795256454196, 6.22410634759476 ], [ -75.605323306336203, 6.22373558968536 ], [ -75.605558555394097, 6.2236871731205 ], [ -75.605906831344001, 6.223765078216158 ], [ -75.605886712333401, 6.224810482937022 ], [ -75.606008117409601, 6.225050766643032 ], [ -75.606351463791995, 6.225162784970592 ], [ -75.606648042472401, 6.225103473478099 ], [ -75.606928526105506, 6.225044208860372 ], [ -75.607196723505595, 6.224909963016168 ], [ -75.607469850270306, 6.224741607701909 ], [ -75.607815068123799, 6.22445710791018 ], [ -75.608064861750705, 6.224220622784559 ], [ -75.608356176185495, 6.22408046366989 ], [ -75.608601235723498, 6.223946285766493 ], [ -75.608771032660499, 6.22387565053333 ], [ -75.608914995955999, 6.223915177440591 ], [ -75.608925565759904, 6.223048085415689 ], [ -75.608849547194595, 6.22145739361824 ], [ -75.608845830886807, 6.220171424783769 ], [ -75.609278858679204, 6.219989940686948 ], [ -75.610122899590394, 6.219666976012899 ], [ -75.610675578665607, 6.219467607446699 ], [ -75.611091724522893, 6.21936216057351 ], [ -75.611411483515298, 6.219319341792367 ], [ -75.611656904575, 6.219311810002661 ], [ -75.612188868125003, 6.219253764247118 ] ] ] } },
{ "type": "Feature", "properties": { "OBJECTID": 107, "BARRIO": "LAS PLAYAS", "area_total_ha": 35.590510876907615, "Alta": 0.0, "Media": 0.0, "Baja": 0.0, "high_share": 0.0, "medhigh_share": 0.0, "screening_score": 0.0, "screening_rank": 87, "barrio_code": "1606", "comuna_code": "16", "comuna_name": "Belén", "population_2026": 10802.0, "imcv_ampi_2023": 104.58, "population_match": "exact", "population_density_km2_2026": 30350.786582860546, "hazard_weighted_population_proxy_2026": 0.0, "exposure_component": 0.0, "vulnerability_component": 0.39692585895117538, "priority_exposure": 0.0, "priority_balanced": 0.099231464737793845, "priority_equity": 0.17861663652802892, "rank_exposure": 85.0, "rank_balanced": 179.0, "rank_equity": 178.0, "rank_hazard_only": 87 }, "geometry": { "type": "Polygon", "coordinates": [ [ [ -75.597876918103296, 6.222167100221532 ], [ -75.597537943236503, 6.222174894226306 ], [ -75.597110431108902, 6.22217807007461 ], [ -75.596692911167395, 6.222157836999278 ], [ -75.596435484453707, 6.222189750993501 ], [ -75.596218484172198, 6.22228779770726 ], [ -75.596018277241697, 6.222278629196677 ], [ -75.595331980185705, 6.222190969971131 ], [ -75.595156633226594, 6.223134528901882 ], [ -75.593742552100096, 6.222874566483361 ], [ -75.591986249552804, 6.222543486810991 ], [ -75.592050339730093, 6.222090284692868 ], [ -75.592108428596802, 6.221297093165237 ], [ -75.592250270295494, 6.220595238530908 ], [ -75.592422008892697, 6.219794900957779 ], [ -75.592609469570505, 6.218863971395939 ], [ -75.592848585077306, 6.217704922719658 ], [ -75.594498732664704, 6.217856074587479 ], [ -75.595037268740001, 6.217984104441043 ], [ -75.595874094220704, 6.218299304475582 ], [ -75.597383109249904, 6.219046106652771 ], [ -75.597655993147896, 6.21809057571076 ], [ -75.598916617684495, 6.218511719326299 ], [ -75.598958631443907, 6.21842976376606 ], [ -75.599020903303597, 6.218747184481408 ], [ -75.599140223014103, 6.219313843955887 ], [ -75.599229549632398, 6.220645360279831 ], [ -75.599307771797697, 6.221612546647211 ], [ -75.598725174935396, 6.221942116444571 ], [ -75.598280739592397, 6.222137238348448 ], [ -75.597876918103296, 6.222167100221532 ] ] ] } },
{ "type": "Feature", "properties": { "OBJECTID": 108, "BARRIO": "LOMA DE LOS BERNAL", "area_total_ha": 70.935583132086933, "Alta": 0.0, "Media": 0.0, "Baja": 0.0, "high_share": 0.0, "medhigh_share": 0.0, "screening_score": 0.0, "screening_rank": 87, "barrio_code": "1611", "comuna_code": "16", "comuna_name": "Belén", "population_2026": 18522.0, "imcv_ampi_2023": 104.58, "population_match": "fuzzy_name_variant", "population_density_km2_2026": 26111.013939944303, "hazard_weighted_population_proxy_2026": 0.0, "exposure_component": 0.0, "vulnerability_component": 0.39692585895117538, "priority_exposure": 0.0, "priority_balanced": 0.099231464737793845, "priority_equity": 0.17861663652802892, "rank_exposure": 85.0, "rank_balanced": 179.0, "rank_equity": 178.0, "rank_hazard_only": 87 }, "geometry": { "type": "Polygon", "coordinates": [ [ [ -75.607587851705901, 6.213347678984339 ], [ -75.607668684245795, 6.21347214666305 ], [ -75.608049131488301, 6.21389483705734 ], [ -75.608496488152696, 6.214148792115738 ], [ -75.608550447697198, 6.214372707193802 ], [ -75.608539849873097, 6.214534459407979 ], [ -75.6084496507181, 6.214649680189461 ], [ -75.608272959295505, 6.214770994723688 ], [ -75.608069244293901, 6.214939150209556 ], [ -75.608046541284395, 6.2150892473886 ], [ -75.608044550847495, 6.215444845386029 ], [ -75.608143890082005, 6.215708573799739 ], [ -75.608436114393697, 6.215885038593492 ], [ -75.608796586920406, 6.216007724131727 ], [ -75.609162729788693, 6.216004715684198 ], [ -75.609350947856001, 6.21604314054207 ], [ -75.609541361285807, 6.216145857740607 ], [ -75.6095991630866, 6.216306438322168 ], [ -75.609532197433793, 6.216455689142813 ], [ -75.609327425856804, 6.216606311612262 ], [ -75.609179990839621, 6.216756769185361 ], [ -75.609130525813001, 6.2170443085247 ], [ -75.609287088898398, 6.217267926917561 ], [ -75.609528278085605, 6.217536116747389 ], [ -75.610017298061194, 6.217934133263529 ], [ -75.6104206186791, 6.218264203080902 ], [ -75.610804312379116, 6.218416045978342 ], [ -75.611028877615794, 6.218501126795261 ], [ -75.611251264320998, 6.21852776165076 ], [ -75.611496634568894, 6.218502694261861 ], [ -75.611735872182194, 6.218443546882921 ], [ -75.611988582921995, 6.2185217265091 ], [ -75.612086938516796, 6.218791301819861 ], [ -75.612134979481013, 6.21905517732793 ], [ -75.612188868125003, 6.219253764247118 ], [ -75.611656904575, 6.219311810002661 ], [ -75.611411483515298, 6.219319341792367 ], [ -75.611091724522893, 6.21936216057351 ], [ -75.610675578665607, 6.219467607446699 ], [ -75.610122899590394, 6.219666976012899 ], [ -75.609278858679204, 6.219989940686948 ], [ -75.608845830886807, 6.220171424783769 ], [ -75.608586700702404, 6.219960766961222 ], [ -75.608288621311402, 6.219847645529671 ], [ -75.607996461744804, 6.219694562132989 ], [ -75.607698466164393, 6.219610666415731 ], [ -75.607526410599107, 6.219595576860099 ], [ -75.607321356395801, 6.219648776906781 ], [ -75.606922138523004, 6.22039229226632 ], [ -75.606634130147299, 6.220980583847157 ], [ -75.6057474993043, 6.220837985077841 ], [ -75.604842528471295, 6.220614576612048 ], [ -75.604139302757204, 6.220585431104827 ], [ -75.602709552801599, 6.220470697235082 ], [ -75.602068411661904, 6.220342972285409 ], [ -75.601593326623899, 6.22024302087675 ], [ -75.601358902681795, 6.220228108368728 ], [ -75.601068361154702, 6.220287398907829 ], [ -75.600726866577205, 6.220468613593869 ], [ -75.600402814727801, 6.220768635418259 ], [ -75.599955434341098, 6.221208326961566 ], [ -75.599448376957298, 6.221534203457618 ], [ -75.599307771797697, 6.221612546647211 ], [ -75.599229549632398, 6.220645360279831 ], [ -75.599140223014103, 6.219313843955887 ], [ -75.599020903303597, 6.218747184481408 ], [ -75.598958631443907, 6.21842976376606 ], [ -75.599282782408906, 6.21781409290904 ], [ -75.599228516121201, 6.217482035713641 ], [ -75.599190832984604, 6.21696969853352 ], [ -75.599189055251998, 6.216700815178622 ], [ -75.599369127039296, 6.216354446678561 ], [ -75.599492143745493, 6.216106637753692 ], [ -75.599764610030405, 6.215708369341641 ], [ -75.600133991387096, 6.215430626324951 ], [ -75.600598534975902, 6.215014267515801 ], [ -75.600626630641102, 6.214989831431341 ], [ -75.601031493955105, 6.214808433671691 ], [ -75.6016573403422, 6.214516313754089 ], [ -75.601840395324103, 6.214508967077521 ], [ -75.602047591359195, 6.214501551151812 ], [ -75.602246943221701, 6.214564303237111 ], [ -75.602443456230404, 6.21468941191585 ], [ -75.602597951243396, 6.214894529555472 ], [ -75.602726888047101, 6.21530723121862 ], [ -75.602965434537793, 6.215706953510701 ], [ -75.603143098953396, 6.215923694090911 ], [ -75.603321509149794, 6.216049830695518 ], [ -75.603591336212205, 6.216133811022661 ], [ -75.603888124840594, 6.21614854324836 ], [ -75.604230805449006, 6.216031621247831 ], [ -75.6045893455521, 6.215832819156412 ], [ -75.604831960591, 6.215549593807877 ], [ -75.605036169757, 6.215203154825518 ], [ -75.605233286633293, 6.214839198413379 ], [ -75.605505144076105, 6.214580244053248 ], [ -75.605841785455993, 6.214462365920649 ], [ -75.606247057773601, 6.214424175979549 ], [ -75.606424130676302, 6.21443535533446 ], [ -75.606546108907494, 6.214526580255519 ], [ -75.606478485351502, 6.214796637162718 ], [ -75.606434972580203, 6.215055906244209 ], [ -75.606465643406594, 6.215227281321898 ], [ -75.606762512331002, 6.215270264632959 ], [ -75.606955098193197, 6.215079734516831 ], [ -75.607176755261193, 6.21485404829363 ], [ -75.607472007317895, 6.21468562835876 ], [ -75.60762713005272, 6.21475922099497 ], [ -75.607723281396304, 6.214614757869229 ], [ -75.607618992388296, 6.214379295687481 ], [ -75.607376618489198, 6.214047785533511 ], [ -75.607134249104902, 6.21371822156784 ], [ -75.606960705894593, 6.213535567286682 ], [ -75.606867564413193, 6.21332832614784 ], [ -75.606853861325106, 6.213111113569038 ], [ -75.606968250812201, 6.213012385856111 ], [ -75.607151159644204, 6.212954378142971 ], [ -75.607557599909796, 6.213321463062402 ], [ -75.607587851705901, 6.213347678984339 ] ] ] } },
{ "type": "Feature", "properties": { "OBJECTID": 109, "BARRIO": "DIEGO ECHAVARRÍA", "area_total_ha": 31.4647802888576, "Alta": 0.0, "Media": 0.0, "Baja": 0.0, "high_share": 0.0, "medhigh_share": 0.0, "screening_score": 0.0, "screening_rank": 87, "barrio_code": "1607", "comuna_code": "16", "comuna_name": "Belén", "population_2026": 5896.0, "imcv_ampi_2023": 104.58, "population_match": "exact", "population_density_km2_2026": 18738.411474266384, "hazard_weighted_population_proxy_2026": 0.0, "exposure_component": 0.0, "vulnerability_component": 0.39692585895117538, "priority_exposure": 0.0, "priority_balanced": 0.099231464737793845, "priority_equity": 0.17861663652802892, "rank_exposure": 85.0, "rank_balanced": 179.0, "rank_equity": 178.0, "rank_hazard_only": 87 }, "geometry": { "type": "Polygon", "coordinates": [ [ [ -75.594924900325097, 6.210702035694693 ], [ -75.595134551672601, 6.2112012173365 ], [ -75.5963120108471, 6.21349995512622 ], [ -75.597268935546296, 6.215359941581039 ], [ -75.597917815695894, 6.216434606339353 ], [ -75.598620075658701, 6.2178822446792 ], [ -75.598958631443907, 6.21842976376606 ], [ -75.598916617684495, 6.218511719326299 ], [ -75.597655993147896, 6.21809057571076 ], [ -75.597383109249904, 6.219046106652771 ], [ -75.595874094220704, 6.218299304475582 ], [ -75.595037268740001, 6.217984104441043 ], [ -75.594498732664704, 6.217856074587479 ], [ -75.592848585077306, 6.217704922719658 ], [ -75.593001398883104, 6.216970886643378 ], [ -75.593341120600599, 6.215113026748581 ], [ -75.593635334585997, 6.213170537234061 ], [ -75.594072626809805, 6.21131239594571 ], [ -75.594269828529008, 6.210271351938081 ], [ -75.594275840701002, 6.209559169193101 ], [ -75.594890800680403, 6.210737205193603 ], [ -75.594924900325097, 6.210702035694693 ] ] ] } },
{ "type": "Feature", "properties": { "OBJECTID": 110, "BARRIO": "LA MOTA", "area_total_ha": 53.751675848938731, "Alta": 0.0, "Media": 0.0, "Baja": 0.0, "high_share": 0.0, "medhigh_share": 0.0, "screening_score": 0.0, "screening_rank": 87, "barrio_code": "1608", "comuna_code": "16", "comuna_name": "Belén", "population_2026": 11106.0, "imcv_ampi_2023": 104.58, "population_match": "exact", "population_density_km2_2026": 20661.681379408146, "hazard_weighted_population_proxy_2026": 0.0, "exposure_component": 0.0, "vulnerability_component": 0.39692585895117538, "priority_exposure": 0.0, "priority_balanced": 0.099231464737793845, "priority_equity": 0.17861663652802892, "rank_exposure": 85.0, "rank_balanced": 179.0, "rank_equity": 178.0, "rank_hazard_only": 87 }, "geometry": { "type": "Polygon", "coordinates": [ [ [ -75.598443031962802, 6.203839207566139 ], [ -75.598847151578596, 6.204103040479541 ], [ -75.599030550211495, 6.20421649915677 ], [ -75.599243152480398, 6.20434156538101 ], [ -75.599485087002094, 6.204523052320469 ], [ -75.599698019485004, 6.2047630772706 ], [ -75.599720246099096, 6.204797111159758 ], [ -75.599871768556596, 6.205019774898451 ], [ -75.600028552600193, 6.205323285329661 ], [ -75.6001622684811, 6.20565024305917 ], [ -75.600220522525206, 6.20597059673418 ], [ -75.600217208484594, 6.206218061373887 ], [ -75.600265491469102, 6.206568646376848 ], [ -75.600324569678804, 6.206825673081558 ], [ -75.600447138133205, 6.207123436850501 ], [ -75.600723836538194, 6.207500642562911 ], [ -75.601057787570795, 6.20784845714909 ], [ -75.601237561100902, 6.20810026641999 ], [ -75.601268541852605, 6.208380755937418 ], [ -75.6012240019774, 6.208633210230188 ], [ -75.601271886233903, 6.209545926740032 ], [ -75.601368929347899, 6.210412712316228 ], [ -75.600860760287802, 6.21034792575558 ], [ -75.600146711688197, 6.210398687939807 ], [ -75.600207856734798, 6.211024942528412 ], [ -75.600252756696904, 6.211598635720169 ], [ -75.600201555067201, 6.212334326376208 ], [ -75.600240651338396, 6.21298889717585 ], [ -75.600057495671194, 6.212961172018202 ], [ -75.599674022269198, 6.212884334269198 ], [ -75.599124921843, 6.212928778259149 ], [ -75.599112205104007, 6.21340521343731 ], [ -75.599149289634497, 6.213709066157598 ], [ -75.599229200480721, 6.213863740919431 ], [ -75.599396688837899, 6.214040568413721 ], [ -75.599816985302994, 6.214329682984202 ], [ -75.600598534975902, 6.215014267515801 ], [ -75.600133991387096, 6.215430626324951 ], [ -75.599764610030405, 6.215708369341641 ], [ -75.599492143745493, 6.216106637753692 ], [ -75.599369127039296, 6.216354446678561 ], [ -75.599189055251998, 6.216700815178622 ], [ -75.599190832984604, 6.21696969853352 ], [ -75.599228516121201, 6.217482035713641 ], [ -75.599282782408906, 6.21781409290904 ], [ -75.598958631443907, 6.21842976376606 ], [ -75.598620075658701, 6.2178822446792 ], [ -75.597917815695894, 6.216434606339353 ], [ -75.597268935546296, 6.215359941581039 ], [ -75.5963120108471, 6.21349995512622 ], [ -75.595134551672601, 6.2112012173365 ], [ -75.594924900325097, 6.210702035694693 ], [ -75.595202744617197, 6.21042455779342 ], [ -75.595651772399904, 6.210209914987683 ], [ -75.5959430013108, 6.21004053898121 ], [ -75.596228376758617, 6.209934503814588 ], [ -75.596512828484293, 6.209857699013564 ], [ -75.596736169927794, 6.20986777542379 ], [ -75.596902142152203, 6.209867299161718 ], [ -75.597124587936193, 6.209916348000514 ], [ -75.597405412509303, 6.209977894367618 ], [ -75.597477873190115, 6.209638653516362 ], [ -75.597518441308793, 6.209052050017862 ], [ -75.597555990842309, 6.208816176858538 ], [ -75.597606472143497, 6.208529608570208 ], [ -75.597633104745796, 6.208345403395808 ], [ -75.597649707347898, 6.208171941757759 ], [ -75.597641961583506, 6.207925483868821 ], [ -75.597604993350998, 6.207661572672101 ], [ -75.597499312529806, 6.207288744630002 ], [ -75.597429169999018, 6.207031747901421 ], [ -75.597334668645999, 6.206698831106202 ], [ -75.5972301265315, 6.206372763971428 ], [ -75.597118261664804, 6.205947345398321 ], [ -75.597081427697006, 6.205730196436961 ], [ -75.5970847133663, 6.205472016292198 ], [ -75.597152570181095, 6.205281846183991 ], [ -75.597310773954902, 6.205027117593111 ], [ -75.5976164524523, 6.204635575105612 ], [ -75.597882268937894, 6.204374693048961 ], [ -75.598110028315602, 6.204172374604791 ], [ -75.598519719427898, 6.203922771239238 ], [ -75.598443031962802, 6.203839207566139 ] ] ] } },
{ "type": "Feature", "properties": { "OBJECTID": 111, "BARRIO": "EL RINCÓN", "area_total_ha": 84.976869661358833, "Alta": 0.0, "Media": 0.0, "Baja": 0.0, "high_share": 0.0, "medhigh_share": 0.0, "screening_score": 0.0, "screening_rank": 87, "barrio_code": "1610", "comuna_code": "16", "comuna_name": "Belén", "population_2026": 25017.0, "imcv_ampi_2023": 104.58, "population_match": "exact", "population_density_km2_2026": 29439.775905720227, "hazard_weighted_population_proxy_2026": 0.0, "exposure_component": 0.0, "vulnerability_component": 0.39692585895117538, "priority_exposure": 0.0, "priority_balanced": 0.099231464737793845, "priority_equity": 0.17861663652802892, "rank_exposure": 85.0, "rank_balanced": 179.0, "rank_equity": 178.0, "rank_hazard_only": 87 }, "geometry": { "type": "Polygon", "coordinates": [ [ [ -75.599720246099096, 6.204797111159758 ], [ -75.600177671862795, 6.204707143221239 ], [ -75.6004619249847, 6.204562141075032 ], [ -75.600730326068202, 6.204501942507761 ], [ -75.6010513161566, 6.204539990852112 ], [ -75.601342244052503, 6.204618067069868 ], [ -75.6015547827473, 6.20472072594519 ], [ -75.601755264694802, 6.204828288894182 ], [ -75.602054617462102, 6.205037862398971 ], [ -75.602347904084795, 6.205236735995069 ], [ -75.602594589760798, 6.205320786019109 ], [ -75.603012476142396, 6.20547351271752 ], [ -75.603824793167405, 6.205667969539038 ], [ -75.604711033367096, 6.205683929958251 ], [ -75.605134672085612, 6.20573824128824 ], [ -75.605489710525205, 6.20572357902326 ], [ -75.605706058069998, 6.205751208426391 ], [ -75.605862926289504, 6.206082969089359 ], [ -75.605980467936902, 6.206380743376598 ], [ -75.606067817906407, 6.206673733762003 ], [ -75.606234231766393, 6.206827181665958 ], [ -75.606504088298919, 6.206922853497098 ], [ -75.606785174737894, 6.20707597103715 ], [ -75.607245856955103, 6.207418544750471 ], [ -75.607228883502302, 6.207462433973698 ], [ -75.607117202724098, 6.207802761872512 ], [ -75.607133053797298, 6.208416479399459 ], [ -75.606894149902502, 6.20859058046485 ], [ -75.606523376709703, 6.208730964454119 ], [ -75.606186904244495, 6.20890632201445 ], [ -75.606108843782394, 6.209044887740591 ], [ -75.60617371494132, 6.20921616317712 ], [ -75.606566783070903, 6.209133194996832 ], [ -75.606892555203018, 6.209084518679019 ], [ -75.607310343508502, 6.209202169326972 ], [ -75.607659300920702, 6.209170960447403 ], [ -75.6079901026485, 6.209122268620932 ], [ -75.6082354231567, 6.209080643184148 ], [ -75.608430875387, 6.209187243530681 ], [ -75.608375292144402, 6.209446548277587 ], [ -75.608215821172394, 6.20960873032282 ], [ -75.608018227211005, 6.209806094941042 ], [ -75.607973407997093, 6.209961127057231 ], [ -75.607986041154305, 6.210155935716323 ], [ -75.608102098265107, 6.21028712139375 ], [ -75.6083318893794, 6.21044135905981 ], [ -75.6087218923536, 6.210690610401721 ], [ -75.609048210383307, 6.210830929576908 ], [ -75.609164153203693, 6.210922171192441 ], [ -75.609102335993299, 6.211112324177509 ], [ -75.608948652273895, 6.211188758323019 ], [ -75.608857512412698, 6.211326388053468 ], [ -75.6088478674247, 6.211469627536822 ], [ -75.608889807888602, 6.211712088265609 ], [ -75.608937712307593, 6.211929201240121 ], [ -75.608904192174407, 6.21216506233687 ], [ -75.608688139861798, 6.212240701491572 ], [ -75.6084876370914, 6.21212729646704 ], [ -75.608264118427101, 6.212054874934671 ], [ -75.608098147298904, 6.212056329630439 ], [ -75.607910592660403, 6.212246845576511 ], [ -75.607935545492296, 6.21252832387842 ], [ -75.608078729195697, 6.212647740158699 ], [ -75.607761380677005, 6.212827915098929 ], [ -75.607482075389001, 6.212944654770819 ], [ -75.6075007464527, 6.213140421815319 ], [ -75.607557599909796, 6.213321463062402 ], [ -75.607151159644204, 6.212954378142971 ], [ -75.606968250812201, 6.213012385856111 ], [ -75.606853861325106, 6.213111113569038 ], [ -75.606867564413193, 6.21332832614784 ], [ -75.606960705894593, 6.213535567286682 ], [ -75.607134249104902, 6.21371822156784 ], [ -75.607376618489198, 6.214047785533511 ], [ -75.607618992388296, 6.214379295687481 ], [ -75.607723281396304, 6.214614757869229 ], [ -75.60762713005272, 6.21475922099497 ], [ -75.607472007317895, 6.21468562835876 ], [ -75.607176755261193, 6.21485404829363 ], [ -75.606955098193197, 6.215079734516831 ], [ -75.606762512331002, 6.215270264632959 ], [ -75.606465643406594, 6.215227281321898 ], [ -75.606434972580203, 6.215055906244209 ], [ -75.606478485351502, 6.214796637162718 ], [ -75.606546108907494, 6.214526580255519 ], [ -75.606424130676302, 6.21443535533446 ], [ -75.606247057773601, 6.214424175979549 ], [ -75.605841785455993, 6.214462365920649 ], [ -75.605505144076105, 6.214580244053248 ], [ -75.605233286633293, 6.214839198413379 ], [ -75.605036169757, 6.215203154825518 ], [ -75.604831960591, 6.215549593807877 ], [ -75.6045893455521, 6.215832819156412 ], [ -75.604230805449006, 6.216031621247831 ], [ -75.603888124840594, 6.21614854324836 ], [ -75.603591336212205, 6.216133811022661 ], [ -75.603321509149794, 6.216049830695518 ], [ -75.603143098953396, 6.215923694090911 ], [ -75.602965434537793, 6.215706953510701 ], [ -75.602726888047101, 6.21530723121862 ], [ -75.602597951243396, 6.214894529555472 ], [ -75.602443456230404, 6.21468941191585 ], [ -75.602246943221701, 6.214564303237111 ], [ -75.602047591359195, 6.214501551151812 ], [ -75.601840395324103, 6.214508967077521 ], [ -75.6016573403422, 6.214516313754089 ], [ -75.601031493955105, 6.214808433671691 ], [ -75.600626630641102, 6.214989831431341 ], [ -75.600598534975902, 6.215014267515801 ], [ -75.599816985302994, 6.214329682984202 ], [ -75.599396688837899, 6.214040568413721 ], [ -75.599229200480721, 6.213863740919431 ], [ -75.599149289634497, 6.213709066157598 ], [ -75.599112205104007, 6.21340521343731 ], [ -75.599124921843, 6.212928778259149 ], [ -75.599674022269198, 6.212884334269198 ], [ -75.600057495671194, 6.212961172018202 ], [ -75.600240651338396, 6.21298889717585 ], [ -75.600201555067201, 6.212334326376208 ], [ -75.600252756696904, 6.211598635720169 ], [ -75.600207856734798, 6.211024942528412 ], [ -75.600146711688197, 6.210398687939807 ], [ -75.600860760287802, 6.21034792575558 ], [ -75.601368929347899, 6.210412712316228 ], [ -75.601271886233903, 6.209545926740032 ], [ -75.6012240019774, 6.208633210230188 ], [ -75.601268541852605, 6.208380755937418 ], [ -75.601237561100902, 6.20810026641999 ], [ -75.601057787570795, 6.20784845714909 ], [ -75.600723836538194, 6.207500642562911 ], [ -75.600447138133205, 6.207123436850501 ], [ -75.600324569678804, 6.206825673081558 ], [ -75.600265491469102, 6.206568646376848 ], [ -75.600217208484594, 6.206218061373887 ], [ -75.600220522525206, 6.20597059673418 ], [ -75.6001622684811, 6.20565024305917 ], [ -75.600028552600193, 6.205323285329661 ], [ -75.599871768556596, 6.205019774898451 ], [ -75.599720246099096, 6.204797111159758 ] ] ] } },
{ "type": "Feature", "properties": { "OBJECTID": 112, "BARRIO": "LA HONDONADA", "area_total_ha": 63.366068974057768, "Alta": 0.0, "Media": 0.0, "Baja": 0.0, "high_share": 0.0, "medhigh_share": 0.0, "screening_score": 0.0, "screening_rank": 87, "barrio_code": "1609", "comuna_code": "16", "comuna_name": "Belén", "population_2026": 16396.0, "imcv_ampi_2023": 104.58, "population_match": "exact", "population_density_km2_2026": 25875.046796279195, "hazard_weighted_population_proxy_2026": 0.0, "exposure_component": 0.0, "vulnerability_component": 0.39692585895117538, "priority_exposure": 0.0, "priority_balanced": 0.099231464737793845, "priority_equity": 0.17861663652802892, "rank_exposure": 85.0, "rank_balanced": 179.0, "rank_equity": 178.0, "rank_hazard_only": 87 }, "geometry": { "type": "Polygon", "coordinates": [ [ [ -75.597680060935502, 6.195570163531647 ], [ -75.597868687454195, 6.195754727054668 ], [ -75.598185263694901, 6.196010043953378 ], [ -75.598713204393107, 6.196310545315272 ], [ -75.599252160945099, 6.196593477293821 ], [ -75.599820108143604, 6.196813973969402 ], [ -75.600433301872997, 6.19702752144375 ], [ -75.600976777579604, 6.19713215447664 ], [ -75.601200424699698, 6.197251343578508 ], [ -75.601344641339693, 6.197382451323858 ], [ -75.601214045566095, 6.197441279459007 ], [ -75.600990972157206, 6.197522780096029 ], [ -75.600792156214894, 6.19764415487436 ], [ -75.600497061099603, 6.197866152442463 ], [ -75.600401200898602, 6.198111933338411 ], [ -75.600444222999499, 6.198382646441471 ], [ -75.600576547638099, 6.198576138380051 ], [ -75.600778300113703, 6.198777225205038 ], [ -75.601001847447193, 6.198861342148377 ], [ -75.601214771970604, 6.19909941714295 ], [ -75.601308038372011, 6.199352450885852 ], [ -75.601428986312698, 6.19943686178631 ], [ -75.601680354875199, 6.199401066966651 ], [ -75.601908736029117, 6.199416973855569 ], [ -75.601881181334903, 6.199629435168233 ], [ -75.6018496202975, 6.199848727426528 ], [ -75.601776995650894, 6.200129513712732 ], [ -75.601887279448704, 6.200353271160979 ], [ -75.602236232152507, 6.200322068160691 ], [ -75.602469198299403, 6.200182082624711 ], [ -75.602662965403198, 6.200053903382151 ], [ -75.602896377488406, 6.20006979402547 ], [ -75.602973530783601, 6.200316051639721 ], [ -75.602952144871907, 6.200575258077541 ], [ -75.602925922694695, 6.200901702121119 ], [ -75.602916708350094, 6.201195945539129 ], [ -75.603020738069802, 6.201343728236203 ], [ -75.603233290113806, 6.20145125790287 ], [ -75.603571640212195, 6.20158083188145 ], [ -75.603801570917, 6.201785733284661 ], [ -75.603849589620694, 6.202043766434421 ], [ -75.603840225129503, 6.202285401826829 ], [ -75.603905571721995, 6.20262327102401 ], [ -75.603946353115504, 6.202813128765359 ], [ -75.604005302834594, 6.203025340555878 ], [ -75.604138553545795, 6.203189602042498 ], [ -75.604310923817707, 6.203315756192421 ], [ -75.604510182933694, 6.203348307372952 ], [ -75.604660090596596, 6.203358591931219 ], [ -75.604831040509794, 6.203340564190209 ], [ -75.604984770587095, 6.20328069328459 ], [ -75.605143022452694, 6.203044473742199 ], [ -75.605209805591301, 6.20283190010389 ], [ -75.605287454914802, 6.202550124592708 ], [ -75.605377171915706, 6.202267340429749 ], [ -75.605484322561594, 6.202100437720429 ], [ -75.605706733979318, 6.202138767340097 ], [ -75.605844867649111, 6.202252353955959 ], [ -75.605960958841806, 6.202396205956529 ], [ -75.606291857657297, 6.20308208303724 ], [ -75.606945480906106, 6.204059299365028 ], [ -75.607180081951498, 6.20413850939344 ], [ -75.607333928979898, 6.204119556108391 ], [ -75.607476451009703, 6.204010030649319 ], [ -75.607664084482593, 6.203847768479432 ], [ -75.607807096593504, 6.203908732623448 ], [ -75.607838183432193, 6.20422429219771 ], [ -75.607834095936795, 6.204551644157291 ], [ -75.608051305603993, 6.205228106214895 ], [ -75.608194222848397, 6.205255945644408 ], [ -75.608341886170294, 6.205185375075138 ], [ -75.608530860830712, 6.20513904215135 ], [ -75.608701922997994, 6.205159980271998 ], [ -75.608937594242306, 6.205261593852128 ], [ -75.609263414431993, 6.20523045211024 ], [ -75.609668618207294, 6.205170828459949 ], [ -75.610034653748002, 6.205132750829841 ], [ -75.610177948656499, 6.205292110842329 ], [ -75.610213903539503, 6.20555115076125 ], [ -75.610090645282696, 6.205713228120558 ], [ -75.609856771604598, 6.205886341989181 ], [ -75.609640674534305, 6.205945420029559 ], [ -75.6094055160859, 6.20602208926807 ], [ -75.609110583949004, 6.206299620606269 ], [ -75.608793225800298, 6.20647492343695 ], [ -75.608535869898304, 6.206528274012792 ], [ -75.608318452659901, 6.206478243113309 ], [ -75.608106063545605, 6.206428196354603 ], [ -75.607900994034793, 6.206474576140239 ], [ -75.6077534826955, 6.206597754406931 ], [ -75.607755148161701, 6.206826692316981 ], [ -75.607641995863105, 6.207005302953362 ], [ -75.607454148049499, 6.20709352555627 ], [ -75.607301766929695, 6.207272249131251 ], [ -75.607245856955103, 6.207418544750471 ], [ -75.606785174737894, 6.20707597103715 ], [ -75.606504088298919, 6.206922853497098 ], [ -75.606234231766393, 6.206827181665958 ], [ -75.606067817906407, 6.206673733762003 ], [ -75.605980467936902, 6.206380743376598 ], [ -75.605862926289504, 6.206082969089359 ], [ -75.605706058069998, 6.205751208426391 ], [ -75.605489710525205, 6.20572357902326 ], [ -75.605134672085612, 6.20573824128824 ], [ -75.604711033367096, 6.205683929958251 ], [ -75.603824793167405, 6.205667969539038 ], [ -75.603012476142396, 6.20547351271752 ], [ -75.602594589760798, 6.205320786019109 ], [ -75.602347904084795, 6.205236735995069 ], [ -75.602054617462102, 6.205037862398971 ], [ -75.601755264694802, 6.204828288894182 ], [ -75.6015547827473, 6.20472072594519 ], [ -75.601342244052503, 6.204618067069868 ], [ -75.6010513161566, 6.204539990852112 ], [ -75.600730326068202, 6.204501942507761 ], [ -75.6004619249847, 6.204562141075032 ], [ -75.600177671862795, 6.204707143221239 ], [ -75.599720246099096, 6.204797111159758 ], [ -75.599698019485004, 6.2047630772706 ], [ -75.599485087002094, 6.204523052320469 ], [ -75.599243152480398, 6.20434156538101 ], [ -75.599030550211495, 6.20421649915677 ], [ -75.598847151578596, 6.204103040479541 ], [ -75.598443031962802, 6.203839207566139 ], [ -75.598266456945609, 6.203648764168848 ], [ -75.598133171381704, 6.203471836441311 ], [ -75.598034976238097, 6.203253889533102 ], [ -75.597996253259396, 6.203079612887841 ], [ -75.597962624024603, 6.202927729476818 ], [ -75.597909262911401, 6.20255864848834 ], [ -75.597866000935198, 6.202204152093041 ], [ -75.597806559120002, 6.20181949931338 ], [ -75.597959863276998, 6.200203784547317 ], [ -75.597974721652619, 6.199067786770372 ], [ -75.598027690322198, 6.198596107084419 ], [ -75.598012360891502, 6.19815969576929 ], [ -75.597982255006201, 6.197832439448562 ], [ -75.597967914451999, 6.197390180234749 ], [ -75.597906562258601, 6.197040605518889 ], [ -75.597869237225197, 6.196651018971921 ], [ -75.597680060935502, 6.195570163531647 ] ] ] } },
{ "type": "Feature", "properties": { "OBJECTID": 113, "BARRIO": "EL RODEO", "area_total_ha": 67.665894949013733, "Alta": 0.0, "Media": 0.0, "Baja": 0.0, "high_share": 0.0, "medhigh_share": 0.0, "screening_score": 0.0, "screening_rank": 87, "barrio_code": null, "comuna_code": null, "comuna_name": null, "population_2026": null, "imcv_ampi_2023": null, "population_match": "unmatched_or_nonresidential", "population_density_km2_2026": null, "hazard_weighted_population_proxy_2026": null, "exposure_component": null, "vulnerability_component": null, "priority_exposure": null, "priority_balanced": null, "priority_equity": null, "rank_exposure": null, "rank_balanced": null, "rank_equity": null, "rank_hazard_only": 87 }, "geometry": { "type": "Polygon", "coordinates": [ [ [ -75.597996253259396, 6.203079612887841 ], [ -75.598034976238097, 6.203253889533102 ], [ -75.598133171381704, 6.203471836441311 ], [ -75.598266456945609, 6.203648764168848 ], [ -75.598443031962802, 6.203839207566139 ], [ -75.598519719427898, 6.203922771239238 ], [ -75.598110028315602, 6.204172374604791 ], [ -75.597882268937894, 6.204374693048961 ], [ -75.5976164524523, 6.204635575105612 ], [ -75.597310773954902, 6.205027117593111 ], [ -75.597152570181095, 6.205281846183991 ], [ -75.5970847133663, 6.205472016292198 ], [ -75.597081427697006, 6.205730196436961 ], [ -75.597118261664804, 6.205947345398321 ], [ -75.5972301265315, 6.206372763971428 ], [ -75.597334668645999, 6.206698831106202 ], [ -75.597429169999018, 6.207031747901421 ], [ -75.597499312529806, 6.207288744630002 ], [ -75.597604993350998, 6.207661572672101 ], [ -75.597641961583506, 6.207925483868821 ], [ -75.597649707347898, 6.208171941757759 ], [ -75.597633104745796, 6.208345403395808 ], [ -75.597606472143497, 6.208529608570208 ], [ -75.597555990842309, 6.208816176858538 ], [ -75.597518441308793, 6.209052050017862 ], [ -75.597477873190115, 6.209638653516362 ], [ -75.597405412509303, 6.209977894367618 ], [ -75.597124587936193, 6.209916348000514 ], [ -75.596902142152203, 6.209867299161718 ], [ -75.596736169927794, 6.20986777542379 ], [ -75.596512828484293, 6.209857699013564 ], [ -75.596228376758617, 6.209934503814588 ], [ -75.5959430013108, 6.21004053898121 ], [ -75.595651772399904, 6.210209914987683 ], [ -75.595202744617197, 6.21042455779342 ], [ -75.594924900325097, 6.210702035694693 ], [ -75.594890800680403, 6.210737205193603 ], [ -75.594275840701002, 6.209559169193101 ], [ -75.594159310375701, 6.209261386747598 ], [ -75.593932875598796, 6.208872341957711 ], [ -75.593725899051194, 6.208604044535889 ], [ -75.593420183269302, 6.208279524979031 ], [ -75.593173085106912, 6.208051287254841 ], [ -75.592931260721301, 6.207908765901839 ], [ -75.592621091036705, 6.207785923948122 ], [ -75.592415773712105, 6.20774656717351 ], [ -75.5919812305536, 6.207749755891591 ], [ -75.591592993805094, 6.207764504660339 ], [ -75.5911765606307, 6.207768616536532 ], [ -75.590764158032997, 6.207775639354902 ], [ -75.590415120258598, 6.207779556969102 ], [ -75.590129430785595, 6.20777550113052 ], [ -75.589906999297995, 6.207731320699379 ], [ -75.589722695336505, 6.207652933035389 ], [ -75.589550195712107, 6.207480985129631 ], [ -75.589365579766707, 6.207293484839917 ], [ -75.589239142175003, 6.207047363124278 ], [ -75.589168318950001, 6.20690337843209 ], [ -75.589102881352204, 6.206531406968309 ], [ -75.588967268604506, 6.205888797090091 ], [ -75.588855721998996, 6.205573462853507 ], [ -75.588767461492594, 6.205310670779388 ], [ -75.588715656529899, 6.205133506279831 ], [ -75.588599438716599, 6.204943863321329 ], [ -75.588484081060301, 6.204703555190352 ], [ -75.588914509718606, 6.20431555726004 ], [ -75.589316658491597, 6.203887695816741 ], [ -75.589623577702099, 6.20357604029418 ], [ -75.590003807326994, 6.20322228382093 ], [ -75.590447555679106, 6.202920954773421 ], [ -75.590840262330005, 6.202710374353689 ], [ -75.591456111604103, 6.202441677560461 ], [ -75.592092870238702, 6.202097903840742 ], [ -75.592531749453101, 6.201853093398291 ], [ -75.592822120021495, 6.201736330160163 ], [ -75.5930331220695, 6.201653890965011 ], [ -75.593294375235203, 6.20155572325408 ], [ -75.593625139078597, 6.201494375046679 ], [ -75.593882596592707, 6.201476104281411 ], [ -75.594259911485395, 6.201513021038172 ], [ -75.594677612190495, 6.201602431664242 ], [ -75.595090511401906, 6.201771741216129 ], [ -75.595515527141998, 6.201956604260891 ], [ -75.595997007726297, 6.202189043369802 ], [ -75.596576221352194, 6.20247770671001 ], [ -75.597380057800706, 6.202873865697602 ], [ -75.597996253259396, 6.203079612887841 ] ] ] } },
{ "type": "Feature", "properties": { "OBJECTID": 114, "BARRIO": "LA COLINA", "area_total_ha": 92.767506242172544, "Alta": 0.0, "Media": 0.0, "Baja": 0.0, "high_share": 0.0, "medhigh_share": 0.0, "screening_score": 0.0, "screening_rank": 87, "barrio_code": "1511", "comuna_code": "15", "comuna_name": "Guayabal", "population_2026": 18437.0, "imcv_ampi_2023": 98.33, "population_match": "exact", "population_density_km2_2026": 19874.415888543583, "hazard_weighted_population_proxy_2026": 0.0, "exposure_component": 0.0, "vulnerability_component": 0.58529234478601555, "priority_exposure": 0.0, "priority_balanced": 0.14632308619650389, "priority_equity": 0.26338155515370698, "rank_exposure": 85.0, "rank_balanced": 108.0, "rank_equity": 107.0, "rank_hazard_only": 87 }, "geometry": { "type": "Polygon", "coordinates": [ [ [ -75.597680060935502, 6.195570163531647 ], [ -75.597869237225197, 6.196651018971921 ], [ -75.597906562258601, 6.197040605518889 ], [ -75.597967914451999, 6.197390180234749 ], [ -75.597982255006201, 6.197832439448562 ], [ -75.598012360891502, 6.19815969576929 ], [ -75.598027690322198, 6.198596107084419 ], [ -75.597974721652619, 6.199067786770372 ], [ -75.597959863276998, 6.200203784547317 ], [ -75.597806559120002, 6.20181949931338 ], [ -75.597866000935198, 6.202204152093041 ], [ -75.597909262911401, 6.20255864848834 ], [ -75.597962624024603, 6.202927729476818 ], [ -75.597996253259396, 6.203079612887841 ], [ -75.597380057800706, 6.202873865697602 ], [ -75.596576221352194, 6.20247770671001 ], [ -75.595997007726297, 6.202189043369802 ], [ -75.595515527141998, 6.201956604260891 ], [ -75.595090511401906, 6.201771741216129 ], [ -75.594677612190495, 6.201602431664242 ], [ -75.594259911485395, 6.201513021038172 ], [ -75.593882596592707, 6.201476104281411 ], [ -75.593625139078597, 6.201494375046679 ], [ -75.593294375235203, 6.20155572325408 ], [ -75.5930331220695, 6.201653890965011 ], [ -75.592822120021495, 6.201736330160163 ], [ -75.592531749453101, 6.201853093398291 ], [ -75.592092870238702, 6.202097903840742 ], [ -75.591456111604103, 6.202441677560461 ], [ -75.590840262330005, 6.202710374353689 ], [ -75.590447555679106, 6.202920954773421 ], [ -75.590003807326994, 6.20322228382093 ], [ -75.589623577702099, 6.20357604029418 ], [ -75.589316658491597, 6.203887695816741 ], [ -75.588914509718606, 6.20431555726004 ], [ -75.588484081060301, 6.204703555190352 ], [ -75.588046908567804, 6.204488519812548 ], [ -75.587778031304595, 6.20438211852717 ], [ -75.587616600136499, 6.20421111143809 ], [ -75.587472284719198, 6.204044928802781 ], [ -75.587276376933403, 6.203776596074732 ], [ -75.587097979581017, 6.203652401658672 ], [ -75.587896892539305, 6.20196275177254 ], [ -75.5890634291315, 6.19902503242867 ], [ -75.590279791711296, 6.19592642204147 ], [ -75.591532758697497, 6.192968973273241 ], [ -75.591589043696302, 6.192953223924551 ], [ -75.591822269545901, 6.192904822125662 ], [ -75.592578076845399, 6.193042959136942 ], [ -75.593985565852094, 6.19313636745738 ], [ -75.595016233869401, 6.193364319446459 ], [ -75.595159311995701, 6.1934496442181 ], [ -75.595314848417999, 6.193671325355992 ], [ -75.595471722407694, 6.194008935474942 ], [ -75.595668781467793, 6.194328896412297 ], [ -75.595909693073693, 6.194506491367112 ], [ -75.5964215850409, 6.194823603957961 ], [ -75.597058288612203, 6.195169584065169 ], [ -75.597529765484296, 6.195423483340601 ], [ -75.597680060935502, 6.195570163531647 ] ] ] } },
{ "type": "Feature", "properties": { "OBJECTID": 115, "BARRIO": "GUAYABAL", "area_total_ha": 90.827956757373258, "Alta": 0.0, "Media": 0.0, "Baja": 0.0, "high_share": 0.0, "medhigh_share": 0.0, "screening_score": 0.0, "screening_rank": 87, "barrio_code": "1510", "comuna_code": "15", "comuna_name": "Guayabal", "population_2026": 2173.0, "imcv_ampi_2023": 98.33, "population_match": "exact", "population_density_km2_2026": 2392.4351901966565, "hazard_weighted_population_proxy_2026": 0.0, "exposure_component": 0.0, "vulnerability_component": 0.58529234478601555, "priority_exposure": 0.0, "priority_balanced": 0.14632308619650389, "priority_equity": 0.26338155515370698, "rank_exposure": 85.0, "rank_balanced": 108.0, "rank_equity": 107.0, "rank_hazard_only": 87 }, "geometry": { "type": "Polygon", "coordinates": [ [ [ -75.591532758697497, 6.192968973273241 ], [ -75.590279791711296, 6.19592642204147 ], [ -75.5890634291315, 6.19902503242867 ], [ -75.587896892539305, 6.20196275177254 ], [ -75.587097979581017, 6.203652401658672 ], [ -75.586595022139704, 6.203649935848268 ], [ -75.586005104729097, 6.203487940252089 ], [ -75.58551759085141, 6.203256484845739 ], [ -75.584594091461597, 6.202872335346109 ], [ -75.583532379546199, 6.20234536347231 ], [ -75.5809813075346, 6.201240014863399 ], [ -75.579790780838593, 6.20069001789822 ], [ -75.579979647287203, 6.199535981971049 ], [ -75.580168833322901, 6.198851530348597 ], [ -75.580375215408594, 6.198201129647265 ], [ -75.581139785125004, 6.19574193326109 ], [ -75.581395299504393, 6.195036834507272 ], [ -75.581649809007715, 6.194331739884851 ], [ -75.582019218480895, 6.193352557279171 ], [ -75.582922890784516, 6.193490288696791 ], [ -75.584982926733105, 6.193841021732701 ], [ -75.586035512818199, 6.193993912735031 ], [ -75.5862838035615, 6.194291324065381 ], [ -75.586417341177594, 6.194559834912371 ], [ -75.586659580372299, 6.194851418775449 ], [ -75.586957996080301, 6.195089259110609 ], [ -75.587142527600804, 6.195249484041318 ], [ -75.587361042624195, 6.195333621089678 ], [ -75.587605341729699, 6.195287137387889 ], [ -75.587839182333113, 6.195100394397751 ], [ -75.5880427867029, 6.194892302773998 ], [ -75.588230505984797, 6.194758298374559 ], [ -75.588623034815299, 6.194486344692237 ], [ -75.588970621572599, 6.19432850343508 ], [ -75.589465826242204, 6.194083537196611 ], [ -75.589914792166795, 6.193850390521629 ], [ -75.590325568389815, 6.193629044042461 ], [ -75.590745117037699, 6.193309274706659 ], [ -75.591047410856504, 6.193141821298447 ], [ -75.5913438104633, 6.193024068359329 ], [ -75.591532758697497, 6.192968973273241 ] ] ] } },
{ "type": "Feature", "properties": { "OBJECTID": 116, "BARRIO": "NOEL", "area_total_ha": 55.781062543094542, "Alta": 0.0, "Media": 0.0, "Baja": 0.0, "high_share": 0.0, "medhigh_share": 0.0, "screening_score": 0.0, "screening_rank": 87, "barrio_code": null, "comuna_code": null, "comuna_name": null, "population_2026": null, "imcv_ampi_2023": null, "population_match": "unmatched_or_nonresidential", "population_density_km2_2026": null, "hazard_weighted_population_proxy_2026": null, "exposure_component": null, "vulnerability_component": null, "priority_exposure": null, "priority_balanced": null, "priority_equity": null, "rank_exposure": null, "rank_balanced": null, "rank_equity": null, "rank_hazard_only": 87 }, "geometry": { "type": "Polygon", "coordinates": [ [ [ -75.578775969946193, 6.207149178553118 ], [ -75.579403952812598, 6.20725359279233 ], [ -75.580565124012395, 6.207376954499989 ], [ -75.582235807429598, 6.207684946436237 ], [ -75.584141971662703, 6.208027337285722 ], [ -75.585198821452593, 6.2082542535099 ], [ -75.585056203427399, 6.208686246672708 ], [ -75.584937307346507, 6.208971061707989 ], [ -75.584904333927597, 6.209049094053 ], [ -75.584706247107206, 6.20943058444521 ], [ -75.584470047845699, 6.209852125724151 ], [ -75.583742364860001, 6.211126549328061 ], [ -75.582246426659211, 6.213560549746661 ], [ -75.581794949557107, 6.214334402968649 ], [ -75.581552952315107, 6.214840719934841 ], [ -75.581203600978498, 6.215446714154128 ], [ -75.581045694547797, 6.21580957997507 ], [ -75.580899631100394, 6.216092523091431 ], [ -75.580821901165194, 6.21635091643329 ], [ -75.580738351010098, 6.216685318266731 ], [ -75.580667141947799, 6.217115158999138 ], [ -75.58060043327491, 6.217357934754438 ], [ -75.580532013570703, 6.217352283201529 ], [ -75.579020148564794, 6.21701363967446 ], [ -75.577633933268103, 6.216642487018938 ], [ -75.577770301793194, 6.215776974585968 ], [ -75.577865339516094, 6.214879430641001 ], [ -75.578028907854105, 6.213316286046861 ], [ -75.578431504334105, 6.209483459011481 ], [ -75.578775969946193, 6.207149178553118 ] ] ] } },
{ "type": "Feature", "properties": { "OBJECTID": 117, "BARRIO": "LA FRONTERA", "area_total_ha": 14.937415757746008, "Alta": 0.0, "Media": 0.045488019806984185, "Baja": 14.891927737939509, "high_share": 0.0, "medhigh_share": 0.0030452402573983208, "screening_score": 0.0008526672720715299, "screening_rank": 83, "barrio_code": "0204", "comuna_code": "02", "comuna_name": "Santa Cruz", "population_2026": 6480.0, "imcv_ampi_2023": 89.42, "population_match": "exact", "population_density_km2_2026": 43380.997791667571, "hazard_weighted_population_proxy_2026": 9.8665784339705596, "exposure_component": 0.24518358220401085, "vulnerability_component": 0.85382760699216376, "priority_exposure": 0.24518358220401085, "priority_balanced": 0.39734458840104908, "priority_equity": 0.51907339335867975, "rank_exposure": 81.0, "rank_balanced": 78.0, "rank_equity": 75.0, "rank_hazard_only": 83 }, "geometry": { "type": "Polygon", "coordinates": [ [ [ -75.557241032032195, 6.303790791370468 ], [ -75.557069181327194, 6.30421507513392 ], [ -75.556996226342704, 6.304388697141488 ], [ -75.556918562191797, 6.304675346275297 ], [ -75.556931089620306, 6.304836062169509 ], [ -75.5569889222146, 6.305007364115471 ], [ -75.557123334354102, 6.30521937040291 ], [ -75.557283872035001, 6.305419608981651 ], [ -75.557412295483402, 6.305648193095849 ], [ -75.557539762376095, 6.305894315879819 ], [ -75.557598913476099, 6.306175705704051 ], [ -75.557611750770107, 6.306445535369992 ], [ -75.557591483181895, 6.306749557834979 ], [ -75.557565324696299, 6.307105232254058 ], [ -75.557568715989703, 6.30723674446991 ], [ -75.555865014481896, 6.306756398084119 ], [ -75.553900492951897, 6.30619104774532 ], [ -75.553458510476602, 6.306085128357051 ], [ -75.553093366320397, 6.306111491259088 ], [ -75.552944286496498, 6.30604956080782 ], [ -75.552759748734118, 6.30590102318393 ], [ -75.552483546002605, 6.305713772747751 ], [ -75.552294954061495, 6.305554527578591 ], [ -75.552156891713395, 6.305475030379679 ], [ -75.552092457426895, 6.305459623835329 ], [ -75.552487279158896, 6.305253916463291 ], [ -75.552973644881305, 6.304687479123708 ], [ -75.553291911126095, 6.304449837825618 ], [ -75.553530988003999, 6.304316664587997 ], [ -75.553697025619897, 6.304326912243459 ], [ -75.553863141954196, 6.30436541346189 ], [ -75.554808522761306, 6.304593637009548 ], [ -75.554920051930694, 6.30418511098338 ], [ -75.555009935131494, 6.303949090081779 ], [ -75.555093847296206, 6.303736466713568 ], [ -75.555290147788796, 6.303419280107921 ], [ -75.555421101240199, 6.303119815232338 ], [ -75.555561350141005, 6.302905085679689 ], [ -75.556009594283594, 6.303091845920578 ], [ -75.556479208971794, 6.303364280636861 ], [ -75.556691898540606, 6.303505918787202 ], [ -75.556893469664999, 6.303630051097683 ], [ -75.557241032032195, 6.303790791370468 ] ] ] } },
{ "type": "Feature", "properties": { "OBJECTID": 118, "BARRIO": "PABLO VI", "area_total_ha": 8.4513162841019227, "Alta": 1.416106148773405, "Media": 0.56414345302830982, "Baja": 6.4710666823001377, "high_share": 0.16756042504731405, "medhigh_share": 0.23431256566824202, "screening_score": 0.18625102442117386, "screening_rank": 45, "barrio_code": "0203", "comuna_code": "02", "comuna_name": "Santa Cruz", "population_2026": 5289.0, "imcv_ampi_2023": 89.42, "population_match": "exact", "population_density_km2_2026": 62581.967378848778, "hazard_weighted_population_proxy_2026": 1062.753123947288, "exposure_component": 0.71627914830804362, "vulnerability_component": 0.85382760699216376, "priority_exposure": 0.71627914830804362, "priority_balanced": 0.75066626297907368, "priority_equity": 0.77817595471589773, "rank_exposure": 48.0, "rank_balanced": 44.0, "rank_equity": 40.0, "rank_hazard_only": 45 }, "geometry": { "type": "Polygon", "coordinates": [ [ [ -75.552813157591899, 6.301651201350797 ], [ -75.553140440825103, 6.301757444357919 ], [ -75.553323597223894, 6.301773488848991 ], [ -75.553513015118, 6.301869405095291 ], [ -75.553718579808304, 6.301982811474052 ], [ -75.553909117704094, 6.302118666939861 ], [ -75.554156097321894, 6.30229041049003 ], [ -75.554404028899597, 6.302442666762903 ], [ -75.5546779924573, 6.302550034196169 ], [ -75.554872348234497, 6.302612811102939 ], [ -75.555222852079496, 6.302747239509631 ], [ -75.555561350141005, 6.302905085679689 ], [ -75.555421101240199, 6.303119815232338 ], [ -75.555290147788796, 6.303419280107921 ], [ -75.555093847296206, 6.303736466713568 ], [ -75.555009935131494, 6.303949090081779 ], [ -75.554920051930694, 6.30418511098338 ], [ -75.554808522761306, 6.304593637009548 ], [ -75.553863141954196, 6.30436541346189 ], [ -75.553697025619897, 6.304326912243459 ], [ -75.553530988003999, 6.304316664587997 ], [ -75.553291911126095, 6.304449837825618 ], [ -75.552973644881305, 6.304687479123708 ], [ -75.552487279158896, 6.305253916463291 ], [ -75.552092457426895, 6.305459623835329 ], [ -75.552144189634703, 6.305251963366548 ], [ -75.552153681267598, 6.305050266306022 ], [ -75.552105535463497, 6.304745463270828 ], [ -75.552114738875702, 6.304441471367631 ], [ -75.552146253089504, 6.304199769355387 ], [ -75.552241852484201, 6.30384974320753 ], [ -75.552308450565704, 6.303562152594091 ], [ -75.552385010541698, 6.303239461224869 ], [ -75.552525981386395, 6.302923405034179 ], [ -75.5526379133277, 6.302657120813409 ], [ -75.552716779592998, 6.302438666383528 ], [ -75.552761436478605, 6.302219333524709 ], [ -75.552770933305396, 6.30201958576584 ], [ -75.552813157591899, 6.301651201350797 ] ] ] } },
{ "type": "Feature", "properties": { "OBJECTID": 119, "BARRIO": "LA FRANCIA", "area_total_ha": 35.608328055487689, "Alta": 9.8836613807096416, "Media": 3.1858167253235532, "Baja": 22.538849949454089, "high_share": 0.27756600549478611, "medhigh_share": 0.36703430966113626, "screening_score": 0.30261713066136414, "screening_rank": 35, "barrio_code": "0205", "comuna_code": "02", "comuna_name": "Santa Cruz", "population_2026": 15853.0, "imcv_ampi_2023": 89.42, "population_match": "exact", "population_density_km2_2026": 44520.48401513436, "hazard_weighted_population_proxy_2026": 5109.424398083419, "exposure_component": 0.87757848246210313, "vulnerability_component": 0.85382760699216376, "priority_exposure": 0.87757848246210313, "priority_balanced": 0.8716407635946184, "priority_equity": 0.86689058850063039, "rank_exposure": 21.0, "rank_balanced": 20.0, "rank_equity": 18.0, "rank_hazard_only": 35 }, "geometry": { "type": "Polygon", "coordinates": [ [ [ -75.5511582823151, 6.29670766007191 ], [ -75.551308635391507, 6.296866038197678 ], [ -75.551434770196394, 6.296998180190598 ], [ -75.551895709649997, 6.297408014768231 ], [ -75.552119735428093, 6.29764704747444 ], [ -75.552339791328095, 6.297904603657549 ], [ -75.552718854029905, 6.298178271571953 ], [ -75.553178463039501, 6.298472172547088 ], [ -75.554119632061898, 6.298994633443537 ], [ -75.554643923248307, 6.299391620085033 ], [ -75.5548544551297, 6.2994826038302 ], [ -75.555101249236301, 6.299589075028412 ], [ -75.555411397480199, 6.299684648492892 ], [ -75.555674160189298, 6.29974528283609 ], [ -75.555966996846209, 6.29976686260431 ], [ -75.556349368663206, 6.299786239203752 ], [ -75.556658348065, 6.299824335004696 ], [ -75.557047749078805, 6.299838820679538 ], [ -75.557333687795207, 6.299912054695931 ], [ -75.557541229026796, 6.300012787971689 ], [ -75.557632135402201, 6.300139183062429 ], [ -75.557709019958594, 6.300288025129101 ], [ -75.557847419799799, 6.30048735289767 ], [ -75.558024669028896, 6.300549202861911 ], [ -75.558301913603799, 6.30075008566268 ], [ -75.558255956223405, 6.30086420388004 ], [ -75.5579414433724, 6.301715611011428 ], [ -75.557399890348805, 6.303397720283819 ], [ -75.5573719085005, 6.303465022096629 ], [ -75.557241032032195, 6.303790791370468 ], [ -75.556893469664999, 6.303630051097683 ], [ -75.556691898540606, 6.303505918787202 ], [ -75.556479208971794, 6.303364280636861 ], [ -75.556009594283594, 6.303091845920578 ], [ -75.555561350141005, 6.302905085679689 ], [ -75.555222852079496, 6.302747239509631 ], [ -75.554872348234497, 6.302612811102939 ], [ -75.5546779924573, 6.302550034196169 ], [ -75.554404028899597, 6.302442666762903 ], [ -75.554156097321894, 6.30229041049003 ], [ -75.553909117704094, 6.302118666939861 ], [ -75.553718579808304, 6.301982811474052 ], [ -75.553513015118, 6.301869405095291 ], [ -75.553323597223894, 6.301773488848991 ], [ -75.553140440825103, 6.301757444357919 ], [ -75.552813157591899, 6.301651201350797 ], [ -75.552636183028497, 6.301686773094461 ], [ -75.552269727998819, 6.301604022044441 ], [ -75.552007252927794, 6.301645681056793 ], [ -75.5516481938201, 6.301688587721329 ], [ -75.551351497361907, 6.301725472195242 ], [ -75.551082792699106, 6.301698949571402 ], [ -75.550921606060101, 6.301624388142107 ], [ -75.550651508746796, 6.301460501091491 ], [ -75.550455972064199, 6.301335373927009 ], [ -75.550232023860303, 6.301124593658649 ], [ -75.550041164435797, 6.300873774996239 ], [ -75.5498172959296, 6.300691246297499 ], [ -75.549604543110107, 6.30052622434462 ], [ -75.5493969532574, 6.30040794983003 ], [ -75.549129891616303, 6.300249898948979 ], [ -75.549210848184302, 6.300058717475501 ], [ -75.549386040485103, 6.299747437952951 ], [ -75.5498667130244, 6.298945251184061 ], [ -75.550125898576994, 6.29844960326689 ], [ -75.550453461324395, 6.297941096419901 ], [ -75.5505030061517, 6.297671090909202 ], [ -75.550501370159196, 6.29744701639619 ], [ -75.550574296963902, 6.297262678611129 ], [ -75.550714599602998, 6.297067434192408 ], [ -75.550891134068806, 6.29687598245602 ], [ -75.5511582823151, 6.29670766007191 ] ] ] } },
{ "type": "Feature", "properties": { "OBJECTID": 120, "BARRIO": "ANDALUCIA", "area_total_ha": 21.904655730096014, "Alta": 2.4349229231400895, "Media": 2.253196806334969, "Baja": 17.216536000621094, "high_share": 0.111160063556471, "medhigh_share": 0.21402389461130825, "screening_score": 0.13996193625182543, "screening_rank": 49, "barrio_code": "0206", "comuna_code": "02", "comuna_name": "Santa Cruz", "population_2026": 9974.0, "imcv_ampi_2023": 89.42, "population_match": "exact", "population_density_km2_2026": 45533.698967458186, "hazard_weighted_population_proxy_2026": 1621.6923993827149, "exposure_component": 0.75967828098496459, "vulnerability_component": 0.85382760699216376, "priority_exposure": 0.75967828098496459, "priority_balanced": 0.78321561248676441, "priority_equity": 0.80204547768820422, "rank_exposure": 43.0, "rank_balanced": 38.0, "rank_equity": 36.0, "rank_hazard_only": 49 }, "geometry": { "type": "Polygon", "coordinates": [ [ [ -75.5551222710301, 6.297056945560381 ], [ -75.555404245308296, 6.297151625204272 ], [ -75.555701233334304, 6.297218983360511 ], [ -75.555935907002706, 6.297308924637989 ], [ -75.556199740616606, 6.297392938412673 ], [ -75.556497765166995, 6.297471009917209 ], [ -75.556829932945604, 6.297526576261252 ], [ -75.557076631243206, 6.297598946468156 ], [ -75.557379669968995, 6.29767115773547 ], [ -75.557614166678903, 6.297698746985201 ], [ -75.557854764648297, 6.297748725977208 ], [ -75.558198923050398, 6.297775031085843 ], [ -75.558478771885106, 6.297829769811493 ], [ -75.558667069927793, 6.297885743297302 ], [ -75.558839304032702, 6.297953452044511 ], [ -75.559402739644995, 6.29831719787601 ], [ -75.559374697027806, 6.298362091884659 ], [ -75.559221565032004, 6.298645058862211 ], [ -75.558653608862102, 6.29988395927559 ], [ -75.558301913603799, 6.30075008566268 ], [ -75.558024669028896, 6.300549202861911 ], [ -75.557847419799799, 6.30048735289767 ], [ -75.557709019958594, 6.300288025129101 ], [ -75.557632135402201, 6.300139183062429 ], [ -75.557541229026796, 6.300012787971689 ], [ -75.557333687795207, 6.299912054695931 ], [ -75.557047749078805, 6.299838820679538 ], [ -75.556658348065, 6.299824335004696 ], [ -75.556349368663206, 6.299786239203752 ], [ -75.555966996846209, 6.29976686260431 ], [ -75.555674160189298, 6.29974528283609 ], [ -75.555411397480199, 6.299684648492892 ], [ -75.555101249236301, 6.299589075028412 ], [ -75.5548544551297, 6.2994826038302 ], [ -75.554643923248307, 6.299391620085033 ], [ -75.554119632061898, 6.298994633443537 ], [ -75.553178463039501, 6.298472172547088 ], [ -75.552718854029905, 6.298178271571953 ], [ -75.552339791328095, 6.297904603657549 ], [ -75.552119735428093, 6.29764704747444 ], [ -75.551895709649997, 6.297408014768231 ], [ -75.551434770196394, 6.296998180190598 ], [ -75.551308635391507, 6.296866038197678 ], [ -75.5511582823151, 6.29670766007191 ], [ -75.551379162999396, 6.29654433762795 ], [ -75.551920450372904, 6.29619013415366 ], [ -75.552165271883396, 6.295953674728131 ], [ -75.552375150585306, 6.295813766092891 ], [ -75.552499595225797, 6.29570332516808 ], [ -75.552704350354404, 6.295530305369391 ], [ -75.553115879754898, 6.295543758504547 ], [ -75.553322402192194, 6.295640601004109 ], [ -75.553558421183595, 6.29585134572829 ], [ -75.553732126822993, 6.296084675109352 ], [ -75.553951350577194, 6.296404584047278 ], [ -75.554148100408298, 6.296603750102348 ], [ -75.554422206410393, 6.29676275223451 ], [ -75.554618587925702, 6.296831368811581 ], [ -75.554842161823501, 6.29690965250391 ], [ -75.5551222710301, 6.297056945560381 ] ] ] } },
{ "type": "Feature", "properties": { "OBJECTID": 121, "BARRIO": "PLAYON DE  LOS COMUNEROS", "area_total_ha": 21.397608647729811, "Alta": 1.4307096732841398, "Media": 3.2273931871500769, "Baja": 16.218916178954327, "high_share": 0.066863063851573507, "medhigh_share": 0.21769268412750506, "screening_score": 0.10909535752883434, "screening_rank": 51, "barrio_code": "0202", "comuna_code": "02", "comuna_name": "Santa Cruz", "population_2026": 11243.0, "imcv_ampi_2023": 89.42, "population_match": "exact", "population_density_km2_2026": 52543.254646321569, "hazard_weighted_population_proxy_2026": 1599.6301372643902, "exposure_component": 0.75827139116655207, "vulnerability_component": 0.85382760699216376, "priority_exposure": 0.75827139116655207, "priority_balanced": 0.78216044512295491, "priority_equity": 0.80127168828807738, "rank_exposure": 44.0, "rank_balanced": 39.0, "rank_equity": 37.0, "rank_hazard_only": 51 }, "geometry": { "type": "Polygon", "coordinates": [ [ [ -75.545895196650207, 6.305241316717461 ], [ -75.546305098491104, 6.305030700658151 ], [ -75.546458920923598, 6.304990323514651 ], [ -75.546631009275899, 6.305005427786781 ], [ -75.546785994940095, 6.30502155318478 ], [ -75.546985396059995, 6.30508918963621 ], [ -75.547192859226797, 6.305161675049788 ], [ -75.547465348211304, 6.305102453438671 ], [ -75.547750901344997, 6.305037349896679 ], [ -75.548020726963003, 6.305103813230142 ], [ -75.548266425192395, 6.305177163468321 ], [ -75.548501995734995, 6.305227161322151 ], [ -75.548792688852402, 6.305201011563509 ], [ -75.549112465078295, 6.305141656279667 ], [ -75.549375705972295, 6.305013287167966 ], [ -75.549618452060798, 6.304753452455038 ], [ -75.549593562501997, 6.304489501422872 ], [ -75.549648039878505, 6.304184408589828 ], [ -75.549860779885293, 6.304344559573368 ], [ -75.550045343364104, 6.30450284125796 ], [ -75.550253215254202, 6.304720487749607 ], [ -75.550448962966101, 6.30491965576022 ], [ -75.550708206167101, 6.305158590579031 ], [ -75.550972205541797, 6.305300086780768 ], [ -75.551292386334396, 6.305383942360572 ], [ -75.551590286221597, 6.30541622665985 ], [ -75.551944461905805, 6.305424969797789 ], [ -75.552092457426895, 6.305459623835329 ], [ -75.552156891713395, 6.305475030379679 ], [ -75.552294954061495, 6.305554527578591 ], [ -75.552483546002605, 6.305713772747751 ], [ -75.552759748734118, 6.30590102318393 ], [ -75.552944286496498, 6.30604956080782 ], [ -75.553093366320397, 6.306111491259088 ], [ -75.553458510476602, 6.306085128357051 ], [ -75.553900492951897, 6.30619104774532 ], [ -75.555865014481896, 6.306756398084119 ], [ -75.557568715989703, 6.30723674446991 ], [ -75.557573118029893, 6.307370204567909 ], [ -75.557593240749199, 6.307725747464758 ], [ -75.557623052336197, 6.30794973919275 ], [ -75.557671071210393, 6.308207778325631 ], [ -75.557712939577101, 6.308425891111563 ], [ -75.557761004682405, 6.308700492112159 ], [ -75.557814186004094, 6.309005280132198 ], [ -75.557851301158095, 6.30932083078245 ], [ -75.557842003469801, 6.309590722107339 ], [ -75.557803271286204, 6.309769119797429 ], [ -75.5576205012581, 6.309890444584277 ], [ -75.557298873638501, 6.309651692704601 ], [ -75.556856336170895, 6.309350930308297 ], [ -75.55640894858, 6.309113508702109 ], [ -75.556093421559495, 6.308897144602121 ], [ -75.555638487273399, 6.308481455622328 ], [ -75.555477104596207, 6.308338697950949 ], [ -75.555275432536504, 6.30817949261121 ], [ -75.554977204771006, 6.308032251228989 ], [ -75.554346545601902, 6.307737865049541 ], [ -75.554025310962402, 6.307637451494241 ], [ -75.553717302926501, 6.307588636658572 ], [ -75.553520900738206, 6.30758203903052 ], [ -75.553147286730805, 6.30741592495417 ], [ -75.552852287314096, 6.30736592645072 ], [ -75.552259287841494, 6.30719492560409 ], [ -75.551778290275905, 6.307157925971453 ], [ -75.551334290682902, 6.307028925889369 ], [ -75.550779291907801, 6.306881924213671 ], [ -75.550205293737704, 6.30677192392165 ], [ -75.549354293065804, 6.306587924993033 ], [ -75.549161801672597, 6.306449079611282 ], [ -75.548747999845617, 6.3062805761054 ], [ -75.548599357304397, 6.306185556438217 ], [ -75.548334099603693, 6.306080260876501 ], [ -75.548182015932696, 6.30592952263287 ], [ -75.548014733467198, 6.305834517980771 ], [ -75.547807056780201, 6.305686041494019 ], [ -75.547544207838598, 6.305596175666652 ], [ -75.547315676571799, 6.30554518462716 ], [ -75.547109460651797, 6.305558430302251 ], [ -75.546514668714494, 6.305494828628107 ], [ -75.546216686641998, 6.305433314726072 ], [ -75.545895196650207, 6.305241316717461 ] ] ] } },
{ "type": "Feature", "properties": { "OBJECTID": 122, "BARRIO": "LA ISLA", "area_total_ha": 21.638329342203726, "Alta": 9.803380219622273, "Media": 6.7899194887276302, "Baja": 4.9946573659152991, "high_share": 0.4530562440650911, "medhigh_share": 0.76684754381596731, "screening_score": 0.54091780799533651, "screening_rank": 22, "barrio_code": "0201", "comuna_code": "02", "comuna_name": "Santa Cruz", "population_2026": 13593.0, "imcv_ampi_2023": 89.42, "population_match": "exact", "population_density_km2_2026": 62819.082679770509, "hazard_weighted_population_proxy_2026": 8291.0760943336154, "exposure_component": 0.92732222682836429, "vulnerability_component": 0.85382760699216376, "priority_exposure": 0.92732222682836429, "priority_balanced": 0.90894857186931421, "priority_equity": 0.89424964790207406, "rank_exposure": 8.0, "rank_balanced": 9.0, "rank_equity": 13.0, "rank_hazard_only": 22 }, "geometry": { "type": "Polygon", "coordinates": [ [ [ -75.549129891616303, 6.300249898948979 ], [ -75.5493969532574, 6.30040794983003 ], [ -75.549604543110107, 6.30052622434462 ], [ -75.5498172959296, 6.300691246297499 ], [ -75.550041164435797, 6.300873774996239 ], [ -75.550232023860303, 6.301124593658649 ], [ -75.550455972064199, 6.301335373927009 ], [ -75.550651508746796, 6.301460501091491 ], [ -75.550921606060101, 6.301624388142107 ], [ -75.551082792699106, 6.301698949571402 ], [ -75.551351497361907, 6.301725472195242 ], [ -75.5516481938201, 6.301688587721329 ], [ -75.552007252927794, 6.301645681056793 ], [ -75.552269727998819, 6.301604022044441 ], [ -75.552636183028497, 6.301686773094461 ], [ -75.552813157591899, 6.301651201350797 ], [ -75.552770933305396, 6.30201958576584 ], [ -75.552761436478605, 6.302219333524709 ], [ -75.552716779592998, 6.302438666383528 ], [ -75.5526379133277, 6.302657120813409 ], [ -75.552525981386395, 6.302923405034179 ], [ -75.552385010541698, 6.303239461224869 ], [ -75.552308450565704, 6.303562152594091 ], [ -75.552241852484201, 6.30384974320753 ], [ -75.552146253089504, 6.304199769355387 ], [ -75.552114738875702, 6.304441471367631 ], [ -75.552105535463497, 6.304745463270828 ], [ -75.552153681267598, 6.305050266306022 ], [ -75.552144189634703, 6.305251963366548 ], [ -75.552092457426895, 6.305459623835329 ], [ -75.551944461905805, 6.305424969797789 ], [ -75.551590286221597, 6.30541622665985 ], [ -75.551292386334396, 6.305383942360572 ], [ -75.550972205541797, 6.305300086780768 ], [ -75.550708206167101, 6.305158590579031 ], [ -75.550448962966101, 6.30491965576022 ], [ -75.550253215254202, 6.304720487749607 ], [ -75.550045343364104, 6.30450284125796 ], [ -75.549860779885293, 6.304344559573368 ], [ -75.549648039878505, 6.304184408589828 ], [ -75.549593562501997, 6.304489501422872 ], [ -75.549618452060798, 6.304753452455038 ], [ -75.549375705972295, 6.305013287167966 ], [ -75.549112465078295, 6.305141656279667 ], [ -75.548792688852402, 6.305201011563509 ], [ -75.548501995734995, 6.305227161322151 ], [ -75.548266425192395, 6.305177163468321 ], [ -75.548020726963003, 6.305103813230142 ], [ -75.547750901344997, 6.305037349896679 ], [ -75.547465348211304, 6.305102453438671 ], [ -75.547192859226797, 6.305161675049788 ], [ -75.546985396059995, 6.30508918963621 ], [ -75.546785994940095, 6.30502155318478 ], [ -75.546631009275899, 6.305005427786781 ], [ -75.546458920923598, 6.304990323514651 ], [ -75.546305098491104, 6.305030700658151 ], [ -75.545895196650207, 6.305241316717461 ], [ -75.545527263086001, 6.30499099376597 ], [ -75.545221643223215, 6.304718087852112 ], [ -75.545008940201896, 6.304570600798762 ], [ -75.544757044998306, 6.304439784217821 ], [ -75.544469727994795, 6.304235024625452 ], [ -75.544399151050996, 6.304181638375032 ], [ -75.544547750713306, 6.304073078002782 ], [ -75.544719633305405, 6.304015115151527 ], [ -75.544879617296502, 6.304019536703731 ], [ -75.545103052502, 6.304047163065702 ], [ -75.545331576427202, 6.304096207117388 ], [ -75.545652744881394, 6.304174219680531 ], [ -75.545932617658394, 6.30423578476089 ], [ -75.546185176885004, 6.304244817283029 ], [ -75.546396455364103, 6.304243248341652 ], [ -75.546579514429595, 6.304224222505458 ], [ -75.546761441083305, 6.304160384801421 ], [ -75.547034613387396, 6.303986200734582 ], [ -75.547295729608294, 6.30381789436144 ], [ -75.547473582817901, 6.303736531381831 ], [ -75.547678808193709, 6.30372913391658 ], [ -75.547862108597997, 6.30379584085241 ], [ -75.548040426557293, 6.303880098117578 ], [ -75.548262934062393, 6.303935979028327 ], [ -75.548423844873994, 6.303912143542358 ], [ -75.548638421520295, 6.30365239014052 ], [ -75.548750200067204, 6.30333057214948 ], [ -75.548874260302298, 6.30308276271258 ], [ -75.549021345908301, 6.302793970680939 ], [ -75.549093105100795, 6.30255215459564 ], [ -75.549092474540501, 6.30232807947765 ], [ -75.549038490927003, 6.302093437832172 ], [ -75.549001318590001, 6.301754502532861 ], [ -75.5489871532059, 6.301368738784021 ], [ -75.548990065707201, 6.30097318595097 ], [ -75.549005403713707, 6.300703275163109 ], [ -75.5490441079465, 6.300513188144532 ], [ -75.549104914396295, 6.300312321913262 ], [ -75.549129891616303, 6.300249898948979 ] ] ] } },
{ "type": "Feature", "properties": { "OBJECTID": 123, "BARRIO": "GRANIZAL", "area_total_ha": 27.616042740386604, "Alta": 5.1924635082006043, "Media": 8.9147576047803749, "Baja": 13.508821627406038, "high_share": 0.18802344553902997, "medhigh_share": 0.5108342728753863, "screening_score": 0.27841047719320977, "screening_rank": 36, "barrio_code": "0104", "comuna_code": "01", "comuna_name": "Popular", "population_2026": 11942.0, "imcv_ampi_2023": 84.57, "population_match": "exact", "population_density_km2_2026": 43242.980582933516, "hazard_weighted_population_proxy_2026": 4172.8794366524789, "exposure_component": 0.85677356886402967, "vulnerability_component": 1.0, "priority_exposure": 0.85677356886402967, "priority_balanced": 0.89258017664802225, "priority_equity": 0.92122546287521634, "rank_exposure": 25.0, "rank_balanced": 11.0, "rank_equity": 7.0, "rank_hazard_only": 36 }, "geometry": { "type": "Polygon", "coordinates": [ [ [ -75.543350137079202, 6.28993711469393 ], [ -75.543476488741703, 6.29014817401312 ], [ -75.543529237601518, 6.290302933335112 ], [ -75.543668588731208, 6.290485702087161 ], [ -75.543862969321196, 6.290559200796281 ], [ -75.544234253024996, 6.29057277375265 ], [ -75.544790848078094, 6.290655000441748 ], [ -75.545409123636404, 6.290847142468889 ], [ -75.546386489272919, 6.291010023591429 ], [ -75.546485475638804, 6.29114906301466 ], [ -75.546550505994205, 6.291377830481052 ], [ -75.546671829138802, 6.29158890295269 ], [ -75.546809934225706, 6.29168593923666 ], [ -75.547113032405406, 6.291780564557989 ], [ -75.547519791175503, 6.291887564438099 ], [ -75.547955514215403, 6.291918491380819 ], [ -75.548378140551407, 6.291943607930238 ], [ -75.548589365205601, 6.291924503452491 ], [ -75.548915009466299, 6.291807651724389 ], [ -75.549399660152602, 6.29170691632105 ], [ -75.549867108276999, 6.291571154676229 ], [ -75.550101247930201, 6.29147209645116 ], [ -75.550354383762794, 6.29168864237677 ], [ -75.550486900603801, 6.291944497547778 ], [ -75.550350030353101, 6.291929294912419 ], [ -75.550127560385818, 6.29188510459283 ], [ -75.549989825991503, 6.291920565634749 ], [ -75.549883633480405, 6.292081615085022 ], [ -75.5498107072887, 6.29226595351175 ], [ -75.549851421463202, 6.292433409504341 ], [ -75.550062695469094, 6.292431841903799 ], [ -75.550365533732503, 6.292433912370358 ], [ -75.550350231491507, 6.292716487373619 ], [ -75.550357708305697, 6.292871371412492 ], [ -75.550381508418596, 6.293106098276009 ], [ -75.550372108397696, 6.293340920504792 ], [ -75.550362822333497, 6.293616658214668 ], [ -75.550342213099995, 6.293800849477512 ], [ -75.550286600456005, 6.29406015647832 ], [ -75.550140652369507, 6.294394733989753 ], [ -75.549929459745002, 6.29442553116432 ], [ -75.549403283804594, 6.294428959872919 ], [ -75.549089632549894, 6.294517525101881 ], [ -75.548900230971597, 6.29442647796705 ], [ -75.548695105331205, 6.294467973118418 ], [ -75.548462035903796, 6.294590410743801 ], [ -75.548215804358094, 6.29468365672134 ], [ -75.547948178675199, 6.294681485860768 ], [ -75.547757483834602, 6.29448814614249 ], [ -75.547504586901198, 6.294357333182131 ], [ -75.547127200308097, 6.294320397959519 ], [ -75.546732847644193, 6.294333195965758 ], [ -75.546247857509599, 6.294314098049341 ], [ -75.546018312065698, 6.294258236232572 ], [ -75.545782699407908, 6.294191674886643 ], [ -75.545428224004993, 6.294073810368978 ], [ -75.545101088792407, 6.294018222579137 ], [ -75.544764055224903, 6.294021115191949 ], [ -75.544411053731707, 6.294069843172632 ], [ -75.543889906904397, 6.294073253400672 ], [ -75.543324399992301, 6.294043661577332 ], [ -75.543185001195297, 6.293844330980559 ], [ -75.543199399995004, 6.293596830255061 ], [ -75.5432157952512, 6.293343479271411 ], [ -75.543179017611195, 6.293143859951559 ], [ -75.542705092168703, 6.29312375319051 ], [ -75.542527974429007, 6.293107687753752 ], [ -75.542452117555698, 6.292964684929079 ], [ -75.542450649235803, 6.292799065034351 ], [ -75.542471574135405, 6.29236643810997 ], [ -75.542499664714001, 6.292338105759501 ], [ -75.542669033265994, 6.292101863690871 ], [ -75.542843271323207, 6.291808125617351 ], [ -75.5430758298819, 6.290783535210154 ], [ -75.543258681985193, 6.289972444301442 ], [ -75.543350137079202, 6.28993711469393 ] ] ] } },
{ "type": "Feature", "properties": { "OBJECTID": 124, "BARRIO": "POPULAR", "area_total_ha": 44.967160610657245, "Alta": 13.64583779283735, "Media": 9.3378160668273669, "Baja": 21.783407829085576, "high_share": 0.30346229576263878, "medhigh_share": 0.51112086125841749, "screening_score": 0.36160669410145685, "screening_rank": 31, "barrio_code": "0103", "comuna_code": "01", "comuna_name": "Popular", "population_2026": 25378.0, "imcv_ampi_2023": 84.57, "population_match": "exact", "population_density_km2_2026": 56436.741069182375, "hazard_weighted_population_proxy_2026": 10336.245679440182, "exposure_component": 0.9499787475688346, "vulnerability_component": 1.0, "priority_exposure": 0.9499787475688346, "priority_balanced": 0.96248406067662595, "priority_equity": 0.97248831116285905, "rank_exposure": 3.0, "rank_balanced": 3.0, "rank_equity": 3.0, "rank_hazard_only": 31 }, "geometry": { "type": "Polygon", "coordinates": [ [ [ -75.549089632549894, 6.294517525101881 ], [ -75.549257252930602, 6.294734311781342 ], [ -75.5493842766396, 6.294825534282362 ], [ -75.549578656094397, 6.294898056170849 ], [ -75.549865920816202, 6.295086250440419 ], [ -75.550044608479794, 6.29530300606632 ], [ -75.550217148587706, 6.295479833032569 ], [ -75.550395948510499, 6.295736532902222 ], [ -75.550490304161499, 6.296016849362422 ], [ -75.550623992233298, 6.296331155679481 ], [ -75.550774609514093, 6.29658306208334 ], [ -75.550891134068806, 6.29687598245602 ], [ -75.550714599602998, 6.297067434192408 ], [ -75.550574296963902, 6.297262678611129 ], [ -75.550501370159196, 6.29744701639619 ], [ -75.5505030061517, 6.297671090909202 ], [ -75.550453461324395, 6.297941096419901 ], [ -75.550125898576994, 6.29844960326689 ], [ -75.5498667130244, 6.298945251184061 ], [ -75.549386040485103, 6.299747437952951 ], [ -75.549210848184302, 6.300058717475501 ], [ -75.549129891616303, 6.300249898948979 ], [ -75.549104914396295, 6.300312321913262 ], [ -75.5490441079465, 6.300513188144532 ], [ -75.549005403713707, 6.300703275163109 ], [ -75.548990065707201, 6.30097318595097 ], [ -75.5489871532059, 6.301368738784021 ], [ -75.549001318590001, 6.301754502532861 ], [ -75.549038490927003, 6.302093437832172 ], [ -75.549092474540501, 6.30232807947765 ], [ -75.549093105100795, 6.30255215459564 ], [ -75.549021345908301, 6.302793970680939 ], [ -75.548874260302298, 6.30308276271258 ], [ -75.548750200067204, 6.30333057214948 ], [ -75.548638421520295, 6.30365239014052 ], [ -75.548423844873994, 6.303912143542358 ], [ -75.548262934062393, 6.303935979028327 ], [ -75.548040426557293, 6.303880098117578 ], [ -75.547862108597997, 6.30379584085241 ], [ -75.547678808193709, 6.30372913391658 ], [ -75.547473582817901, 6.303736531381831 ], [ -75.547295729608294, 6.30381789436144 ], [ -75.547034613387396, 6.303986200734582 ], [ -75.546761441083305, 6.304160384801421 ], [ -75.546579514429595, 6.304224222505458 ], [ -75.546396455364103, 6.304243248341652 ], [ -75.546185176885004, 6.304244817283029 ], [ -75.545932617658394, 6.30423578476089 ], [ -75.545652744881394, 6.304174219680531 ], [ -75.545331576427202, 6.304096207117388 ], [ -75.545103052502, 6.304047163065702 ], [ -75.544879617296502, 6.304019536703731 ], [ -75.544719633305405, 6.304015115151527 ], [ -75.544547750713306, 6.304073078002782 ], [ -75.544399151050996, 6.304181638375032 ], [ -75.544062396632896, 6.303927328995129 ], [ -75.543752346649896, 6.303867796984732 ], [ -75.543529997917702, 6.303868420713291 ], [ -75.5433118367703, 6.303927487948381 ], [ -75.543067550470596, 6.30399831941127 ], [ -75.542884537274901, 6.304033905233013 ], [ -75.542604795635299, 6.304019102617111 ], [ -75.542202640312894, 6.303763027790603 ], [ -75.542098354215497, 6.3035285257618 ], [ -75.541865409191004, 6.302978724625009 ], [ -75.541555291463794, 6.302894834646199 ], [ -75.541292543434395, 6.302840038130929 ], [ -75.540730421314706, 6.3025853845744 ], [ -75.540531891676594, 6.302469030114122 ], [ -75.5410426082681, 6.302330229064503 ], [ -75.541789585143107, 6.302129388936851 ], [ -75.542229932522005, 6.302012218349642 ], [ -75.542663268556296, 6.30190578449849 ], [ -75.542857442007005, 6.30190426557422 ], [ -75.543103021326303, 6.301935727945764 ], [ -75.543292504098403, 6.302055029425739 ], [ -75.543481970184004, 6.30216848493107 ], [ -75.543591955192596, 6.302282163794909 ], [ -75.543701000935002, 6.302420202016298 ], [ -75.543800050429297, 6.302580675569729 ], [ -75.543926069599493, 6.30267190210004 ], [ -75.544010907747207, 6.30242907532801 ], [ -75.544076603107399, 6.30217655961052 ], [ -75.544195939077895, 6.302036905550178 ], [ -75.544423760477002, 6.301835571665391 ], [ -75.544638513338896, 6.301638169329792 ], [ -75.544894580041898, 6.3014630584522 ], [ -75.545043321316399, 6.301405160035001 ], [ -75.545248401826299, 6.301346128425429 ], [ -75.545498739858203, 6.301281125582207 ], [ -75.545797610385904, 6.301301719465559 ], [ -75.545997835257694, 6.30058800569685 ], [ -75.546153399859193, 6.300093622685151 ], [ -75.546559917188503, 6.299394916700472 ], [ -75.546677635218799, 6.29903800878809 ], [ -75.546834525255903, 6.29865761168685 ], [ -75.546906126627803, 6.298359289052938 ], [ -75.547000942421903, 6.298087206767438 ], [ -75.5471431620782, 6.297856884042169 ], [ -75.547152803164096, 6.297707796300159 ], [ -75.547174309785206, 6.297483657881122 ], [ -75.547155699336699, 6.297305422408388 ], [ -75.547199308193498, 6.297070505796648 ], [ -75.547227007992007, 6.296902856296192 ], [ -75.547310906179405, 6.296684387461199 ], [ -75.547463107585301, 6.296425784543558 ], [ -75.547821369850993, 6.296100351776921 ], [ -75.547940676076095, 6.29595095530717 ], [ -75.5480358137292, 6.295793833810057 ], [ -75.548108661511506, 6.295581242357227 ], [ -75.548147496158407, 6.295437918604748 ], [ -75.548224712449596, 6.294989546415231 ], [ -75.548215804358094, 6.29468365672134 ], [ -75.548462035903796, 6.294590410743801 ], [ -75.548695105331205, 6.294467973118418 ], [ -75.548900230971597, 6.29442647796705 ], [ -75.549089632549894, 6.294517525101881 ] ] ] } },
{ "type": "Feature", "properties": { "OBJECTID": 125, "BARRIO": "SANTO DOMINGO SAVIO No.1", "area_total_ha": 53.540132364919593, "Alta": 36.538325440925043, "Media": 2.9164353382251984, "Baja": 14.085371585766735, "high_share": 0.68244742452048135, "medhigh_share": 0.7369193731205953, "screening_score": 0.69769957012851325, "screening_rank": 15, "barrio_code": "0101", "comuna_code": "01", "comuna_name": "Popular", "population_2026": 23697.0, "imcv_ampi_2023": 84.57, "population_match": "exact", "population_density_km2_2026": 44260.25665847378, "hazard_weighted_population_proxy_2026": 16817.367501850298, "exposure_component": 1.0, "vulnerability_component": 1.0, "priority_exposure": 1.0, "priority_balanced": 1.0, "priority_equity": 1.0, "rank_exposure": 1.0, "rank_balanced": 1.0, "rank_equity": 1.0, "rank_hazard_only": 15 }, "geometry": { "type": "Polygon", "coordinates": [ [ [ -75.542471574135405, 6.29236643810997 ], [ -75.542450649235803, 6.292799065034351 ], [ -75.542452117555698, 6.292964684929079 ], [ -75.542527974429007, 6.293107687753752 ], [ -75.542705092168703, 6.29312375319051 ], [ -75.543179017611195, 6.293143859951559 ], [ -75.5432157952512, 6.293343479271411 ], [ -75.543199399995004, 6.293596830255061 ], [ -75.543185001195297, 6.293844330980559 ], [ -75.543324399992301, 6.294043661577332 ], [ -75.543889906904397, 6.294073253400672 ], [ -75.544411053731707, 6.294069843172632 ], [ -75.544764055224903, 6.294021115191949 ], [ -75.545101088792407, 6.294018222579137 ], [ -75.545428224004993, 6.294073810368978 ], [ -75.545782699407908, 6.294191674886643 ], [ -75.546018312065698, 6.294258236232572 ], [ -75.546247857509599, 6.294314098049341 ], [ -75.546732847644193, 6.294333195965758 ], [ -75.547127200308097, 6.294320397959519 ], [ -75.547504586901198, 6.294357333182131 ], [ -75.547757483834602, 6.29448814614249 ], [ -75.547948178675199, 6.294681485860768 ], [ -75.548215804358094, 6.29468365672134 ], [ -75.548224712449596, 6.294989546415231 ], [ -75.548147496158407, 6.295437918604748 ], [ -75.548108661511506, 6.295581242357227 ], [ -75.5480358137292, 6.295793833810057 ], [ -75.547940676076095, 6.29595095530717 ], [ -75.547821369850993, 6.296100351776921 ], [ -75.547463107585301, 6.296425784543558 ], [ -75.547310906179405, 6.296684387461199 ], [ -75.547227007992007, 6.296902856296192 ], [ -75.547199308193498, 6.297070505796648 ], [ -75.547155699336699, 6.297305422408388 ], [ -75.547174309785206, 6.297483657881122 ], [ -75.547152803164096, 6.297707796300159 ], [ -75.5471431620782, 6.297856884042169 ], [ -75.547000942421903, 6.298087206767438 ], [ -75.546906126627803, 6.298359289052938 ], [ -75.546834525255903, 6.29865761168685 ], [ -75.546677635218799, 6.29903800878809 ], [ -75.546559917188503, 6.299394916700472 ], [ -75.546153399859193, 6.300093622685151 ], [ -75.545997835257694, 6.30058800569685 ], [ -75.545797610385904, 6.301301719465559 ], [ -75.545498739858203, 6.301281125582207 ], [ -75.545248401826299, 6.301346128425429 ], [ -75.545043321316399, 6.301405160035001 ], [ -75.544894580041898, 6.3014630584522 ], [ -75.544638513338896, 6.301638169329792 ], [ -75.544423760477002, 6.301835571665391 ], [ -75.544195939077895, 6.302036905550178 ], [ -75.544076603107399, 6.30217655961052 ], [ -75.544010907747207, 6.30242907532801 ], [ -75.543926069599493, 6.30267190210004 ], [ -75.543800050429297, 6.302580675569729 ], [ -75.543701000935002, 6.302420202016298 ], [ -75.543591955192596, 6.302282163794909 ], [ -75.543481970184004, 6.30216848493107 ], [ -75.543292504098403, 6.302055029425739 ], [ -75.543103021326303, 6.301935727945764 ], [ -75.542857442007005, 6.30190426557422 ], [ -75.542689367885302, 6.30152575409967 ], [ -75.542635147302093, 6.301205376196341 ], [ -75.542666601395098, 6.300940290441728 ], [ -75.542762410621904, 6.300663335328029 ], [ -75.542812075681894, 6.300434245469488 ], [ -75.542764370798395, 6.30028531864112 ], [ -75.542613483289202, 6.29993598537837 ], [ -75.5424282111846, 6.29952342188999 ], [ -75.542265412405598, 6.299231602455587 ], [ -75.542133277898301, 6.299112138874653 ], [ -75.541528355223903, 6.299380778590152 ], [ -75.541058868242203, 6.29843122227733 ], [ -75.540767383299794, 6.297813387373693 ], [ -75.540610349365195, 6.297424124658252 ], [ -75.540523185703904, 6.297195419286752 ], [ -75.540464046026614, 6.296914026031771 ], [ -75.540444926192606, 6.296552631217049 ], [ -75.540454357767999, 6.296327552626421 ], [ -75.540516092996199, 6.29609745551597 ], [ -75.540650204133499, 6.2958447485241 ], [ -75.540751304526097, 6.29566033144327 ], [ -75.540740048877609, 6.295232665200129 ], [ -75.540755112698406, 6.295222881701031 ], [ -75.541083569857406, 6.295031009426179 ], [ -75.541380903404004, 6.294862605614172 ], [ -75.541539571235504, 6.294756941602081 ], [ -75.541681045856507, 6.294619175095872 ], [ -75.541742875146099, 6.29442317789961 ], [ -75.541763167508407, 6.29412402547838 ], [ -75.541823433088794, 6.293728310374461 ], [ -75.541828865533603, 6.29351201137863 ], [ -75.541832448219907, 6.29335417196358 ], [ -75.541898079480802, 6.2930782738613 ], [ -75.542096334040295, 6.292737704417419 ], [ -75.542311052406802, 6.292528613280448 ], [ -75.542471574135405, 6.29236643810997 ] ] ] } },
{ "type": "Feature", "properties": { "OBJECTID": 126, "BARRIO": "SANTO DOMINGO SAVIO No.2", "area_total_ha": 25.409987826327175, "Alta": 10.249804869583295, "Media": 10.002053106388153, "Baja": 5.0218230339680279, "high_share": 0.40337700827087836, "medhigh_share": 0.79700384409427338, "screening_score": 0.51359252230142893, "screening_rank": 23, "barrio_code": "0102", "comuna_code": "01", "comuna_name": "Popular", "population_2026": 9265.0, "imcv_ampi_2023": 84.57, "population_match": "exact", "population_density_km2_2026": 36462.040294252227, "hazard_weighted_population_proxy_2026": 5560.7642985815655, "exposure_component": 0.88627642195530543, "vulnerability_component": 1.0, "priority_exposure": 0.88627642195530543, "priority_balanced": 0.91470731646647907, "priority_equity": 0.93745203207541805, "rank_exposure": 18.0, "rank_balanced": 8.0, "rank_equity": 6.0, "rank_hazard_only": 23 }, "geometry": { "type": "Polygon", "coordinates": [ [ [ -75.540740048877609, 6.295232665200129 ], [ -75.540751304526097, 6.29566033144327 ], [ -75.540650204133499, 6.2958447485241 ], [ -75.540516092996199, 6.29609745551597 ], [ -75.540454357767999, 6.296327552626421 ], [ -75.540444926192606, 6.296552631217049 ], [ -75.540464046026614, 6.296914026031771 ], [ -75.540523185703904, 6.297195419286752 ], [ -75.540610349365195, 6.297424124658252 ], [ -75.540767383299794, 6.297813387373693 ], [ -75.541058868242203, 6.29843122227733 ], [ -75.541528355223903, 6.299380778590152 ], [ -75.542133277898301, 6.299112138874653 ], [ -75.542265412405598, 6.299231602455587 ], [ -75.5424282111846, 6.29952342188999 ], [ -75.542613483289202, 6.29993598537837 ], [ -75.542764370798395, 6.30028531864112 ], [ -75.542812075681894, 6.300434245469488 ], [ -75.542762410621904, 6.300663335328029 ], [ -75.542666601395098, 6.300940290441728 ], [ -75.542635147302093, 6.301205376196341 ], [ -75.542689367885302, 6.30152575409967 ], [ -75.542857442007005, 6.30190426557422 ], [ -75.542663268556296, 6.30190578449849 ], [ -75.542229932522005, 6.302012218349642 ], [ -75.541789585143107, 6.302129388936851 ], [ -75.5410426082681, 6.302330229064503 ], [ -75.540531891676594, 6.302469030114122 ], [ -75.540414988592303, 6.302399210745238 ], [ -75.540103447752003, 6.302166262581679 ], [ -75.539578706774506, 6.301606559436218 ], [ -75.539020558368193, 6.30097290820841 ], [ -75.538705251131105, 6.300831548812831 ], [ -75.538526024375798, 6.300781388445399 ], [ -75.538375092706602, 6.300415490713192 ], [ -75.538194211109499, 6.29977298787418 ], [ -75.5380598924597, 6.29959117800158 ], [ -75.537259407319297, 6.298643514636 ], [ -75.537149456672594, 6.298541524458839 ], [ -75.5369771259045, 6.298438734775062 ], [ -75.5367141716183, 6.298308918140063 ], [ -75.536523954428105, 6.298286068184373 ], [ -75.536378180847109, 6.298326419032731 ], [ -75.536436503440896, 6.29795409075644 ], [ -75.536559374371194, 6.297638089268949 ], [ -75.536724129320405, 6.297549947009328 ], [ -75.536918142901897, 6.297490950144562 ], [ -75.537323372840007, 6.297408955604062 ], [ -75.53766655653871, 6.29744599326245 ], [ -75.537935113673697, 6.297419911791629 ], [ -75.538226688366507, 6.29734992576706 ], [ -75.538500003268894, 6.297226406641649 ], [ -75.538750022301002, 6.297047418879478 ], [ -75.539023259077496, 6.296895646543928 ], [ -75.539274428796901, 6.296768291271503 ], [ -75.539546722649504, 6.296639902731002 ], [ -75.539718535557, 6.29655758500662 ], [ -75.539872078762698, 6.29641783770837 ], [ -75.539995214971199, 6.296198286320598 ], [ -75.5400790546487, 6.295957410340438 ], [ -75.540187101173203, 6.295737901728149 ], [ -75.540282244646804, 6.295581754434321 ], [ -75.540474948085603, 6.29541461901327 ], [ -75.540740048877609, 6.295232665200129 ] ] ] } },
{ "type": "Feature", "properties": { "OBJECTID": 127, "BARRIO": "LA AVANZADA", "area_total_ha": 48.628077331521773, "Alta": 35.538172613120373, "Media": 7.1158852193289004, "Baja": 0.77375758566216368, "high_share": 0.73081591054565009, "medhigh_share": 0.8771487620547973, "screening_score": 0.77178910896821129, "screening_rank": 11, "barrio_code": "0111", "comuna_code": "01", "comuna_name": "Popular", "population_2026": 7723.0, "imcv_ampi_2023": 84.57, "population_match": "exact", "population_density_km2_2026": 15881.771239583401, "hazard_weighted_population_proxy_2026": 6209.1555832466274, "exposure_component": 0.89760920719564741, "vulnerability_component": 1.0, "priority_exposure": 0.89760920719564741, "priority_balanced": 0.92320690539673556, "priority_equity": 0.94368506395760621, "rank_exposure": 15.0, "rank_balanced": 5.0, "rank_equity": 5.0, "rank_hazard_only": 11 }, "geometry": { "type": "Polygon", "coordinates": [ [ [ -75.535852023887699, 6.292558344411829 ], [ -75.536021434071699, 6.2930586395786 ], [ -75.536218370147395, 6.29332698562227 ], [ -75.536398237261295, 6.293608044020201 ], [ -75.536536741286795, 6.293848299210911 ], [ -75.536680032312304, 6.294000856650191 ], [ -75.536881744281601, 6.294177608750122 ], [ -75.537083425109103, 6.294343644440122 ], [ -75.537404682029404, 6.294455760390114 ], [ -75.537719710787101, 6.294498722937161 ], [ -75.538067749685013, 6.29447339634112 ], [ -75.538382488788301, 6.294413086985091 ], [ -75.5388770802453, 6.29426654250792 ], [ -75.539208760321813, 6.294147731253831 ], [ -75.539253991028403, 6.294132015576278 ], [ -75.539665167660303, 6.294018828599286 ], [ -75.540076395144396, 6.29392415003924 ], [ -75.540515954818503, 6.29388687344356 ], [ -75.541149505927393, 6.2937837801089 ], [ -75.541828865533603, 6.29351201137863 ], [ -75.541823433088794, 6.293728310374461 ], [ -75.541763167508407, 6.29412402547838 ], [ -75.541742875146099, 6.29442317789961 ], [ -75.541681045856507, 6.294619175095872 ], [ -75.541539571235504, 6.294756941602081 ], [ -75.541380903404004, 6.294862605614172 ], [ -75.541083569857406, 6.295031009426179 ], [ -75.540755112698406, 6.295222881701031 ], [ -75.540740048877609, 6.295232665200129 ], [ -75.540474948085603, 6.29541461901327 ], [ -75.540282244646804, 6.295581754434321 ], [ -75.540187101173203, 6.295737901728149 ], [ -75.5400790546487, 6.295957410340438 ], [ -75.539995214971199, 6.296198286320598 ], [ -75.539872078762698, 6.29641783770837 ], [ -75.539718535557, 6.29655758500662 ], [ -75.539546722649504, 6.296639902731002 ], [ -75.539274428796901, 6.296768291271503 ], [ -75.539023259077496, 6.296895646543928 ], [ -75.538750022301002, 6.297047418879478 ], [ -75.538500003268894, 6.297226406641649 ], [ -75.538226688366507, 6.29734992576706 ], [ -75.537935113673697, 6.297419911791629 ], [ -75.53766655653871, 6.29744599326245 ], [ -75.537323372840007, 6.297408955604062 ], [ -75.536918142901897, 6.297490950144562 ], [ -75.536724129320405, 6.297549947009328 ], [ -75.536559374371194, 6.297638089268949 ], [ -75.536436503440896, 6.29795409075644 ], [ -75.536378180847109, 6.298326419032731 ], [ -75.536262567459005, 6.298357917442059 ], [ -75.535961429832696, 6.298607192060321 ], [ -75.535716472273293, 6.298797855544369 ], [ -75.535494768002394, 6.29902937210651 ], [ -75.534711990758794, 6.29974276235891 ], [ -75.533961992600297, 6.300305050327558 ], [ -75.533631294557097, 6.300417035733702 ], [ -75.533173680819203, 6.300476766198091 ], [ -75.532757352296699, 6.300549047296371 ], [ -75.532305746548104, 6.300599016904352 ], [ -75.531945597707008, 6.3006126855851 ], [ -75.531517085108504, 6.300645053176548 ], [ -75.531133637746294, 6.30060227757142 ], [ -75.530658602715206, 6.300548066298789 ], [ -75.530156561801107, 6.300551411461289 ], [ -75.529767124259294, 6.300525213696891 ], [ -75.529509329302499, 6.30044214343708 ], [ -75.529462618641105, 6.300287366661868 ], [ -75.529621163560094, 6.300135916339932 ], [ -75.529837251402597, 6.30005445098967 ], [ -75.530060365975203, 6.299967123538952 ], [ -75.530254203151102, 6.299843827766449 ], [ -75.530509127659499, 6.299618066749567 ], [ -75.530586855169204, 6.299347980955641 ], [ -75.5305897784623, 6.29895144889389 ], [ -75.530489876540699, 6.298482134652637 ], [ -75.530584877184296, 6.298273379828061 ], [ -75.530811295675704, 6.297926888007339 ], [ -75.530758549309795, 6.297772128038498 ], [ -75.531008858315218, 6.297696414893999 ], [ -75.531227452032397, 6.29779323236657 ], [ -75.531386205005205, 6.297716799011764 ], [ -75.531356598193298, 6.29756197474443 ], [ -75.531342880276199, 6.2973320878555 ], [ -75.531569362560703, 6.29700897886481 ], [ -75.531741114404795, 6.296904256855653 ], [ -75.531945063188815, 6.296799443592651 ], [ -75.532270761240895, 6.296699163637141 ], [ -75.533621371350193, 6.296126437994588 ], [ -75.533780220268895, 6.296085077043114 ], [ -75.533962764791212, 6.295881924707068 ], [ -75.534091849594205, 6.295629232644099 ], [ -75.534170657282502, 6.295386421803517 ], [ -75.534572782142007, 6.294188915397378 ], [ -75.534689601961901, 6.293867085870519 ], [ -75.534934649669495, 6.293709548950372 ], [ -75.5351456092869, 6.293593998224789 ], [ -75.535293229733796, 6.29349518746426 ], [ -75.535423649497503, 6.293361351781589 ], [ -75.535491408349202, 6.293125391906938 ], [ -75.535659232723106, 6.292694303137151 ], [ -75.535852023887699, 6.292558344411829 ] ] ] } },
{ "type": "Feature", "properties": { "OBJECTID": 128, "BARRIO": "VILLA NIZA", "area_total_ha": 16.119362055451639, "Alta": 1.2541217510342235, "Media": 0.41557829322692202, "Baja": 14.449662011188581, "high_share": 0.077802195069504879, "medhigh_share": 0.10358350650089442, "screening_score": 0.085020962270293959, "screening_rank": 53, "barrio_code": "0208", "comuna_code": "02", "comuna_name": "Santa Cruz", "population_2026": 7475.0, "imcv_ampi_2023": 89.42, "population_match": "exact", "population_density_km2_2026": 46372.802932805411, "hazard_weighted_population_proxy_2026": 677.92905961936731, "exposure_component": 0.670129970271366, "vulnerability_component": 0.85382760699216376, "priority_exposure": 0.670129970271366, "priority_balanced": 0.71605437945156547, "priority_equity": 0.752793906795725, "rank_exposure": 56.0, "rank_balanced": 49.0, "rank_equity": 46.0, "rank_hazard_only": 53 }, "geometry": { "type": "Polygon", "coordinates": [ [ [ -75.560440840850404, 6.29647487965871 ], [ -75.560287763420405, 6.29677635578275 ], [ -75.559955323842104, 6.297335540607887 ], [ -75.559668141263202, 6.297888751466039 ], [ -75.559402739644995, 6.29831719787601 ], [ -75.558839304032702, 6.297953452044511 ], [ -75.558667069927793, 6.297885743297302 ], [ -75.558478771885106, 6.297829769811493 ], [ -75.558198923050398, 6.297775031085843 ], [ -75.557854764648297, 6.297748725977208 ], [ -75.557614166678903, 6.297698746985201 ], [ -75.557379669968995, 6.29767115773547 ], [ -75.557076631243206, 6.297598946468156 ], [ -75.556829932945604, 6.297526576261252 ], [ -75.556497765166995, 6.297471009917209 ], [ -75.556199740616606, 6.297392938412673 ], [ -75.555935907002706, 6.297308924637989 ], [ -75.555701233334304, 6.297218983360511 ], [ -75.555404245308296, 6.297151625204272 ], [ -75.5551222710301, 6.297056945560381 ], [ -75.555268247080605, 6.296733083794719 ], [ -75.555370204642799, 6.296498002316602 ], [ -75.555482430854198, 6.29633595874973 ], [ -75.555658980805504, 6.296151327530539 ], [ -75.555863908432698, 6.296039685209251 ], [ -75.556023842824999, 6.296027540530909 ], [ -75.556199579681206, 6.295911109328581 ], [ -75.556175920489196, 6.295727042469039 ], [ -75.556220465127595, 6.295468742203171 ], [ -75.556286249951199, 6.295250324295168 ], [ -75.556377233704694, 6.29504839841525 ], [ -75.556461178077299, 6.294847465388022 ], [ -75.556528162239402, 6.294697242244611 ], [ -75.5566463430917, 6.29450693004694 ], [ -75.556788829539101, 6.294373056360642 ], [ -75.557029572091395, 6.29447467138325 ], [ -75.557309259028798, 6.294472904415801 ], [ -75.557544648331401, 6.294460547800319 ], [ -75.557802166847196, 6.294446179459832 ], [ -75.558029603735093, 6.294467945162781 ], [ -75.558240940861893, 6.294488778930369 ], [ -75.558509527989102, 6.29447535408484 ], [ -75.558675691290205, 6.294531389599857 ], [ -75.558957569357901, 6.29459294291092 ], [ -75.559174082885605, 6.294665398249211 ], [ -75.559364588034896, 6.2947905370624 ], [ -75.559577419010395, 6.294983809159612 ], [ -75.559847891732602, 6.29528116066817 ], [ -75.559958219693101, 6.295515642389409 ], [ -75.560144295553698, 6.295853178010729 ], [ -75.560248570296494, 6.296081830742819 ], [ -75.560440840850404, 6.29647487965871 ] ] ] } },
{ "type": "Feature", "properties": { "OBJECTID": 129, "BARRIO": "VILLA DEL SOCORRO", "area_total_ha": 23.615903842363156, "Alta": 5.424461438048974, "Media": 1.3040350010029917, "Baja": 16.887407403313222, "high_share": 0.22969527121457689, "medhigh_share": 0.2849137803052077, "screening_score": 0.24515645375995354, "screening_rank": 40, "barrio_code": "0207", "comuna_code": "02", "comuna_name": "Santa Cruz", "population_2026": 13606.0, "imcv_ampi_2023": 89.42, "population_match": "exact", "population_density_km2_2026": 57613.71697149703, "hazard_weighted_population_proxy_2026": 3500.885377489094, "exposure_component": 0.83873242517431845, "vulnerability_component": 0.85382760699216376, "priority_exposure": 0.83873242517431845, "priority_balanced": 0.84250622062877989, "priority_equity": 0.84552525699234882, "rank_exposure": 29.0, "rank_balanced": 31.0, "rank_equity": 26.0, "rank_hazard_only": 40 }, "geometry": { "type": "Polygon", "coordinates": [ [ [ -75.555629778107502, 6.293290046660512 ], [ -75.555700236355904, 6.293301538008821 ], [ -75.555866613868417, 6.293433564899581 ], [ -75.556015818670801, 6.293541285978439 ], [ -75.556142922943295, 6.293660758238361 ], [ -75.556321482402396, 6.293831720754833 ], [ -75.556431579902807, 6.293985340810288 ], [ -75.556569816739398, 6.294128165419667 ], [ -75.556788829539101, 6.294373056360642 ], [ -75.5566463430917, 6.29450693004694 ], [ -75.556528162239402, 6.294697242244611 ], [ -75.556461178077299, 6.294847465388022 ], [ -75.556377233704694, 6.29504839841525 ], [ -75.556286249951199, 6.295250324295168 ], [ -75.556220465127595, 6.295468742203171 ], [ -75.556175920489196, 6.295727042469039 ], [ -75.556199579681206, 6.295911109328581 ], [ -75.556023842824999, 6.296027540530909 ], [ -75.555863908432698, 6.296039685209251 ], [ -75.555658980805504, 6.296151327530539 ], [ -75.555482430854198, 6.29633595874973 ], [ -75.555370204642799, 6.296498002316602 ], [ -75.555268247080605, 6.296733083794719 ], [ -75.5551222710301, 6.297056945560381 ], [ -75.554842161823501, 6.29690965250391 ], [ -75.554618587925702, 6.296831368811581 ], [ -75.554422206410393, 6.29676275223451 ], [ -75.554148100408298, 6.296603750102348 ], [ -75.553951350577194, 6.296404584047278 ], [ -75.553732126822993, 6.296084675109352 ], [ -75.553558421183595, 6.29585134572829 ], [ -75.553322402192194, 6.295640601004109 ], [ -75.553115879754898, 6.295543758504547 ], [ -75.552704350354404, 6.295530305369391 ], [ -75.552499595225797, 6.29570332516808 ], [ -75.552375150585306, 6.295813766092891 ], [ -75.552165271883396, 6.295953674728131 ], [ -75.551920450372904, 6.29619013415366 ], [ -75.551379162999396, 6.29654433762795 ], [ -75.5511582823151, 6.29670766007191 ], [ -75.550891134068806, 6.29687598245602 ], [ -75.550774609514093, 6.29658306208334 ], [ -75.550623992233298, 6.296331155679481 ], [ -75.550490304161499, 6.296016849362422 ], [ -75.550395948510499, 6.295736532902222 ], [ -75.550217148587706, 6.295479833032569 ], [ -75.550044608479794, 6.29530300606632 ], [ -75.549865920816202, 6.295086250440419 ], [ -75.549578656094397, 6.294898056170849 ], [ -75.5493842766396, 6.294825534282362 ], [ -75.549257252930602, 6.294734311781342 ], [ -75.549089632549894, 6.294517525101881 ], [ -75.549403283804594, 6.294428959872919 ], [ -75.549929459745002, 6.29442553116432 ], [ -75.550140652369507, 6.294394733989753 ], [ -75.550286600456005, 6.29406015647832 ], [ -75.550342213099995, 6.293800849477512 ], [ -75.550362822333497, 6.293616658214668 ], [ -75.550372108397696, 6.293340920504792 ], [ -75.550381508418596, 6.293106098276009 ], [ -75.550357708305697, 6.292871371412492 ], [ -75.550350231491507, 6.292716487373619 ], [ -75.550365533732503, 6.292433912370358 ], [ -75.550714673675998, 6.29244364463259 ], [ -75.550921045256004, 6.292487880732191 ], [ -75.551144716077914, 6.29260123751081 ], [ -75.551345278774903, 6.292726350153189 ], [ -75.551557961381604, 6.292867991862932 ], [ -75.551770806482395, 6.293067113575709 ], [ -75.551949332112699, 6.29322638658159 ], [ -75.5522364324015, 6.293356127562889 ], [ -75.552477222104002, 6.293475281842608 ], [ -75.5526312018835, 6.293492384526119 ], [ -75.552826347216097, 6.293479168362582 ], [ -75.553301159118703, 6.29345737071453 ], [ -75.553529502645404, 6.293444060550918 ], [ -75.553911615343694, 6.293372836865349 ], [ -75.554264549190194, 6.293300721492198 ], [ -75.554550142797893, 6.293253150997979 ], [ -75.554882043953199, 6.293215192934341 ], [ -75.555173774107601, 6.293202676542282 ], [ -75.555528119248606, 6.293274744547872 ], [ -75.555629778107502, 6.293290046660512 ] ] ] } },
{ "type": "Feature", "properties": { "OBJECTID": 130, "BARRIO": "LA ESPERANZA No.2", "area_total_ha": 9.6552373606198092, "Alta": 6.209643068614553, "Media": 3.4455942920069598, "Baja": 0.0, "high_share": 0.64313727738495807, "medhigh_share": 1.0, "screening_score": 0.74305883971716979, "screening_rank": 14, "barrio_code": "0110", "comuna_code": "01", "comuna_name": "Popular", "population_2026": 3768.0, "imcv_ampi_2023": 84.57, "population_match": "exact", "population_density_km2_2026": 39025.451775720168, "hazard_weighted_population_proxy_2026": 3095.6706305935932, "exposure_component": 0.82609408075104751, "vulnerability_component": 1.0, "priority_exposure": 0.82609408075104751, "priority_balanced": 0.86957056056328563, "priority_equity": 0.9043517444130762, "rank_exposure": 30.0, "rank_balanced": 22.0, "rank_equity": 9.0, "rank_hazard_only": 14 }, "geometry": { "type": "Polygon", "coordinates": [ [ [ -75.541449486573896, 6.28952155488352 ], [ -75.541642326585205, 6.289404105532032 ], [ -75.541887853665202, 6.289419007850462 ], [ -75.542070992163204, 6.28943018602135 ], [ -75.5423629457392, 6.289497567905999 ], [ -75.542580380457295, 6.289540801259402 ], [ -75.542873530513006, 6.289676375592951 ], [ -75.543200726083498, 6.289754373058472 ], [ -75.543350137079202, 6.28993711469393 ], [ -75.543258681985193, 6.289972444301442 ], [ -75.5430758298819, 6.290783535210154 ], [ -75.542843271323207, 6.291808125617351 ], [ -75.542669033265994, 6.292101863690871 ], [ -75.542499664714001, 6.292338105759501 ], [ -75.542471574135405, 6.29236643810997 ], [ -75.542311052406802, 6.292528613280448 ], [ -75.542096334040295, 6.292737704417419 ], [ -75.541898079480802, 6.2930782738613 ], [ -75.541832448219907, 6.29335417196358 ], [ -75.541828865533603, 6.29351201137863 ], [ -75.541149505927393, 6.2937837801089 ], [ -75.540515954818503, 6.29388687344356 ], [ -75.540076395144396, 6.29392415003924 ], [ -75.539665167660303, 6.294018828599286 ], [ -75.539253991028403, 6.294132015576278 ], [ -75.539208760321813, 6.294147731253831 ], [ -75.539667192143199, 6.293663219004739 ], [ -75.539973817526203, 6.293219076388652 ], [ -75.540386907176199, 6.292710335886551 ], [ -75.540578168793004, 6.292387323254 ], [ -75.540894643715504, 6.291868136031758 ], [ -75.541080585786901, 6.29144186672316 ], [ -75.541254631269197, 6.29107895742741 ], [ -75.541434628730997, 6.290685831015828 ], [ -75.541516833082994, 6.290219906423692 ], [ -75.541543052153301, 6.289881768020268 ], [ -75.541507295286294, 6.28968701728854 ], [ -75.541449486573896, 6.28952155488352 ] ] ] } },
{ "type": "Feature", "properties": { "OBJECTID": 131, "BARRIO": "CARPINELO", "area_total_ha": 46.500717618121755, "Alta": 42.392795197029578, "Media": 2.7172863171173893, "Baja": 1.3906361039744817, "high_share": 0.9116589456784796, "medhigh_share": 0.97009430875034841, "screening_score": 0.92802084733860291, "screening_rank": 4, "barrio_code": "0112", "comuna_code": "01", "comuna_name": "Popular", "population_2026": 13080.0, "imcv_ampi_2023": 84.57, "population_match": "exact", "population_density_km2_2026": 28128.598159316585, "hazard_weighted_population_proxy_2026": 12306.666283964536, "exposure_component": 0.96790935569748238, "vulnerability_component": 1.0, "priority_exposure": 0.96790935569748238, "priority_balanced": 0.97593201677311181, "priority_equity": 0.98235014563361545, "rank_exposure": 2.0, "rank_balanced": 2.0, "rank_equity": 2.0, "rank_hazard_only": 4 }, "geometry": { "type": "Polygon", "coordinates": [ [ [ -75.536576161026204, 6.284877243660039 ], [ -75.537134728033905, 6.285308257187569 ], [ -75.537451268616195, 6.28553534962968 ], [ -75.537808198606498, 6.285814940748963 ], [ -75.538233553854994, 6.28609823764998 ], [ -75.538429481019406, 6.2863665856926 ], [ -75.538607873000899, 6.286480076919569 ], [ -75.538921650797207, 6.286437307234668 ], [ -75.539212132565694, 6.286338097656999 ], [ -75.539600038380414, 6.286180159820829 ], [ -75.540039447787606, 6.286091249627399 ], [ -75.540173273954494, 6.286097696128241 ], [ -75.540246344209095, 6.28632449368166 ], [ -75.540334625330402, 6.28659411538499 ], [ -75.540416595259302, 6.286765355472669 ], [ -75.540537886314596, 6.286966687388682 ], [ -75.540725761605898, 6.286872634924661 ], [ -75.540924401211001, 6.286670407705541 ], [ -75.541209736496697, 6.286530292257322 ], [ -75.541404178231403, 6.286626201545691 ], [ -75.541553476457494, 6.28676899865634 ], [ -75.541657612537307, 6.286951867646031 ], [ -75.541592061004394, 6.28725601760021 ], [ -75.541416500747502, 6.287436745162389 ], [ -75.541182825692403, 6.287702395413929 ], [ -75.540912036876804, 6.288008093809181 ], [ -75.541022501439301, 6.2882951902921 ], [ -75.541275662699803, 6.288522457227531 ], [ -75.5413002739093, 6.28868898630682 ], [ -75.541384197423895, 6.289199259764001 ], [ -75.541449486573896, 6.28952155488352 ], [ -75.541507295286294, 6.28968701728854 ], [ -75.541543052153301, 6.289881768020268 ], [ -75.541516833082994, 6.290219906423692 ], [ -75.541434628730997, 6.290685831015828 ], [ -75.541254631269197, 6.29107895742741 ], [ -75.541080585786901, 6.29144186672316 ], [ -75.540894643715504, 6.291868136031758 ], [ -75.540578168793004, 6.292387323254 ], [ -75.540386907176199, 6.292710335886551 ], [ -75.539973817526203, 6.293219076388652 ], [ -75.539667192143199, 6.293663219004739 ], [ -75.539208760321813, 6.294147731253831 ], [ -75.5388770802453, 6.29426654250792 ], [ -75.538382488788301, 6.294413086985091 ], [ -75.538067749685013, 6.29447339634112 ], [ -75.537719710787101, 6.294498722937161 ], [ -75.537404682029404, 6.294455760390114 ], [ -75.537083425109103, 6.294343644440122 ], [ -75.536881744281601, 6.294177608750122 ], [ -75.536680032312304, 6.294000856650191 ], [ -75.536536741286795, 6.293848299210911 ], [ -75.536398237261295, 6.293608044020201 ], [ -75.536218370147395, 6.29332698562227 ], [ -75.536021434071699, 6.2930586395786 ], [ -75.535852023887699, 6.292558344411829 ], [ -75.536079960972202, 6.292397932219979 ], [ -75.536331382138698, 6.292361183247437 ], [ -75.536249234401396, 6.29212661653274 ], [ -75.536110890977795, 6.2919438427615 ], [ -75.536023617209594, 6.291674216792221 ], [ -75.536307858410112, 6.29150098111261 ], [ -75.536410156172721, 6.291384759511489 ], [ -75.536483247584101, 6.29125790192857 ], [ -75.536539203133799, 6.291119403106191 ], [ -75.536601035610204, 6.290923404980118 ], [ -75.536677575379997, 6.290589996347791 ], [ -75.536624765539401, 6.290412828336589 ], [ -75.536502213942398, 6.290119918490278 ], [ -75.536402627506405, 6.289764593747791 ], [ -75.536354320188195, 6.289397434529432 ], [ -75.536334341941895, 6.28908767623461 ], [ -75.536549526782096, 6.288683735265809 ], [ -75.536684834472098, 6.288499222357939 ], [ -75.536637071837504, 6.288327886569969 ], [ -75.536487963678695, 6.288253284819139 ], [ -75.536395792323702, 6.288031411463458 ], [ -75.536417508792894, 6.287881315668069 ], [ -75.536329454930694, 6.287692554340938 ], [ -75.536181512197402, 6.28767543108618 ], [ -75.536021438278397, 6.287636906694231 ], [ -75.535894404175195, 6.287540809792932 ], [ -75.535881739990998, 6.28732845739429 ], [ -75.535914411907498, 6.287138386405521 ], [ -75.536015498186401, 6.2869481242828 ], [ -75.536202974925004, 6.286710857421032 ], [ -75.536423669153507, 6.28647934485977 ], [ -75.536615908428601, 6.286145614182736 ], [ -75.536676544660807, 6.285881420418 ], [ -75.536554169417897, 6.285651838681671 ], [ -75.536457142928697, 6.28549232993677 ], [ -75.536471591428395, 6.285261391247349 ], [ -75.536576161026204, 6.284877243660039 ] ] ] } },
{ "type": "Feature", "properties": { "OBJECTID": 132, "BARRIO": "ALDEA PABLO VI", "area_total_ha": 8.1918413628760494, "Alta": 5.4439177346754057, "Media": 0.81857469738919042, "Baja": 1.9293489308124225, "high_share": 0.66455360809918285, "medhigh_share": 0.76447921226173698, "screening_score": 0.69253277726469797, "screening_rank": 16, "barrio_code": "0109", "comuna_code": "01", "comuna_name": "Popular", "population_2026": 3180.0, "imcv_ampi_2023": 84.57, "population_match": "exact", "population_density_km2_2026": 38819.111102556104, "hazard_weighted_population_proxy_2026": 2272.1621843738626, "exposure_component": 0.79432137355687538, "vulnerability_component": 1.0, "priority_exposure": 0.79432137355687538, "priority_balanced": 0.84574103016765656, "priority_equity": 0.88687675545628153, "rank_exposure": 36.0, "rank_balanced": 29.0, "rank_equity": 15.0, "rank_hazard_only": 16 }, "geometry": { "type": "Polygon", "coordinates": [ [ [ -75.540173273954494, 6.286097696128241 ], [ -75.540519414106001, 6.286115240477292 ], [ -75.541011537000699, 6.286169399697671 ], [ -75.541252194617002, 6.28624276999034 ], [ -75.541665143916205, 6.286406265047519 ], [ -75.542031556176198, 6.28647733589994 ], [ -75.542403895097806, 6.286509418706858 ], [ -75.542666349068796, 6.28646192048463 ], [ -75.542996095372004, 6.286373314787192 ], [ -75.543074488920297, 6.286344841613489 ], [ -75.543033001243103, 6.286619696887629 ], [ -75.543022417145593, 6.286792169791179 ], [ -75.543036073037399, 6.286998673704078 ], [ -75.543072027321003, 6.287263569286369 ], [ -75.543124998631498, 6.287498215547719 ], [ -75.543183863026897, 6.287681211285991 ], [ -75.543283324732798, 6.287990744287391 ], [ -75.543446118827305, 6.288282564689561 ], [ -75.543527293979196, 6.288528824090619 ], [ -75.543484964521795, 6.288862137577899 ], [ -75.543418583990302, 6.289229616001809 ], [ -75.543350137079202, 6.28993711469393 ], [ -75.543200726083498, 6.289754373058472 ], [ -75.542873530513006, 6.289676375592951 ], [ -75.542580380457295, 6.289540801259402 ], [ -75.5423629457392, 6.289497567905999 ], [ -75.542070992163204, 6.28943018602135 ], [ -75.541887853665202, 6.289419007850462 ], [ -75.541642326585205, 6.289404105532032 ], [ -75.541449486573896, 6.28952155488352 ], [ -75.541384197423895, 6.289199259764001 ], [ -75.5413002739093, 6.28868898630682 ], [ -75.541275662699803, 6.288522457227531 ], [ -75.541022501439301, 6.2882951902921 ], [ -75.540912036876804, 6.288008093809181 ], [ -75.541182825692403, 6.287702395413929 ], [ -75.541416500747502, 6.287436745162389 ], [ -75.541592061004394, 6.28725601760021 ], [ -75.541657612537307, 6.286951867646031 ], [ -75.541553476457494, 6.28676899865634 ], [ -75.541404178231403, 6.286626201545691 ], [ -75.541209736496697, 6.286530292257322 ], [ -75.540924401211001, 6.286670407705541 ], [ -75.540725761605898, 6.286872634924661 ], [ -75.540537886314596, 6.286966687388682 ], [ -75.540416595259302, 6.286765355472669 ], [ -75.540334625330402, 6.28659411538499 ], [ -75.540246344209095, 6.28632449368166 ], [ -75.540173273954494, 6.286097696128241 ] ] ] } },
{ "type": "Feature", "properties": { "OBJECTID": 133, "BARRIO": "EL COMPROMISO", "area_total_ha": 5.7042045036086417, "Alta": 4.0504701314343485, "Media": 1.5745912382396892, "Baja": 0.079143133936140156, "high_share": 0.71008501340930297, "medhigh_share": 0.98612547395793126, "screening_score": 0.78737634236291898, "screening_rank": 10, "barrio_code": "0108", "comuna_code": "01", "comuna_name": "Popular", "population_2026": 4317.0, "imcv_ampi_2023": 84.57, "population_match": "exact", "population_density_km2_2026": 75681.01734902637, "hazard_weighted_population_proxy_2026": 3661.2703369821752, "exposure_component": 0.84333476010426756, "vulnerability_component": 1.0, "priority_exposure": 0.84333476010426756, "priority_balanced": 0.88250107007820067, "priority_equity": 0.91383411805734727, "rank_exposure": 28.0, "rank_balanced": 16.0, "rank_equity": 8.0, "rank_hazard_only": 10 }, "geometry": { "type": "Polygon", "coordinates": [ [ [ -75.544550749620896, 6.285748364000722 ], [ -75.544310654228198, 6.286955160979387 ], [ -75.544295439205598, 6.287270861310981 ], [ -75.544338416798894, 6.287528918022542 ], [ -75.544472230267701, 6.287889990808227 ], [ -75.544525333245403, 6.288171401797531 ], [ -75.544590424913807, 6.288422575274989 ], [ -75.544649454337005, 6.2886640238616 ], [ -75.544690499081895, 6.288950340436932 ], [ -75.544642007852204, 6.289238854573739 ], [ -75.544580225919603, 6.289451415364468 ], [ -75.544502329565304, 6.289658174400028 ], [ -75.544337740312898, 6.289803798994699 ], [ -75.544143777467994, 6.289879359251371 ], [ -75.543783524622597, 6.289853090162409 ], [ -75.543519872832505, 6.28983239502816 ], [ -75.543350137079202, 6.28993711469393 ], [ -75.543418583990302, 6.289229616001809 ], [ -75.543484964521795, 6.288862137577899 ], [ -75.543527293979196, 6.288528824090619 ], [ -75.543446118827305, 6.288282564689561 ], [ -75.543283324732798, 6.287990744287391 ], [ -75.543183863026897, 6.287681211285991 ], [ -75.543124998631498, 6.287498215547719 ], [ -75.543072027321003, 6.287263569286369 ], [ -75.543036073037399, 6.286998673704078 ], [ -75.543022417145593, 6.286792169791179 ], [ -75.543033001243103, 6.286619696887629 ], [ -75.543074488920297, 6.286344841613489 ], [ -75.543361931464005, 6.286238817938861 ], [ -75.543765802452199, 6.28603407013542 ], [ -75.544181830764401, 6.28585948721005 ], [ -75.544550749620896, 6.285748364000722 ] ] ] } },
{ "type": "Feature", "properties": { "OBJECTID": 134, "BARRIO": "SAN PABLO", "area_total_ha": 21.158120603994298, "Alta": 3.0362170679292113, "Media": 2.978899312308652, "Baja": 15.143004223758943, "high_share": 0.14350126482198161, "medhigh_share": 0.28429351041237144, "screening_score": 0.18292309358729078, "screening_rank": 46, "barrio_code": "0107", "comuna_code": "01", "comuna_name": "Popular", "population_2026": 13437.0, "imcv_ampi_2023": 84.57, "population_match": "exact", "population_density_km2_2026": 63507.530992442305, "hazard_weighted_population_proxy_2026": 2874.1391974120011, "exposure_component": 0.81846564046609804, "vulnerability_component": 1.0, "priority_exposure": 0.81846564046609804, "priority_balanced": 0.8638492303495735, "priority_equity": 0.90015610225635401, "rank_exposure": 31.0, "rank_balanced": 23.0, "rank_equity": 10.0, "rank_hazard_only": 46 }, "geometry": { "type": "Polygon", "coordinates": [ [ [ -75.548715075082001, 6.285094654747819 ], [ -75.548714981413994, 6.285778579498972 ], [ -75.548632642781499, 6.286193840780853 ], [ -75.548547691789594, 6.287112797150761 ], [ -75.548462177653306, 6.28783106076725 ], [ -75.547905585891897, 6.28774883882277 ], [ -75.547304649717304, 6.28763945985514 ], [ -75.546911359969101, 6.287670765961338 ], [ -75.546872833230609, 6.287924179052689 ], [ -75.546863414021701, 6.288153154190979 ], [ -75.546821007833998, 6.288458214203408 ], [ -75.546766736446003, 6.288837349331537 ], [ -75.546751476990593, 6.289136487978671 ], [ -75.5466448912413, 6.289516745359849 ], [ -75.546475736345798, 6.289828005642639 ], [ -75.546334766269197, 6.290145034083468 ], [ -75.5462753987225, 6.29050080230649 ], [ -75.546359218322294, 6.290972104670717 ], [ -75.546386489272919, 6.291010023591429 ], [ -75.545409123636404, 6.290847142468889 ], [ -75.544790848078094, 6.290655000441748 ], [ -75.544234253024996, 6.29057277375265 ], [ -75.543862969321196, 6.290559200796281 ], [ -75.543668588731208, 6.290485702087161 ], [ -75.543529237601518, 6.290302933335112 ], [ -75.543476488741703, 6.29014817401312 ], [ -75.543350137079202, 6.28993711469393 ], [ -75.543519872832505, 6.28983239502816 ], [ -75.543783524622597, 6.289853090162409 ], [ -75.544143777467994, 6.289879359251371 ], [ -75.544337740312898, 6.289803798994699 ], [ -75.544502329565304, 6.289658174400028 ], [ -75.544580225919603, 6.289451415364468 ], [ -75.544642007852204, 6.289238854573739 ], [ -75.544690499081895, 6.288950340436932 ], [ -75.544649454337005, 6.2886640238616 ], [ -75.544590424913807, 6.288422575274989 ], [ -75.544525333245403, 6.288171401797531 ], [ -75.544472230267701, 6.287889990808227 ], [ -75.544338416798894, 6.287528918022542 ], [ -75.544295439205598, 6.287270861310981 ], [ -75.544310654228198, 6.286955160979387 ], [ -75.544550749620896, 6.285748364000722 ], [ -75.544632172481698, 6.285723778933278 ], [ -75.545061499287598, 6.285628075449599 ], [ -75.545363252360005, 6.28560287340202 ], [ -75.545785217505397, 6.285393201221109 ], [ -75.546246705103698, 6.285285713441582 ], [ -75.546732357392116, 6.285184978728544 ], [ -75.547555117372994, 6.285110575631879 ], [ -75.548715075082001, 6.285094654747819 ] ] ] } },
{ "type": "Feature", "properties": { "OBJECTID": 135, "BARRIO": "MOSCU", "area_total_ha": 27.092714325381543, "Alta": 8.4630883703068331, "Media": 6.8208535177654923, "Baja": 11.808772437309687, "high_share": 0.31237506396242742, "medhigh_share": 0.5641347597923666, "screening_score": 0.38286777879481038, "screening_rank": 30, "barrio_code": "0105", "comuna_code": "01", "comuna_name": "Popular", "population_2026": 14317.0, "imcv_ampi_2023": 84.57, "population_match": "fuzzy_name_variant", "population_density_km2_2026": 52844.465224317733, "hazard_weighted_population_proxy_2026": 6274.4955733486922, "exposure_component": 0.8986848767124298, "vulnerability_component": 1.0, "priority_exposure": 0.8986848767124298, "priority_balanced": 0.9240136575343223, "priority_equity": 0.94427668219183647, "rank_exposure": 14.0, "rank_balanced": 4.0, "rank_equity": 4.0, "rank_hazard_only": 30 }, "geometry": { "type": "Polygon", "coordinates": [ [ [ -75.548462177653306, 6.28783106076725 ], [ -75.549097533483902, 6.288016331477563 ], [ -75.550786406934606, 6.288256119583481 ], [ -75.551650053300193, 6.288409568126058 ], [ -75.551896768823809, 6.288489736080471 ], [ -75.551876786071702, 6.288897029983939 ], [ -75.552496142243598, 6.289116439344678 ], [ -75.553137501113099, 6.289289022597671 ], [ -75.553412575208995, 6.289436332204249 ], [ -75.553528887635693, 6.28965423635129 ], [ -75.553645717358805, 6.290055297662941 ], [ -75.553360127152004, 6.290103841603573 ], [ -75.553109679676197, 6.29012792850311 ], [ -75.552904753752102, 6.290239571772224 ], [ -75.552717120144621, 6.290418386461582 ], [ -75.552535506216003, 6.290591340249339 ], [ -75.552183445714405, 6.290973264983919 ], [ -75.551985898158406, 6.291204717824713 ], [ -75.551754240774699, 6.291470365980391 ], [ -75.551554548991604, 6.291655061944102 ], [ -75.551298411014514, 6.291801919629113 ], [ -75.551110518004094, 6.291889157197609 ], [ -75.550848098700598, 6.291949324936171 ], [ -75.5506026351472, 6.291956836178609 ], [ -75.550486900603801, 6.291944497547778 ], [ -75.550354383762794, 6.29168864237677 ], [ -75.550101247930201, 6.29147209645116 ], [ -75.549867108276999, 6.291571154676229 ], [ -75.549399660152602, 6.29170691632105 ], [ -75.548915009466299, 6.291807651724389 ], [ -75.548589365205601, 6.291924503452491 ], [ -75.548378140551407, 6.291943607930238 ], [ -75.547955514215403, 6.291918491380819 ], [ -75.547519791175503, 6.291887564438099 ], [ -75.547113032405406, 6.291780564557989 ], [ -75.546809934225706, 6.29168593923666 ], [ -75.546671829138802, 6.29158890295269 ], [ -75.546550505994205, 6.291377830481052 ], [ -75.546485475638804, 6.29114906301466 ], [ -75.546386489272919, 6.291010023591429 ], [ -75.546359218322294, 6.290972104670717 ], [ -75.5462753987225, 6.29050080230649 ], [ -75.546334766269197, 6.290145034083468 ], [ -75.546475736345798, 6.289828005642639 ], [ -75.5466448912413, 6.289516745359849 ], [ -75.546751476990593, 6.289136487978671 ], [ -75.546766736446003, 6.288837349331537 ], [ -75.546821007833998, 6.288458214203408 ], [ -75.546863414021701, 6.288153154190979 ], [ -75.546872833230609, 6.287924179052689 ], [ -75.546911359969101, 6.287670765961338 ], [ -75.547304649717304, 6.28763945985514 ], [ -75.547905585891897, 6.28774883882277 ], [ -75.548462177653306, 6.28783106076725 ] ] ] } },
{ "type": "Feature", "properties": { "OBJECTID": 136, "BARRIO": "MOSCU No.1", "area_total_ha": 20.011256606715165, "Alta": 3.6323512462852965, "Media": 1.0174034745058391, "Baja": 15.361501885922181, "high_share": 0.18151539994077087, "medhigh_share": 0.23235695849459151, "screening_score": 0.19575103633584062, "screening_rank": 43, "barrio_code": "0209", "comuna_code": "02", "comuna_name": "Santa Cruz", "population_2026": 9102.0, "imcv_ampi_2023": 89.42, "population_match": "exact", "population_density_km2_2026": 45484.39999987631, "hazard_weighted_population_proxy_2026": 1883.5331032393344, "exposure_component": 0.77505236804178979, "vulnerability_component": 0.85382760699216376, "priority_exposure": 0.77505236804178979, "priority_balanced": 0.79474617777938339, "priority_equity": 0.81050122556945814, "rank_exposure": 39.0, "rank_balanced": 35.0, "rank_equity": 34.0, "rank_hazard_only": 43 }, "geometry": { "type": "Polygon", "coordinates": [ [ [ -75.555900999253097, 6.28886132593167 ], [ -75.555977424542917, 6.289205019033112 ], [ -75.556117040188894, 6.289480336775209 ], [ -75.5562052947936, 6.28973728962155 ], [ -75.556304731324104, 6.290035127023381 ], [ -75.556306450911293, 6.290288427851649 ], [ -75.556354462874694, 6.29054549266238 ], [ -75.556395549983705, 6.290844470982311 ], [ -75.556353488971396, 6.2912703352876 ], [ -75.556314786710004, 6.291459448749985 ], [ -75.556232320728, 6.291827946175118 ], [ -75.556182729688501, 6.292080417027231 ], [ -75.556092898449194, 6.29233397553089 ], [ -75.555896259877201, 6.292886929435291 ], [ -75.555629778107502, 6.293290046660512 ], [ -75.555528119248606, 6.293274744547872 ], [ -75.555173774107601, 6.293202676542282 ], [ -75.554882043953199, 6.293215192934341 ], [ -75.554550142797893, 6.293253150997979 ], [ -75.554264549190194, 6.293300721492198 ], [ -75.553911615343694, 6.293372836865349 ], [ -75.553529502645404, 6.293444060550918 ], [ -75.553301159118703, 6.29345737071453 ], [ -75.552826347216097, 6.293479168362582 ], [ -75.5526312018835, 6.293492384526119 ], [ -75.552477222104002, 6.293475281842608 ], [ -75.5522364324015, 6.293356127562889 ], [ -75.551949332112699, 6.29322638658159 ], [ -75.551770806482395, 6.293067113575709 ], [ -75.551557961381604, 6.292867991862932 ], [ -75.551345278774903, 6.292726350153189 ], [ -75.551144716077914, 6.29260123751081 ], [ -75.550921045256004, 6.292487880732191 ], [ -75.550714673675998, 6.29244364463259 ], [ -75.550365533732503, 6.292433912370358 ], [ -75.550062695469094, 6.292431841903799 ], [ -75.549851421463202, 6.292433409504341 ], [ -75.5498107072887, 6.29226595351175 ], [ -75.549883633480405, 6.292081615085022 ], [ -75.549989825991503, 6.291920565634749 ], [ -75.550127560385818, 6.29188510459283 ], [ -75.550350030353101, 6.291929294912419 ], [ -75.550486900603801, 6.291944497547778 ], [ -75.5506026351472, 6.291956836178609 ], [ -75.550848098700598, 6.291949324936171 ], [ -75.551110518004094, 6.291889157197609 ], [ -75.551298411014514, 6.291801919629113 ], [ -75.551554548991604, 6.291655061944102 ], [ -75.551754240774699, 6.291470365980391 ], [ -75.551985898158406, 6.291204717824713 ], [ -75.552183445714405, 6.290973264983919 ], [ -75.552535506216003, 6.290591340249339 ], [ -75.552717120144621, 6.290418386461582 ], [ -75.552904753752102, 6.290239571772224 ], [ -75.553109679676197, 6.29012792850311 ], [ -75.553360127152004, 6.290103841603573 ], [ -75.553645717358805, 6.290055297662941 ], [ -75.553879788684995, 6.289932855895958 ], [ -75.554176140914507, 6.289776141442788 ], [ -75.5544836704685, 6.289658364190739 ], [ -75.554762107814994, 6.289570870025478 ], [ -75.555025448106406, 6.289481470559391 ], [ -75.555247511910196, 6.289382444557901 ], [ -75.555475338296617, 6.289185977291389 ], [ -75.555650975376594, 6.289034473112038 ], [ -75.555900999253097, 6.28886132593167 ] ] ] } },
{ "type": "Feature", "properties": { "OBJECTID": 137, "BARRIO": "SANTA CRUZ", "area_total_ha": 24.400946088660053, "Alta": 0.47273431516300818, "Media": 0.69278279444604463, "Baja": 23.235428979051601, "high_share": 0.019373605984183698, "medhigh_share": 0.04776524260060179, "screening_score": 0.027323264236780765, "screening_rank": 70, "barrio_code": "0210", "comuna_code": "02", "comuna_name": "Santa Cruz", "population_2026": 15876.0, "imcv_ampi_2023": 89.42, "population_match": "exact", "population_density_km2_2026": 65063.051007592345, "hazard_weighted_population_proxy_2026": 532.94818006602725, "exposure_component": 0.64544217477031784, "vulnerability_component": 0.85382760699216376, "priority_exposure": 0.64544217477031784, "priority_balanced": 0.69753853282577927, "priority_equity": 0.73921561927014856, "rank_exposure": 60.0, "rank_balanced": 52.0, "rank_equity": 47.0, "rank_hazard_only": 70 }, "geometry": { "type": "Polygon", "coordinates": [ [ [ -75.563328985679703, 6.292809369815923 ], [ -75.563220750190894, 6.292957763202788 ], [ -75.563075490235406, 6.293177380291599 ], [ -75.563056455618494, 6.293205686923351 ], [ -75.562927213243498, 6.29339700678256 ], [ -75.562773938154507, 6.293628336907782 ], [ -75.562557068347502, 6.29378483115089 ], [ -75.561983873854302, 6.294236558599138 ], [ -75.561740004854002, 6.294451585240931 ], [ -75.561535333369093, 6.294652860675392 ], [ -75.561328697307104, 6.294870702416531 ], [ -75.561121180336002, 6.295133363525889 ], [ -75.560440840850404, 6.29647487965871 ], [ -75.560248570296494, 6.296081830742819 ], [ -75.560144295553698, 6.295853178010729 ], [ -75.559958219693101, 6.295515642389409 ], [ -75.559847891732602, 6.29528116066817 ], [ -75.559577419010395, 6.294983809159612 ], [ -75.559364588034896, 6.2947905370624 ], [ -75.559174082885605, 6.294665398249211 ], [ -75.558957569357901, 6.29459294291092 ], [ -75.558675691290205, 6.294531389599857 ], [ -75.558509527989102, 6.29447535408484 ], [ -75.558240940861893, 6.294488778930369 ], [ -75.558029603735093, 6.294467945162781 ], [ -75.557802166847196, 6.294446179459832 ], [ -75.557544648331401, 6.294460547800319 ], [ -75.557309259028798, 6.294472904415801 ], [ -75.557029572091395, 6.29447467138325 ], [ -75.556788829539101, 6.294373056360642 ], [ -75.556569816739398, 6.294128165419667 ], [ -75.556431579902807, 6.293985340810288 ], [ -75.556321482402396, 6.293831720754833 ], [ -75.556142922943295, 6.293660758238361 ], [ -75.556015818670801, 6.293541285978439 ], [ -75.555866613868417, 6.293433564899581 ], [ -75.555700236355904, 6.293301538008821 ], [ -75.555629778107502, 6.293290046660512 ], [ -75.555896259877201, 6.292886929435291 ], [ -75.556092898449194, 6.29233397553089 ], [ -75.556182729688501, 6.292080417027231 ], [ -75.556232320728, 6.291827946175118 ], [ -75.556314786710004, 6.291459448749985 ], [ -75.556353488971396, 6.2912703352876 ], [ -75.556395549983705, 6.290844470982311 ], [ -75.557147902656297, 6.291131696239952 ], [ -75.558420958275804, 6.291616192208311 ], [ -75.559668344258895, 6.29191662586444 ], [ -75.560240987111598, 6.291981252489269 ], [ -75.560503616544807, 6.291996096686231 ], [ -75.560944580182394, 6.292102013892771 ], [ -75.561374380558902, 6.292173864019749 ], [ -75.561883866780803, 6.292318555077829 ], [ -75.562376127964001, 6.292419454438259 ], [ -75.562697367583894, 6.292525709105387 ], [ -75.562961232940296, 6.292621411570041 ], [ -75.563328985679703, 6.292809369815923 ] ] ] } },
{ "type": "Feature", "properties": { "OBJECTID": 138, "BARRIO": "LA ROSA", "area_total_ha": 16.362745386331209, "Alta": 0.42137671162451751, "Media": 0.28925567381282402, "Baja": 15.497420403258488, "high_share": 0.025752201215360777, "medhigh_share": 0.043429899363402413, "screening_score": 0.030701956696812437, "screening_rank": 68, "barrio_code": "0211", "comuna_code": "02", "comuna_name": "Santa Cruz", "population_2026": 8873.0, "imcv_ampi_2023": 89.42, "population_match": "exact", "population_density_km2_2026": 54226.841465199068, "hazard_weighted_population_proxy_2026": 306.92638921768287, "exposure_component": 0.58887226719643471, "vulnerability_component": 0.85382760699216376, "priority_exposure": 0.58887226719643471, "priority_balanced": 0.65511110214536705, "priority_equity": 0.70810217010451282, "rank_exposure": 67.0, "rank_balanced": 60.0, "rank_equity": 53.0, "rank_hazard_only": 68 }, "geometry": { "type": "Polygon", "coordinates": [ [ [ -75.557947529943107, 6.28927739123776 ], [ -75.558104472001006, 6.289275000353558 ], [ -75.558453556122899, 6.289266218915322 ], [ -75.558715957872593, 6.289201176134888 ], [ -75.558910109990407, 6.289193806429961 ], [ -75.559162665438507, 6.289204782902423 ], [ -75.5594364874663, 6.289264411977601 ], [ -75.559740576930096, 6.289354156183827 ], [ -75.559965350740896, 6.28950257792568 ], [ -75.560119714780697, 6.289656073216082 ], [ -75.560258111722803, 6.289855400274431 ], [ -75.560414981016507, 6.29018327672347 ], [ -75.560646408211397, 6.290548937400871 ], [ -75.561026942579005, 6.290988217203791 ], [ -75.561245467439704, 6.291060665917868 ], [ -75.561555773032197, 6.291213718856027 ], [ -75.561704699356099, 6.291223037854479 ], [ -75.561995567606303, 6.2912621569894 ], [ -75.562389713303403, 6.2911782289717 ], [ -75.562625293576104, 6.291234066437521 ], [ -75.562669593753498, 6.291245631076758 ], [ -75.562865954643598, 6.291307425471742 ], [ -75.563100656054999, 6.291408081084453 ], [ -75.563312044124402, 6.291447425166348 ], [ -75.563478319053402, 6.291543402511929 ], [ -75.56386219040732, 6.291739109982459 ], [ -75.563778241366293, 6.291937119975767 ], [ -75.563441238395299, 6.292658043708689 ], [ -75.563328985679703, 6.292809369815923 ], [ -75.562961232940296, 6.292621411570041 ], [ -75.562697367583894, 6.292525709105387 ], [ -75.562376127964001, 6.292419454438259 ], [ -75.561883866780803, 6.292318555077829 ], [ -75.561374380558902, 6.292173864019749 ], [ -75.560944580182394, 6.292102013892771 ], [ -75.560503616544807, 6.291996096686231 ], [ -75.560240987111598, 6.291981252489269 ], [ -75.559668344258895, 6.29191662586444 ], [ -75.558420958275804, 6.291616192208311 ], [ -75.557147902656297, 6.291131696239952 ], [ -75.556395549983705, 6.290844470982311 ], [ -75.556354462874694, 6.29054549266238 ], [ -75.556306450911293, 6.290288427851649 ], [ -75.556304731324104, 6.290035127023381 ], [ -75.5562052947936, 6.28973728962155 ], [ -75.556117040188894, 6.289480336775209 ], [ -75.555977424542917, 6.289205019033112 ], [ -75.555900999253097, 6.28886132593167 ], [ -75.556542292554596, 6.289010522306219 ], [ -75.557275189974305, 6.289177971235151 ], [ -75.5576477249394, 6.289279214401851 ], [ -75.557947529943107, 6.28927739123776 ] ] ] } },
{ "type": "Feature", "properties": { "OBJECTID": 139, "BARRIO": "VILLA GUADALUPE", "area_total_ha": 23.394407006854873, "Alta": 3.8725908149714678, "Media": 1.8900973538719532, "Baja": 17.631718838011945, "high_share": 0.16553489959530698, "medhigh_share": 0.24632760159959927, "screening_score": 0.18815685615650884, "screening_rank": 44, "barrio_code": "0106", "comuna_code": "01", "comuna_name": "Popular", "population_2026": 11410.0, "imcv_ampi_2023": 84.57, "population_match": "exact", "population_density_km2_2026": 48772.341169651008, "hazard_weighted_population_proxy_2026": 2349.6755693169403, "exposure_component": 0.79776742560707248, "vulnerability_component": 1.0, "priority_exposure": 0.79776742560707248, "priority_balanced": 0.84832556920530433, "priority_equity": 0.88877208408388997, "rank_exposure": 34.0, "rank_balanced": 28.0, "rank_equity": 14.0, "rank_hazard_only": 44 }, "geometry": { "type": "Polygon", "coordinates": [ [ [ -75.548715075082001, 6.285094654747819 ], [ -75.549492740013207, 6.285083701693959 ], [ -75.5499957036902, 6.28505793294094 ], [ -75.550596474063298, 6.285109826870129 ], [ -75.550985149440507, 6.285227593382399 ], [ -75.551203755923396, 6.28533024805338 ], [ -75.551449572955093, 6.285449389800049 ], [ -75.551784112253799, 6.285635504178988 ], [ -75.5520373564229, 6.285891992824699 ], [ -75.552352817336399, 6.286090826518548 ], [ -75.552950375986299, 6.286431103794951 ], [ -75.553121777329693, 6.286562144415189 ], [ -75.55327703359491, 6.286675694490881 ], [ -75.553622901020702, 6.286954329747447 ], [ -75.553868686348807, 6.287061777255323 ], [ -75.5541446824937, 6.287179858249859 ], [ -75.554431894767603, 6.287350516328798 ], [ -75.554689878443298, 6.287502746053518 ], [ -75.555051814681605, 6.28777061658664 ], [ -75.5553390749714, 6.287957836766249 ], [ -75.555576225180118, 6.28821436873552 ], [ -75.555778150710907, 6.28846612839837 ], [ -75.555900999253097, 6.28886132593167 ], [ -75.555650975376594, 6.289034473112038 ], [ -75.555475338296617, 6.289185977291389 ], [ -75.555247511910196, 6.289382444557901 ], [ -75.555025448106406, 6.289481470559391 ], [ -75.554762107814994, 6.289570870025478 ], [ -75.5544836704685, 6.289658364190739 ], [ -75.554176140914507, 6.289776141442788 ], [ -75.553879788684995, 6.289932855895958 ], [ -75.553645717358805, 6.290055297662941 ], [ -75.553528887635693, 6.28965423635129 ], [ -75.553412575208995, 6.289436332204249 ], [ -75.553137501113099, 6.289289022597671 ], [ -75.552496142243598, 6.289116439344678 ], [ -75.551876786071702, 6.288897029983939 ], [ -75.551896768823809, 6.288489736080471 ], [ -75.551650053300193, 6.288409568126058 ], [ -75.550786406934606, 6.288256119583481 ], [ -75.549097533483902, 6.288016331477563 ], [ -75.548462177653306, 6.28783106076725 ], [ -75.548547691789594, 6.287112797150761 ], [ -75.548632642781499, 6.286193840780853 ], [ -75.548714981413994, 6.285778579498972 ], [ -75.548715075082001, 6.285094654747819 ] ] ] } },
{ "type": "Feature", "properties": { "OBJECTID": 140, "BARRIO": "PALERMO", "area_total_ha": 21.752949585492754, "Alta": 0.0, "Media": 0.40678656061257723, "Baja": 2.5716961185897316, "high_share": 0.0, "medhigh_share": 0.018700294367613807, "screening_score": 0.0052360824229318662, "screening_rank": 79, "barrio_code": "0403", "comuna_code": "04", "comuna_name": "Aranjuez", "population_2026": 5603.0, "imcv_ampi_2023": 95.6, "population_match": "exact", "population_density_km2_2026": 25757.4264951025, "hazard_weighted_population_proxy_2026": 52.388874670870081, "exposure_component": 0.40878824688767945, "vulnerability_component": 0.66757082579867388, "priority_exposure": 0.40878824688767945, "priority_balanced": 0.47348389161542803, "priority_equity": 0.52524040739762701, "rank_exposure": 76.0, "rank_balanced": 76.0, "rank_equity": 73.0, "rank_hazard_only": 79 }, "geometry": { "type": "Polygon", "coordinates": [ [ [ -75.563451527797199, 6.283154262199329 ], [ -75.563943171374405, 6.283396429164469 ], [ -75.564578553514195, 6.283592397952389 ], [ -75.565561217564806, 6.283855577931118 ], [ -75.565558280504902, 6.283883839791671 ], [ -75.5656122834949, 6.284124323398196 ], [ -75.565584702688597, 6.28433191530679 ], [ -75.565420005553094, 6.284436627623291 ], [ -75.564645580298304, 6.284878209909012 ], [ -75.564271203991396, 6.28519103093635 ], [ -75.564413285506603, 6.285270515684191 ], [ -75.564678428449, 6.285463637349418 ], [ -75.564958192583404, 6.285491096223599 ], [ -75.565243631979698, 6.285390911790809 ], [ -75.565552032193693, 6.2852283117252 ], [ -75.565854703871906, 6.28517386811896 ], [ -75.566145403148596, 6.285154532073731 ], [ -75.566570882342006, 6.285478720274181 ], [ -75.566395687958504, 6.28578415658279 ], [ -75.566294894708093, 6.28607281904282 ], [ -75.566265254399497, 6.286263855364798 ], [ -75.566251411680994, 6.28634865298578 ], [ -75.566214110123695, 6.286676105489719 ], [ -75.566113704205904, 6.287101160928449 ], [ -75.566012827014404, 6.287360594628832 ], [ -75.565953408564809, 6.28769395651559 ], [ -75.565949032580505, 6.287923888433668 ], [ -75.565905956380902, 6.288343910375921 ], [ -75.565863316224494, 6.2885622626774 ], [ -75.565812789311096, 6.28883811598309 ], [ -75.565705792528902, 6.289068341561388 ], [ -75.565610871716501, 6.289299506833312 ], [ -75.565503665017502, 6.289455691085459 ], [ -75.565356443240105, 6.289691876138752 ], [ -75.565198070111094, 6.28989886591623 ], [ -75.565050718270598, 6.290089262084091 ], [ -75.564777772131805, 6.290338469933783 ], [ -75.564580201318606, 6.290559210048471 ], [ -75.5644156331049, 6.290709710919678 ], [ -75.564245269105498, 6.290945961769208 ], [ -75.564065042489801, 6.291251412397432 ], [ -75.563958127598397, 6.29151086520918 ], [ -75.56386219040732, 6.291739109982459 ], [ -75.563478319053402, 6.291543402511929 ], [ -75.563312044124402, 6.291447425166348 ], [ -75.563100656054999, 6.291408081084453 ], [ -75.562865954643598, 6.291307425471742 ], [ -75.562669593753498, 6.291245631076758 ], [ -75.562625293576104, 6.291234066437521 ], [ -75.562815419555093, 6.290871107712841 ], [ -75.562872197852897, 6.290670252208349 ], [ -75.562897573456695, 6.290394469558201 ], [ -75.562867809742698, 6.290187039467019 ], [ -75.562819791942104, 6.289929001034931 ], [ -75.5627057976412, 6.289820208724629 ], [ -75.562811998903697, 6.289664028717052 ], [ -75.563086346710506, 6.289554134641572 ], [ -75.5633020598287, 6.28934503471466 ], [ -75.563506693194796, 6.289131095311469 ], [ -75.563727358192807, 6.288894700879229 ], [ -75.563839533510802, 6.288716095337398 ], [ -75.563854831105999, 6.288434495692187 ], [ -75.563531437520297, 6.2872127371755 ], [ -75.563271931794901, 6.28616908439315 ], [ -75.563223850087795, 6.28588766455386 ], [ -75.563188038865903, 6.285676354776251 ], [ -75.563162885762495, 6.285320826877697 ], [ -75.563177242459204, 6.28506163697387 ], [ -75.563187498122105, 6.284775178944949 ], [ -75.563229732408402, 6.28441264099768 ], [ -75.563300897582195, 6.283963313752662 ], [ -75.563338235582606, 6.283648525136009 ], [ -75.563357025943304, 6.283533511866469 ], [ -75.563387705237901, 6.283354163775357 ], [ -75.563451527797199, 6.283154262199329 ] ] ] } },
{ "type": "Feature", "properties": { "OBJECTID": 141, "BARRIO": "SAN ISIDRO", "area_total_ha": 43.859192495289058, "Alta": 3.8084854575022664, "Media": 2.9368041048897489, "Baja": 36.703642578666212, "high_share": 0.08683437247303033, "medhigh_share": 0.15379420319050632, "screening_score": 0.10558312507392362, "screening_rank": 52, "barrio_code": "0402", "comuna_code": "04", "comuna_name": "Aranjuez", "population_2026": 19084.0, "imcv_ampi_2023": 95.6, "population_match": "exact", "population_density_km2_2026": 43511.973007824585, "hazard_weighted_population_proxy_2026": 2296.077868981467, "exposure_component": 0.79539698347633037, "vulnerability_component": 0.66757082579867388, "priority_exposure": 0.79539698347633037, "priority_balanced": 0.76344044405691625, "priority_equity": 0.73787521252138499, "rank_exposure": 35.0, "rank_balanced": 43.0, "rank_equity": 48.0, "rank_hazard_only": 52 }, "geometry": { "type": "Polygon", "coordinates": [ [ [ -75.5581742035031, 6.28332800227149 ], [ -75.558236587683197, 6.283330749114443 ], [ -75.561233071976801, 6.28348010162757 ], [ -75.563357025943304, 6.283533511866469 ], [ -75.563338235582606, 6.283648525136009 ], [ -75.563300897582195, 6.283963313752662 ], [ -75.563229732408402, 6.28441264099768 ], [ -75.563187498122105, 6.284775178944949 ], [ -75.563177242459204, 6.28506163697387 ], [ -75.563162885762495, 6.285320826877697 ], [ -75.563188038865903, 6.285676354776251 ], [ -75.563223850087795, 6.28588766455386 ], [ -75.563271931794901, 6.28616908439315 ], [ -75.563531437520297, 6.2872127371755 ], [ -75.563854831105999, 6.288434495692187 ], [ -75.563839533510802, 6.288716095337398 ], [ -75.563727358192807, 6.288894700879229 ], [ -75.563506693194796, 6.289131095311469 ], [ -75.5633020598287, 6.28934503471466 ], [ -75.563086346710506, 6.289554134641572 ], [ -75.562811998903697, 6.289664028717052 ], [ -75.5627057976412, 6.289820208724629 ], [ -75.562819791942104, 6.289929001034931 ], [ -75.562867809742698, 6.290187039467019 ], [ -75.562897573456695, 6.290394469558201 ], [ -75.562872197852897, 6.290670252208349 ], [ -75.562815419555093, 6.290871107712841 ], [ -75.562625293576104, 6.291234066437521 ], [ -75.562389713303403, 6.2911782289717 ], [ -75.561995567606303, 6.2912621569894 ], [ -75.561704699356099, 6.291223037854479 ], [ -75.561555773032197, 6.291213718856027 ], [ -75.561245467439704, 6.291060665917868 ], [ -75.561026942579005, 6.290988217203791 ], [ -75.560646408211397, 6.290548937400871 ], [ -75.560414981016507, 6.29018327672347 ], [ -75.560258111722803, 6.289855400274431 ], [ -75.560119714780697, 6.289656073216082 ], [ -75.559965350740896, 6.28950257792568 ], [ -75.559740576930096, 6.289354156183827 ], [ -75.5594364874663, 6.289264411977601 ], [ -75.559162665438507, 6.289204782902423 ], [ -75.558910109990407, 6.289193806429961 ], [ -75.558715957872593, 6.289201176134888 ], [ -75.558453556122899, 6.289266218915322 ], [ -75.558104472001006, 6.289275000353558 ], [ -75.557947529943107, 6.28927739123776 ], [ -75.5579145889171, 6.288300316163571 ], [ -75.558081936772794, 6.286995325967 ], [ -75.558154036007394, 6.28438122007459 ], [ -75.5581742035031, 6.28332800227149 ] ] ] } },
{ "type": "Feature", "properties": { "OBJECTID": 142, "BARRIO": "BERLIN", "area_total_ha": 30.16792684527773, "Alta": 0.92118149756458256, "Media": 0.26567608686754185, "Baja": 28.981069260845747, "high_share": 0.030535127663529775, "medhigh_share": 0.03934170188489125, "screening_score": 0.033000968445510988, "screening_rank": 67, "barrio_code": "0401", "comuna_code": "04", "comuna_name": "Aranjuez", "population_2026": 12527.0, "imcv_ampi_2023": 95.6, "population_match": "exact", "population_density_km2_2026": 41524.232222675542, "hazard_weighted_population_proxy_2026": 437.67352187653512, "exposure_component": 0.625242918854512, "vulnerability_component": 0.66757082579867388, "priority_exposure": 0.625242918854512, "priority_balanced": 0.63582489559055244, "priority_equity": 0.64429047697938491, "rank_exposure": 63.0, "rank_balanced": 63.0, "rank_equity": 60.0, "rank_hazard_only": 67 }, "geometry": { "type": "Polygon", "coordinates": [ [ [ -75.553154546656302, 6.283190177687519 ], [ -75.5581742035031, 6.28332800227149 ], [ -75.558154036007394, 6.28438122007459 ], [ -75.558081936772794, 6.286995325967 ], [ -75.5579145889171, 6.288300316163571 ], [ -75.557947529943107, 6.28927739123776 ], [ -75.5576477249394, 6.289279214401851 ], [ -75.557275189974305, 6.289177971235151 ], [ -75.556542292554596, 6.289010522306219 ], [ -75.555900999253097, 6.28886132593167 ], [ -75.555778150710907, 6.28846612839837 ], [ -75.555576225180118, 6.28821436873552 ], [ -75.5553390749714, 6.287957836766249 ], [ -75.555051814681605, 6.28777061658664 ], [ -75.554689878443298, 6.287502746053518 ], [ -75.554431894767603, 6.287350516328798 ], [ -75.5541446824937, 6.287179858249859 ], [ -75.553868686348807, 6.287061777255323 ], [ -75.553622901020702, 6.286954329747447 ], [ -75.55327703359491, 6.286675694490881 ], [ -75.553121777329693, 6.286562144415189 ], [ -75.552950375986299, 6.286431103794951 ], [ -75.553021495611603, 6.285247192160661 ], [ -75.553097321697194, 6.283948305775809 ], [ -75.553154546656302, 6.283190177687519 ] ] ] } },
{ "type": "Feature", "properties": { "OBJECTID": 143, "BARRIO": "LA SALLE", "area_total_ha": 39.642176518956731, "Alta": 10.956154249164353, "Media": 4.8025729318326409, "Baja": 23.883449337957043, "high_share": 0.27637620361044413, "medhigh_share": 0.39752426745441771, "screening_score": 0.31029766148675675, "screening_rank": 34, "barrio_code": "0301", "comuna_code": "03", "comuna_name": "Manrique", "population_2026": 17545.0, "imcv_ampi_2023": 90.05, "population_match": "exact", "population_density_km2_2026": 44258.417525612029, "hazard_weighted_population_proxy_2026": 5911.7918824165008, "exposure_component": 0.89256638236368446, "vulnerability_component": 0.83484026522001198, "priority_exposure": 0.89256638236368446, "priority_balanced": 0.8781348530777664, "priority_equity": 0.86658962964903186, "rank_exposure": 16.0, "rank_balanced": 17.0, "rank_equity": 19.0, "rank_hazard_only": 34 }, "geometry": { "type": "Polygon", "coordinates": [ [ [ -75.552924958345102, 6.281685610391952 ], [ -75.552943151017999, 6.281715760988531 ], [ -75.553036271151797, 6.281915219960208 ], [ -75.553078392060598, 6.28222588642367 ], [ -75.553098751654503, 6.2826681370493 ], [ -75.553154546656302, 6.283190177687519 ], [ -75.553097321697194, 6.283948305775809 ], [ -75.553021495611603, 6.285247192160661 ], [ -75.552950375986299, 6.286431103794951 ], [ -75.552352817336399, 6.286090826518548 ], [ -75.5520373564229, 6.285891992824699 ], [ -75.551784112253799, 6.285635504178988 ], [ -75.551449572955093, 6.285449389800049 ], [ -75.551203755923396, 6.28533024805338 ], [ -75.550985149440507, 6.285227593382399 ], [ -75.550596474063298, 6.285109826870129 ], [ -75.5499957036902, 6.28505793294094 ], [ -75.549492740013207, 6.285083701693959 ], [ -75.548715075082001, 6.285094654747819 ], [ -75.547555117372994, 6.285110575631879 ], [ -75.546732357392116, 6.285184978728544 ], [ -75.546246705103698, 6.285285713441582 ], [ -75.545785217505397, 6.285393201221109 ], [ -75.545363252360005, 6.28560287340202 ], [ -75.545061499287598, 6.285628075449599 ], [ -75.544632172481698, 6.285723778933278 ], [ -75.544550749620896, 6.285748364000722 ], [ -75.544181830764401, 6.28585948721005 ], [ -75.543765802452199, 6.28603407013542 ], [ -75.543361931464005, 6.286238817938861 ], [ -75.543074488920297, 6.286344841613489 ], [ -75.543172373405596, 6.286090289260209 ], [ -75.543347858841301, 6.28588325508376 ], [ -75.543568451107106, 6.285616666556182 ], [ -75.543755955554403, 6.28539109028919 ], [ -75.543965611571707, 6.28517129640762 ], [ -75.544116771110893, 6.28490003178895 ], [ -75.544161226192699, 6.284607630718041 ], [ -75.544123866369901, 6.284199523578657 ], [ -75.5440119985075, 6.2837701917988 ], [ -75.543895209087594, 6.283379842733559 ], [ -75.543794601917099, 6.28301964994021 ], [ -75.543709360045796, 6.282757816009341 ], [ -75.544426105850505, 6.282549267621529 ], [ -75.544944776613093, 6.282384142489909 ], [ -75.545247230751897, 6.282250795939401 ], [ -75.545594871924905, 6.282087123397018 ], [ -75.545941314325304, 6.281854279835761 ], [ -75.546157211395894, 6.28170851264222 ], [ -75.546385489308321, 6.281672799658631 ], [ -75.546643247411197, 6.281746119949639 ], [ -75.5468841268208, 6.28189937736673 ], [ -75.547149197840596, 6.28206912783847 ], [ -75.547321475157815, 6.28215437980631 ], [ -75.5475269324359, 6.282232717222851 ], [ -75.547818493077997, 6.282161753306502 ], [ -75.548000120292897, 6.281993672008918 ], [ -75.548284237518899, 6.28177951428233 ], [ -75.548518275612395, 6.281645385071988 ], [ -75.548699092878806, 6.281547453403951 ], [ -75.549047785428499, 6.281400337214738 ], [ -75.549328585101193, 6.281438517871462 ], [ -75.549654881991799, 6.281556460611409 ], [ -75.5500397856798, 6.281765816682202 ], [ -75.550274774854003, 6.281970724204101 ], [ -75.550549620970401, 6.282038149151543 ], [ -75.550881358903297, 6.28194466269054 ], [ -75.551188849648398, 6.281814224432671 ], [ -75.551364362659498, 6.281618879263587 ], [ -75.552061421303094, 6.28156723371782 ], [ -75.552513184212103, 6.281581550385698 ], [ -75.552924958345102, 6.281685610391952 ] ] ] } },
{ "type": "Feature", "properties": { "OBJECTID": 144, "BARRIO": "SAN JOSE LA CIMA No.1", "area_total_ha": 16.946329532191825, "Alta": 15.317361777827955, "Media": 1.4508512539559564, "Baja": 0.17811650040971716, "high_share": 0.90387489212519867, "medhigh_share": 0.98948937585159324, "screening_score": 0.9278469475685891, "screening_rank": 5, "barrio_code": "0314", "comuna_code": "03", "comuna_name": "Manrique", "population_2026": 2992.0, "imcv_ampi_2023": 90.05, "population_match": "exact", "population_density_km2_2026": 17655.740697808895, "hazard_weighted_population_proxy_2026": 2832.4729448932808, "exposure_component": 0.81696537315699624, "vulnerability_component": 0.83484026522001198, "priority_exposure": 0.81696537315699624, "priority_balanced": 0.82143409617275021, "priority_equity": 0.82500907458535333, "rank_exposure": 32.0, "rank_balanced": 33.0, "rank_equity": 32.0, "rank_hazard_only": 5 }, "geometry": { "type": "Polygon", "coordinates": [ [ [ -75.542014073388003, 6.280213907598843 ], [ -75.542318693713199, 6.280496564061268 ], [ -75.542536422433301, 6.280645992182238 ], [ -75.543190274539597, 6.280973462038282 ], [ -75.543671342661199, 6.281033494082438 ], [ -75.5440971183816, 6.281108294785481 ], [ -75.544011470515301, 6.281421270291019 ], [ -75.543916871392796, 6.28177129085338 ], [ -75.543839123766404, 6.28203065963688 ], [ -75.543755420186997, 6.282319272730331 ], [ -75.543693752404593, 6.282572750788319 ], [ -75.543709360045796, 6.282757816009341 ], [ -75.543794601917099, 6.28301964994021 ], [ -75.543895209087594, 6.283379842733559 ], [ -75.5440119985075, 6.2837701917988 ], [ -75.544123866369901, 6.284199523578657 ], [ -75.544161226192699, 6.284607630718041 ], [ -75.544116771110893, 6.28490003178895 ], [ -75.543965611571707, 6.28517129640762 ], [ -75.543755955554403, 6.28539109028919 ], [ -75.543568451107106, 6.285616666556182 ], [ -75.543347858841301, 6.28588325508376 ], [ -75.543172373405596, 6.286090289260209 ], [ -75.543074488920297, 6.286344841613489 ], [ -75.542996095372004, 6.286373314787192 ], [ -75.542666349068796, 6.28646192048463 ], [ -75.542403895097806, 6.286509418706858 ], [ -75.542031556176198, 6.28647733589994 ], [ -75.541665143916205, 6.286406265047519 ], [ -75.541252194617002, 6.28624276999034 ], [ -75.541011537000699, 6.286169399697671 ], [ -75.540519414106001, 6.286115240477292 ], [ -75.540173273954494, 6.286097696128241 ], [ -75.540295093733107, 6.28576708402897 ], [ -75.540543702990405, 6.28544488653651 ], [ -75.540713002175806, 6.285184287430353 ], [ -75.540830789313503, 6.284850763906799 ], [ -75.540969491197899, 6.284441189960131 ], [ -75.541161726665095, 6.284107458148529 ], [ -75.541400382754603, 6.283824258146668 ], [ -75.541616043052699, 6.283592756586271 ], [ -75.541802382636504, 6.283309702531451 ], [ -75.541878533101013, 6.282837951001871 ], [ -75.541921870336395, 6.282504635183138 ], [ -75.541971084227697, 6.282113822078188 ], [ -75.541974681602994, 6.28123990643062 ], [ -75.541943397692407, 6.280845422616692 ], [ -75.541974614036903, 6.280494603488341 ], [ -75.542014073388003, 6.280213907598843 ] ] ] } },
{ "type": "Feature", "properties": { "OBJECTID": 145, "BARRIO": "MARIA CANO-CARAMBOLAS", "area_total_ha": 33.769543338407864, "Alta": 29.468396668966992, "Media": 2.2623401628727948, "Baja": 2.0388065065676884, "high_share": 0.87263237094032742, "medhigh_share": 0.93962587867603065, "screening_score": 0.89139055310632442, "screening_rank": 7, "barrio_code": "0313", "comuna_code": "03", "comuna_name": "Manrique", "population_2026": 7604.0, "imcv_ampi_2023": 90.05, "population_match": "exact", "population_density_km2_2026": 22517.331442121023, "hazard_weighted_population_proxy_2026": 6890.2058650413937, "exposure_component": 0.90830373040510881, "vulnerability_component": 0.83484026522001198, "priority_exposure": 0.90830373040510881, "priority_balanced": 0.88993786410883458, "priority_equity": 0.87524517107181532, "rank_exposure": 13.0, "rank_balanced": 14.0, "rank_equity": 17.0, "rank_hazard_only": 7 }, "geometry": { "type": "Polygon", "coordinates": [ [ [ -75.542323793986199, 6.277275668595287 ], [ -75.542284144298904, 6.277488166635251 ], [ -75.542274882967703, 6.2777746221882 ], [ -75.542254415200702, 6.278011423456162 ], [ -75.542256397784797, 6.278361176104612 ], [ -75.542282974714496, 6.278872583021331 ], [ -75.542223668969498, 6.279251734132009 ], [ -75.542151044449113, 6.279545187241652 ], [ -75.542023918670196, 6.280136914714578 ], [ -75.542014073388003, 6.280213907598843 ], [ -75.541974614036903, 6.280494603488341 ], [ -75.541943397692407, 6.280845422616692 ], [ -75.541974681602994, 6.28123990643062 ], [ -75.541971084227697, 6.282113822078188 ], [ -75.541921870336395, 6.282504635183138 ], [ -75.541878533101013, 6.282837951001871 ], [ -75.541802382636504, 6.283309702531451 ], [ -75.541616043052699, 6.283592756586271 ], [ -75.541400382754603, 6.283824258146668 ], [ -75.541161726665095, 6.284107458148529 ], [ -75.540969491197899, 6.284441189960131 ], [ -75.540830789313503, 6.284850763906799 ], [ -75.540713002175806, 6.285184287430353 ], [ -75.540543702990405, 6.28544488653651 ], [ -75.540295093733107, 6.28576708402897 ], [ -75.540173273954494, 6.286097696128241 ], [ -75.540039447787606, 6.286091249627399 ], [ -75.539600038380414, 6.286180159820829 ], [ -75.539212132565694, 6.286338097656999 ], [ -75.538921650797207, 6.286437307234668 ], [ -75.538607873000899, 6.286480076919569 ], [ -75.538429481019406, 6.2863665856926 ], [ -75.538233553854994, 6.28609823764998 ], [ -75.537808198606498, 6.285814940748963 ], [ -75.537451268616195, 6.28553534962968 ], [ -75.537134728033905, 6.285308257187569 ], [ -75.536576161026204, 6.284877243660039 ], [ -75.536582130129503, 6.284852869665959 ], [ -75.536955952123606, 6.284333524090928 ], [ -75.537182155660219, 6.283912991366868 ], [ -75.537185442540903, 6.283647984016682 ], [ -75.5371777000599, 6.28339664703342 ], [ -75.537193060233406, 6.283131607284709 ], [ -75.537339130396703, 6.282837949821446 ], [ -75.537697250250503, 6.282460889292611 ], [ -75.537929058033797, 6.282246882719821 ], [ -75.538202034982902, 6.282004506829482 ], [ -75.538388585114305, 6.281796470113539 ], [ -75.5385650878425, 6.281593331829958 ], [ -75.538717242480402, 6.281317194580728 ], [ -75.538835124296895, 6.281017769366501 ], [ -75.538866644108097, 6.280775092354781 ], [ -75.538812811788517, 6.280230633697331 ], [ -75.538807554767999, 6.28014881193294 ], [ -75.53973556116442, 6.27921288856135 ], [ -75.542152144685701, 6.277414492310082 ], [ -75.542323793986199, 6.277275668595287 ] ] ] } },
{ "type": "Feature", "properties": { "OBJECTID": 146, "BARRIO": "MORAVIA", "area_total_ha": 49.883147283263234, "Alta": 0.0, "Media": 0.0, "Baja": 0.0, "high_share": 0.0, "medhigh_share": 0.0, "screening_score": 0.0, "screening_rank": 87, "barrio_code": "0405", "comuna_code": "04", "comuna_name": "Aranjuez", "population_2026": 27141.0, "imcv_ampi_2023": 95.6, "population_match": "exact", "population_density_km2_2026": 54409.157156582085, "hazard_weighted_population_proxy_2026": 0.0, "exposure_component": 0.0, "vulnerability_component": 0.66757082579867388, "priority_exposure": 0.0, "priority_balanced": 0.16689270644966847, "priority_equity": 0.30040687160940327, "rank_exposure": 85.0, "rank_balanced": 104.0, "rank_equity": 102.0, "rank_hazard_only": 87 }, "geometry": { "type": "Polygon", "coordinates": [ [ [ -75.565303115692103, 6.271943259412101 ], [ -75.566160792864096, 6.272841028343199 ], [ -75.567117512730206, 6.273896342138741 ], [ -75.567756035017794, 6.274494662199028 ], [ -75.568097290974606, 6.274922359921271 ], [ -75.568349499792603, 6.275168127594114 ], [ -75.568592439393001, 6.275337928297931 ], [ -75.568802925043002, 6.275416245113422 ], [ -75.569067723046402, 6.275489534208692 ], [ -75.569324389798396, 6.275533619397129 ], [ -75.570084383201603, 6.275684413678139 ], [ -75.570025807539409, 6.275959316568879 ], [ -75.569528493923798, 6.27832326801607 ], [ -75.569109415869093, 6.280250536241203 ], [ -75.569105440616994, 6.280268084258303 ], [ -75.568805191305998, 6.281527658844309 ], [ -75.568582398847497, 6.282430440199003 ], [ -75.568524579196307, 6.28297130938299 ], [ -75.568492390206202, 6.283327000840959 ], [ -75.568464842606303, 6.283546282147218 ], [ -75.568388223452402, 6.28384461867542 ], [ -75.5683081687948, 6.28399585320103 ], [ -75.568126562703497, 6.28416881127277 ], [ -75.567472675444407, 6.284541858194151 ], [ -75.567165494068007, 6.284779472633999 ], [ -75.566944654519304, 6.284953514763648 ], [ -75.566752226833401, 6.28521321096757 ], [ -75.566570882342006, 6.285478720274181 ], [ -75.566145403148596, 6.285154532073731 ], [ -75.565854703871906, 6.28517386811896 ], [ -75.565552032193693, 6.2852283117252 ], [ -75.565243631979698, 6.285390911790809 ], [ -75.564958192583404, 6.285491096223599 ], [ -75.564678428449, 6.285463637349418 ], [ -75.564413285506603, 6.285270515684191 ], [ -75.564271203991396, 6.28519103093635 ], [ -75.564645580298304, 6.284878209909012 ], [ -75.565420005553094, 6.284436627623291 ], [ -75.565584702688597, 6.28433191530679 ], [ -75.5656122834949, 6.284124323398196 ], [ -75.565558280504902, 6.283883839791671 ], [ -75.565561217564806, 6.283855577931118 ], [ -75.565584678293504, 6.283613898493338 ], [ -75.565737886845199, 6.283360158852439 ], [ -75.565907303453898, 6.283146319473231 ], [ -75.566213019699603, 6.28274698565508 ], [ -75.566450652535593, 6.282463780335152 ], [ -75.566636962776201, 6.282175849107557 ], [ -75.566788921551804, 6.28183638162418 ], [ -75.566826381475906, 6.28156543512014 ], [ -75.566818474598094, 6.281260518673 ], [ -75.566697182225397, 6.281061144677771 ], [ -75.566473318467899, 6.280878622851729 ], [ -75.565962445169006, 6.280595594101499 ], [ -75.565777935556198, 6.280453878294069 ], [ -75.565661767365299, 6.280287611824729 ], [ -75.565591537903401, 6.280001384681761 ], [ -75.5655897494416, 6.279725678922361 ], [ -75.565587052946995, 6.279484074532228 ], [ -75.565591398521093, 6.279242448246229 ], [ -75.565566375407997, 6.278932710730939 ], [ -75.565466924145497, 6.278630003283507 ], [ -75.565344182592099, 6.278273777466401 ], [ -75.565193310238001, 6.27793127259771 ], [ -75.564978991614197, 6.277565565106458 ], [ -75.564811256973599, 6.277307866027213 ], [ -75.564500154615999, 6.276870337787602 ], [ -75.564533116653294, 6.276786459029892 ], [ -75.564564402769506, 6.276465844621012 ], [ -75.5646902465148, 6.275786439579119 ], [ -75.565012018316295, 6.273596400994407 ], [ -75.565141948018606, 6.272938417725523 ], [ -75.565231227255694, 6.272491962583548 ], [ -75.565279370772799, 6.272084591347909 ], [ -75.565303115692103, 6.271943259412101 ] ] ] } },
{ "type": "Feature", "properties": { "OBJECTID": 147, "BARRIO": "BERMEJAL-LOS ALAMOS", "area_total_ha": 16.0651315248641, "Alta": 0.0, "Media": 0.0, "Baja": 0.0090471677240717037, "high_share": 0.0, "medhigh_share": 0.0, "screening_score": 0.0, "screening_rank": 87, "barrio_code": "0404", "comuna_code": "04", "comuna_name": "Aranjuez", "population_2026": 10026.0, "imcv_ampi_2023": 95.6, "population_match": "exact", "population_density_km2_2026": 62408.452644677702, "hazard_weighted_population_proxy_2026": 0.0, "exposure_component": 0.0, "vulnerability_component": 0.66757082579867388, "priority_exposure": 0.0, "priority_balanced": 0.16689270644966847, "priority_equity": 0.30040687160940327, "rank_exposure": 85.0, "rank_balanced": 104.0, "rank_equity": 102.0, "rank_hazard_only": 87 }, "geometry": { "type": "Polygon", "coordinates": [ [ [ -75.564500154615999, 6.276870337787602 ], [ -75.564811256973599, 6.277307866027213 ], [ -75.564978991614197, 6.277565565106458 ], [ -75.565193310238001, 6.27793127259771 ], [ -75.565344182592099, 6.278273777466401 ], [ -75.565466924145497, 6.278630003283507 ], [ -75.565566375407997, 6.278932710730939 ], [ -75.565591398521093, 6.279242448246229 ], [ -75.565587052946995, 6.279484074532228 ], [ -75.5655897494416, 6.279725678922361 ], [ -75.565591537903401, 6.280001384681761 ], [ -75.565661767365299, 6.280287611824729 ], [ -75.565777935556198, 6.280453878294069 ], [ -75.565962445169006, 6.280595594101499 ], [ -75.566473318467899, 6.280878622851729 ], [ -75.566697182225397, 6.281061144677771 ], [ -75.566818474598094, 6.281260518673 ], [ -75.566826381475906, 6.28156543512014 ], [ -75.566788921551804, 6.28183638162418 ], [ -75.566636962776201, 6.282175849107557 ], [ -75.566450652535593, 6.282463780335152 ], [ -75.566213019699603, 6.28274698565508 ], [ -75.565907303453898, 6.283146319473231 ], [ -75.565737886845199, 6.283360158852439 ], [ -75.565584678293504, 6.283613898493338 ], [ -75.565561217564806, 6.283855577931118 ], [ -75.564578553514195, 6.283592397952389 ], [ -75.563943171374405, 6.283396429164469 ], [ -75.563451527797199, 6.283154262199329 ], [ -75.563706825181413, 6.28235855531887 ], [ -75.563956870165001, 6.28148394977551 ], [ -75.563927060295796, 6.281259957804192 ], [ -75.563843477121793, 6.28087634251531 ], [ -75.563783110077296, 6.28051993952381 ], [ -75.563718868151398, 6.28021615833448 ], [ -75.563682925735307, 6.279958085812729 ], [ -75.563686461569006, 6.2797856353234 ], [ -75.563751917332908, 6.279452256454631 ], [ -75.563801373385601, 6.27915302408413 ], [ -75.563873839247094, 6.278807935430899 ], [ -75.564001195024105, 6.27830681334158 ], [ -75.564073709675299, 6.277979262105982 ], [ -75.5640796705962, 6.27795294095862 ], [ -75.564156284076006, 6.277651681467491 ], [ -75.564341034738902, 6.277167932368153 ], [ -75.564460213293216, 6.276976643328392 ], [ -75.564500154615999, 6.276870337787602 ] ] ] } },
{ "type": "Feature", "properties": { "OBJECTID": 148, "BARRIO": "ARANJUEZ", "area_total_ha": 34.943520278450698, "Alta": 0.5280079722997556, "Media": 1.3497625094365193, "Baja": 31.1233436484141, "high_share": 0.015110325693927654, "medhigh_share": 0.053737301415915907, "screening_score": 0.025925878896084366, "screening_rank": 71, "barrio_code": "0413", "comuna_code": "04", "comuna_name": "Aranjuez", "population_2026": 9342.0, "imcv_ampi_2023": 95.6, "population_match": "exact", "population_density_km2_2026": 26734.570316778056, "hazard_weighted_population_proxy_2026": 321.58726623007925, "exposure_component": 0.59365251896684434, "vulnerability_component": 0.66757082579867388, "priority_exposure": 0.59365251896684434, "priority_balanced": 0.61213209567480176, "priority_equity": 0.62691575704116764, "rank_exposure": 66.0, "rank_balanced": 66.0, "rank_equity": 66.0, "rank_hazard_only": 71 }, "geometry": { "type": "Polygon", "coordinates": [ [ [ -75.560750104635204, 6.27847579427284 ], [ -75.561326365732498, 6.278402069603472 ], [ -75.562444133708794, 6.278060843490498 ], [ -75.562912537541095, 6.27791338079389 ], [ -75.563220301730198, 6.277882307854332 ], [ -75.563545219108306, 6.277868720822782 ], [ -75.563825869425116, 6.277855261082588 ], [ -75.5640796705962, 6.27795294095862 ], [ -75.564073709675299, 6.277979262105982 ], [ -75.564001195024105, 6.27830681334158 ], [ -75.563873839247094, 6.278807935430899 ], [ -75.563801373385601, 6.27915302408413 ], [ -75.563751917332908, 6.279452256454631 ], [ -75.563686461569006, 6.2797856353234 ], [ -75.563682925735307, 6.279958085812729 ], [ -75.563718868151398, 6.28021615833448 ], [ -75.563783110077296, 6.28051993952381 ], [ -75.563843477121793, 6.28087634251531 ], [ -75.563927060295796, 6.281259957804192 ], [ -75.563956870165001, 6.28148394977551 ], [ -75.563706825181413, 6.28235855531887 ], [ -75.563451527797199, 6.283154262199329 ], [ -75.563387705237901, 6.283354163775357 ], [ -75.563357025943304, 6.283533511866469 ], [ -75.561233071976801, 6.28348010162757 ], [ -75.558236587683197, 6.283330749114443 ], [ -75.5581742035031, 6.28332800227149 ], [ -75.5581866270239, 6.282739521804779 ], [ -75.558218308618393, 6.28077437739663 ], [ -75.558319650291494, 6.279252318229862 ], [ -75.558393263951004, 6.2782427907935 ], [ -75.558523928872702, 6.278199555081791 ], [ -75.558679004027994, 6.27824977753977 ], [ -75.558889297950799, 6.278259900706818 ], [ -75.559073692678595, 6.278361675799359 ], [ -75.559348729245002, 6.27849729236076 ], [ -75.5595613764592, 6.278628215327461 ], [ -75.559750541292004, 6.278637423478601 ], [ -75.559991036263298, 6.27865427937803 ], [ -75.560190278606797, 6.27866930470795 ], [ -75.560396418260694, 6.278633648764709 ], [ -75.560750104635204, 6.27847579427284 ] ] ] } },
{ "type": "Feature", "properties": { "OBJECTID": 149, "BARRIO": "LA PINUELA", "area_total_ha": 20.260341190911802, "Alta": 0.86396160761219509, "Media": 0.68456769713754806, "Baja": 18.71181188616286, "high_share": 0.04264299398865716, "medhigh_share": 0.076431551184555968, "screening_score": 0.052103790003508829, "screening_rank": 64, "barrio_code": "0412", "comuna_code": "04", "comuna_name": "Aranjuez", "population_2026": 9218.0, "imcv_ampi_2023": 95.6, "population_match": "exact", "population_density_km2_2026": 45497.753039494353, "hazard_weighted_population_proxy_2026": 548.81457870333929, "exposure_component": 0.64845159057987267, "vulnerability_component": 0.66757082579867388, "priority_exposure": 0.64845159057987267, "priority_balanced": 0.65323139938457297, "priority_equity": 0.65705524642833324, "rank_exposure": 58.0, "rank_balanced": 61.0, "rank_equity": 59.0, "rank_hazard_only": 64 }, "geometry": { "type": "Polygon", "coordinates": [ [ [ -75.558393263951004, 6.2782427907935 ], [ -75.558319650291494, 6.279252318229862 ], [ -75.558218308618393, 6.28077437739663 ], [ -75.5581866270239, 6.282739521804779 ], [ -75.5581742035031, 6.28332800227149 ], [ -75.553154546656302, 6.283190177687519 ], [ -75.553098751654503, 6.2826681370493 ], [ -75.553078392060598, 6.28222588642367 ], [ -75.553036271151797, 6.281915219960208 ], [ -75.552943151017999, 6.281715760988531 ], [ -75.552924958345102, 6.281685610391952 ], [ -75.553222540337813, 6.281609754917849 ], [ -75.553444733515903, 6.28155749390366 ], [ -75.553712016017997, 6.281439831455678 ], [ -75.554053374978494, 6.281190436793659 ], [ -75.554315130709, 6.280896451127561 ], [ -75.554643119394399, 6.280542850073229 ], [ -75.555017403392398, 6.280195936399131 ], [ -75.555250270171001, 6.280004328246003 ], [ -75.555580949580204, 6.279892330678278 ], [ -75.555952096799501, 6.279861082691129 ], [ -75.556204696514001, 6.279888624388429 ], [ -75.556501231237306, 6.279799131725028 ], [ -75.556807361061203, 6.27954398931622 ], [ -75.556995022963406, 6.279376864154409 ], [ -75.557178701084695, 6.279224362342092 ], [ -75.557547063281206, 6.278918384537601 ], [ -75.558034703865303, 6.278456189250058 ], [ -75.558289733885999, 6.278276207255671 ], [ -75.558393263951004, 6.2782427907935 ] ] ] } },
{ "type": "Feature", "properties": { "OBJECTID": 150, "BARRIO": "MIRANDA", "area_total_ha": 24.017987392958162, "Alta": 1.4205075799817479, "Media": 0.4220443255336418, "Baja": 14.409098559997659, "high_share": 0.059143489283295519, "medhigh_share": 0.076715499736485324, "screening_score": 0.064063652210188671, "screening_rank": 59, "barrio_code": "0415", "comuna_code": "04", "comuna_name": "Aranjuez", "population_2026": 6090.0, "imcv_ampi_2023": 95.6, "population_match": "exact", "population_density_km2_2026": 25355.996322096198, "hazard_weighted_population_proxy_2026": 413.69062156523273, "exposure_component": 0.61946477008129341, "vulnerability_component": 0.66757082579867388, "priority_exposure": 0.61946477008129341, "priority_balanced": 0.63149128401063859, "priority_equity": 0.64111249515411473, "rank_exposure": 64.0, "rank_balanced": 64.0, "rank_equity": 62.0, "rank_hazard_only": 59 }, "geometry": { "type": "Polygon", "coordinates": [ [ [ -75.562002809404603, 6.270700695450828 ], [ -75.562223859182893, 6.270958246293021 ], [ -75.562375314173494, 6.271152666522123 ], [ -75.562462333934903, 6.271329734219168 ], [ -75.562544859580996, 6.27169679031614 ], [ -75.562722115038198, 6.272476658438128 ], [ -75.565141948018606, 6.272938417725523 ], [ -75.565012018316295, 6.273596400994407 ], [ -75.5646902465148, 6.275786439579119 ], [ -75.564564402769506, 6.276465844621012 ], [ -75.564533116653294, 6.276786459029892 ], [ -75.564500154615999, 6.276870337787602 ], [ -75.564460213293216, 6.276976643328392 ], [ -75.564341034738902, 6.277167932368153 ], [ -75.564156284076006, 6.277651681467491 ], [ -75.5640796705962, 6.27795294095862 ], [ -75.563825869425116, 6.277855261082588 ], [ -75.563545219108306, 6.277868720822782 ], [ -75.563220301730198, 6.277882307854332 ], [ -75.562912537541095, 6.27791338079389 ], [ -75.562444133708794, 6.278060843490498 ], [ -75.561326365732498, 6.278402069603472 ], [ -75.560750104635204, 6.27847579427284 ], [ -75.560893123229107, 6.277819722695377 ], [ -75.561163923880002, 6.276455987193401 ], [ -75.561389259997497, 6.275380756993994 ], [ -75.561454229977599, 6.274874940580878 ], [ -75.561480273372297, 6.27447834946875 ], [ -75.561521035455399, 6.273950192074671 ], [ -75.561601291486397, 6.27315693081631 ], [ -75.561966154768598, 6.270902467982719 ], [ -75.562002809404603, 6.270700695450828 ] ] ] } },
{ "type": "Feature", "properties": { "OBJECTID": 151, "BARRIO": "BRASILIA", "area_total_ha": 35.066775711860274, "Alta": 2.0235268052810604, "Media": 0.76177460137439945, "Baja": 32.281474305206942, "high_share": 0.057704957590288632, "medhigh_share": 0.079428500342944741, "screening_score": 0.063787549561032345, "screening_rank": 60, "barrio_code": "0414", "comuna_code": "04", "comuna_name": "Aranjuez", "population_2026": 11956.0, "imcv_ampi_2023": 95.6, "population_match": "exact", "population_density_km2_2026": 34094.951010726218, "hazard_weighted_population_proxy_2026": 819.78381152486907, "exposure_component": 0.68963034878794482, "vulnerability_component": 0.66757082579867388, "priority_exposure": 0.68963034878794482, "priority_balanced": 0.68411546804062706, "priority_equity": 0.67970356344277294, "rank_exposure": 52.0, "rank_balanced": 56.0, "rank_equity": 57.0, "rank_hazard_only": 60 }, "geometry": { "type": "Polygon", "coordinates": [ [ [ -75.558799224426096, 6.26986214812402 ], [ -75.5602061288714, 6.270025748242697 ], [ -75.562062215550796, 6.270362465122459 ], [ -75.562002809404603, 6.270700695450828 ], [ -75.561966154768598, 6.270902467982719 ], [ -75.561601291486397, 6.27315693081631 ], [ -75.561521035455399, 6.273950192074671 ], [ -75.561480273372297, 6.27447834946875 ], [ -75.561454229977599, 6.274874940580878 ], [ -75.561389259997497, 6.275380756993994 ], [ -75.561163923880002, 6.276455987193401 ], [ -75.560893123229107, 6.277819722695377 ], [ -75.560750104635204, 6.27847579427284 ], [ -75.560396418260694, 6.278633648764709 ], [ -75.560190278606797, 6.27866930470795 ], [ -75.559991036263298, 6.27865427937803 ], [ -75.559750541292004, 6.278637423478601 ], [ -75.5595613764592, 6.278628215327461 ], [ -75.559348729245002, 6.27849729236076 ], [ -75.559073692678595, 6.278361675799359 ], [ -75.558889297950799, 6.278259900706818 ], [ -75.558679004027994, 6.27824977753977 ], [ -75.558523928872702, 6.278199555081791 ], [ -75.558393263951004, 6.2782427907935 ], [ -75.558289733885999, 6.278276207255671 ], [ -75.558034703865303, 6.278456189250058 ], [ -75.557547063281206, 6.278918384537601 ], [ -75.557178701084695, 6.279224362342092 ], [ -75.5574560108534, 6.277667708160203 ], [ -75.557646832661305, 6.276837111198241 ], [ -75.557683606399294, 6.276677230746782 ], [ -75.558237306252295, 6.273596073999951 ], [ -75.558799224426096, 6.26986214812402 ] ] ] } },
{ "type": "Feature", "properties": { "OBJECTID": 152, "BARRIO": "LAS ESMERALDAS", "area_total_ha": 16.352046654681626, "Alta": 2.1232484743495976, "Media": 0.67711177102407116, "Baja": 13.55168640930825, "high_share": 0.12984603818640078, "medhigh_share": 0.17125441875937406, "screening_score": 0.14144038474683329, "screening_rank": 48, "barrio_code": "0411", "comuna_code": "04", "comuna_name": "Aranjuez", "population_2026": 8405.0, "imcv_ampi_2023": 95.6, "population_match": "exact", "population_density_km2_2026": 51400.293660449104, "hazard_weighted_population_proxy_2026": 1265.3746703146187, "exposure_component": 0.73419804092156926, "vulnerability_component": 0.66757082579867388, "priority_exposure": 0.73419804092156926, "priority_balanced": 0.71754123714084539, "priority_equity": 0.70421579411626634, "rank_exposure": 47.0, "rank_balanced": 48.0, "rank_equity": 54.0, "rank_hazard_only": 48 }, "geometry": { "type": "Polygon", "coordinates": [ [ [ -75.553524647375497, 6.277060136637429 ], [ -75.554966858801706, 6.2772499521187 ], [ -75.556386159840102, 6.277520691595091 ], [ -75.556568924091806, 6.2766862208042 ], [ -75.557646832661305, 6.276837111198241 ], [ -75.5574560108534, 6.277667708160203 ], [ -75.557178701084695, 6.279224362342092 ], [ -75.556995022963406, 6.279376864154409 ], [ -75.556807361061203, 6.27954398931622 ], [ -75.556501231237306, 6.279799131725028 ], [ -75.556204696514001, 6.279888624388429 ], [ -75.555952096799501, 6.279861082691129 ], [ -75.555580949580204, 6.279892330678278 ], [ -75.555250270171001, 6.280004328246003 ], [ -75.555017403392398, 6.280195936399131 ], [ -75.554643119394399, 6.280542850073229 ], [ -75.554315130709, 6.280896451127561 ], [ -75.554053374978494, 6.281190436793659 ], [ -75.553712016017997, 6.281439831455678 ], [ -75.553444733515903, 6.28155749390366 ], [ -75.553222540337813, 6.281609754917849 ], [ -75.552924958345102, 6.281685610391952 ], [ -75.552867341257198, 6.281589321192601 ], [ -75.552832522670201, 6.281371188022377 ], [ -75.552847015793404, 6.281158761206299 ], [ -75.5529296144163, 6.280837026965922 ], [ -75.553000824423293, 6.280400361250171 ], [ -75.553096174736297, 6.279962656413617 ], [ -75.553160150153701, 6.279457815334631 ], [ -75.553320103969114, 6.27873836952583 ], [ -75.553361956670003, 6.27823748711608 ], [ -75.553438050706205, 6.277749175434961 ], [ -75.553524647375497, 6.277060136637429 ] ] ] } },
{ "type": "Feature", "properties": { "OBJECTID": 153, "BARRIO": "LAS GRANJAS", "area_total_ha": 64.586489164082096, "Alta": 15.923218080648121, "Media": 5.2403660726877579, "Baja": 43.422905010747378, "high_share": 0.24654100705482157, "medhigh_share": 0.32767819442189766, "screening_score": 0.26925941951760285, "screening_rank": 37, "barrio_code": "0302", "comuna_code": "03", "comuna_name": "Manrique", "population_2026": 27361.0, "imcv_ampi_2023": 90.05, "population_match": "exact", "population_density_km2_2026": 42363.349291969302, "hazard_weighted_population_proxy_2026": 7855.6057858022577, "exposure_component": 0.92177809175603531, "vulnerability_component": 0.83484026522001198, "priority_exposure": 0.92177809175603531, "priority_balanced": 0.90004363512202945, "priority_equity": 0.88265606981482492, "rank_exposure": 10.0, "rank_balanced": 10.0, "rank_equity": 16.0, "rank_hazard_only": 37 }, "geometry": { "type": "Polygon", "coordinates": [ [ [ -75.543656773570902, 6.27473401526538 ], [ -75.544281967163599, 6.27488912314537 ], [ -75.545199134824799, 6.275122327057778 ], [ -75.546789413035995, 6.275376053774123 ], [ -75.547321847120301, 6.27545834833482 ], [ -75.547573435473709, 6.275484921930669 ], [ -75.547661377676604, 6.275633736038867 ], [ -75.547736483070196, 6.275868319891157 ], [ -75.547885650211796, 6.275965328053452 ], [ -75.548349864086404, 6.276116008988152 ], [ -75.549037371487302, 6.276248528404438 ], [ -75.549505350946404, 6.276306643940309 ], [ -75.550107175663399, 6.276378999891451 ], [ -75.552288347353198, 6.276752829574368 ], [ -75.553524647375497, 6.277060136637429 ], [ -75.553438050706205, 6.277749175434961 ], [ -75.553361956670003, 6.27823748711608 ], [ -75.553320103969114, 6.27873836952583 ], [ -75.553160150153701, 6.279457815334631 ], [ -75.553096174736297, 6.279962656413617 ], [ -75.553000824423293, 6.280400361250171 ], [ -75.5529296144163, 6.280837026965922 ], [ -75.552847015793404, 6.281158761206299 ], [ -75.552832522670201, 6.281371188022377 ], [ -75.552867341257198, 6.281589321192601 ], [ -75.552924958345102, 6.281685610391952 ], [ -75.552513184212103, 6.281581550385698 ], [ -75.552061421303094, 6.28156723371782 ], [ -75.551364362659498, 6.281618879263587 ], [ -75.551188849648398, 6.281814224432671 ], [ -75.550881358903297, 6.28194466269054 ], [ -75.550549620970401, 6.282038149151543 ], [ -75.550274774854003, 6.281970724204101 ], [ -75.5500397856798, 6.281765816682202 ], [ -75.549654881991799, 6.281556460611409 ], [ -75.549328585101193, 6.281438517871462 ], [ -75.549047785428499, 6.281400337214738 ], [ -75.548699092878806, 6.281547453403951 ], [ -75.548518275612395, 6.281645385071988 ], [ -75.548284237518899, 6.28177951428233 ], [ -75.548000120292897, 6.281993672008918 ], [ -75.547818493077997, 6.282161753306502 ], [ -75.5475269324359, 6.282232717222851 ], [ -75.547321475157815, 6.28215437980631 ], [ -75.547149197840596, 6.28206912783847 ], [ -75.5468841268208, 6.28189937736673 ], [ -75.546643247411197, 6.281746119949639 ], [ -75.546385489308321, 6.281672799658631 ], [ -75.546157211395894, 6.28170851264222 ], [ -75.545941314325304, 6.281854279835761 ], [ -75.545594871924905, 6.282087123397018 ], [ -75.545247230751897, 6.282250795939401 ], [ -75.544944776613093, 6.282384142489909 ], [ -75.544426105850505, 6.282549267621529 ], [ -75.543709360045796, 6.282757816009341 ], [ -75.543693752404593, 6.282572750788319 ], [ -75.543755420186997, 6.282319272730331 ], [ -75.543839123766404, 6.28203065963688 ], [ -75.543916871392796, 6.28177129085338 ], [ -75.544011470515301, 6.281421270291019 ], [ -75.5440971183816, 6.281108294785481 ], [ -75.544106080402102, 6.281075145501057 ], [ -75.544252001434003, 6.280729852345152 ], [ -75.544351609878703, 6.28037299595977 ], [ -75.544475027489995, 6.27989526768033 ], [ -75.544557583729301, 6.27955599694157 ], [ -75.544611825222802, 6.279165169023791 ], [ -75.544624608600301, 6.278699441460238 ], [ -75.544593144031396, 6.278240655732089 ], [ -75.544572636086002, 6.277741895855399 ], [ -75.544505748490096, 6.277207219008652 ], [ -75.544434414011505, 6.27688104433981 ], [ -75.544369273198498, 6.276611357909217 ], [ -75.544165984905703, 6.276228070526789 ], [ -75.544067466841497, 6.275895152114661 ], [ -75.544020042153306, 6.2758446225462 ], [ -75.543929225213702, 6.275747451328611 ], [ -75.543709349439396, 6.275548344736761 ], [ -75.543490541247607, 6.275371641090489 ], [ -75.543393560592705, 6.275228696692308 ], [ -75.543392027765904, 6.275039696008201 ], [ -75.543470126783305, 6.27490600579297 ], [ -75.543656773570902, 6.27473401526538 ] ] ] } },
{ "type": "Feature", "properties": { "OBJECTID": 154, "BARRIO": "CAMPO VALDES No.1", "area_total_ha": 37.760097210522453, "Alta": 0.0, "Media": 0.080438549694331604, "Baja": 37.679658660828792, "high_share": 0.0, "medhigh_share": 0.0021302527174616522, "screening_score": 0.00059647076088926272, "screening_rank": 84, "barrio_code": "0410", "comuna_code": "04", "comuna_name": "Aranjuez", "population_2026": 14520.0, "imcv_ampi_2023": 95.6, "population_match": "exact", "population_density_km2_2026": 38453.290835156462, "hazard_weighted_population_proxy_2026": 15.465634728771596, "exposure_component": 0.28789415726497963, "vulnerability_component": 0.66757082579867388, "priority_exposure": 0.28789415726497963, "priority_balanced": 0.38281332439840321, "priority_equity": 0.45874865810514209, "rank_exposure": 79.0, "rank_balanced": 80.0, "rank_equity": 78.0, "rank_hazard_only": 84 }, "geometry": { "type": "Polygon", "coordinates": [ [ [ -75.554904940815007, 6.269181402148259 ], [ -75.556216701660304, 6.269498238473309 ], [ -75.558443976571397, 6.269821258323119 ], [ -75.558799224426096, 6.26986214812402 ], [ -75.558237306252295, 6.273596073999951 ], [ -75.557683606399294, 6.276677230746782 ], [ -75.557646832661305, 6.276837111198241 ], [ -75.556568924091806, 6.2766862208042 ], [ -75.556386159840102, 6.277520691595091 ], [ -75.554966858801706, 6.2772499521187 ], [ -75.553524647375497, 6.277060136637429 ], [ -75.553704355380603, 6.275852537095179 ], [ -75.554177211787902, 6.273350311579968 ], [ -75.554632931582901, 6.27083741569764 ], [ -75.554844492507598, 6.269508920457461 ], [ -75.554904940815007, 6.269181402148259 ] ] ] } },
{ "type": "Feature", "properties": { "OBJECTID": 155, "BARRIO": "CAMPO VALDES No.2", "area_total_ha": 37.329825469660534, "Alta": 1.5842985468124371, "Media": 0.0, "Baja": 35.745526922850587, "high_share": 0.042440555959739508, "medhigh_share": 0.042440555959739508, "screening_score": 0.042440555959739508, "screening_rank": 66, "barrio_code": "0303", "comuna_code": "03", "comuna_name": "Manrique", "population_2026": 18685.0, "imcv_ampi_2023": 90.05, "population_match": "exact", "population_density_km2_2026": 50053.810230605173, "hazard_weighted_population_proxy_2026": 793.00178810773275, "exposure_component": 0.68622096906963237, "vulnerability_component": 0.83484026522001198, "priority_exposure": 0.68622096906963237, "priority_balanced": 0.72337579310722733, "priority_equity": 0.75309965233730325, "rank_exposure": 54.0, "rank_balanced": 47.0, "rank_equity": 45.0, "rank_hazard_only": 66 }, "geometry": { "type": "Polygon", "coordinates": [ [ [ -75.549171271750794, 6.269815174699448 ], [ -75.549319015512296, 6.269763125047721 ], [ -75.549656732305706, 6.269651114393088 ], [ -75.549964447763401, 6.269603487968951 ], [ -75.550827241173806, 6.269463698086428 ], [ -75.551620914793205, 6.26943029574984 ], [ -75.552031255783504, 6.269386276463771 ], [ -75.552477914079901, 6.269377228626 ], [ -75.552821015331205, 6.269391852775719 ], [ -75.553237540796303, 6.269400424719581 ], [ -75.553684322937997, 6.269436190596097 ], [ -75.553993527327904, 6.269560999163492 ], [ -75.554223209033594, 6.269669469496239 ], [ -75.554469505235616, 6.269603502111087 ], [ -75.554844492507598, 6.269508920457461 ], [ -75.554632931582901, 6.27083741569764 ], [ -75.554177211787902, 6.273350311579968 ], [ -75.553704355380603, 6.275852537095179 ], [ -75.553524647375497, 6.277060136637429 ], [ -75.552288347353198, 6.276752829574368 ], [ -75.550107175663399, 6.276378999891451 ], [ -75.549505350946404, 6.276306643940309 ], [ -75.550077229158902, 6.27323225394113 ], [ -75.550564049221506, 6.270321777886791 ], [ -75.549563740281201, 6.270214492448768 ], [ -75.549486816321405, 6.270048110561629 ], [ -75.549332542919998, 6.269923838594361 ], [ -75.549171271750794, 6.269815174699448 ] ] ] } },
{ "type": "Feature", "properties": { "OBJECTID": 156, "BARRIO": "SANTA INES", "area_total_ha": 36.192655788410548, "Alta": 6.9752672472830843, "Media": 1.8771213090624019, "Baja": 27.340267232062917, "high_share": 0.19272604055535139, "medhigh_share": 0.24459074261082989, "screening_score": 0.20724815713088535, "screening_rank": 42, "barrio_code": "0304", "comuna_code": "03", "comuna_name": "Manrique", "population_2026": 18399.0, "imcv_ampi_2023": 90.05, "population_match": "exact", "population_density_km2_2026": 50836.280453040548, "hazard_weighted_population_proxy_2026": 4023.0957467372846, "exposure_component": 0.85301767520223981, "vulnerability_component": 0.83484026522001198, "priority_exposure": 0.85301767520223981, "priority_balanced": 0.84847332270668285, "priority_equity": 0.84483784071023726, "rank_exposure": 26.0, "rank_balanced": 27.0, "rank_equity": 27.0, "rank_hazard_only": 42 }, "geometry": { "type": "Polygon", "coordinates": [ [ [ -75.549171271750794, 6.269815174699448 ], [ -75.549332542919998, 6.269923838594361 ], [ -75.549486816321405, 6.270048110561629 ], [ -75.549563740281201, 6.270214492448768 ], [ -75.550564049221506, 6.270321777886791 ], [ -75.550077229158902, 6.27323225394113 ], [ -75.549505350946404, 6.276306643940309 ], [ -75.549037371487302, 6.276248528404438 ], [ -75.548349864086404, 6.276116008988152 ], [ -75.547885650211796, 6.275965328053452 ], [ -75.547736483070196, 6.275868319891157 ], [ -75.547661377676604, 6.275633736038867 ], [ -75.547573435473709, 6.275484921930669 ], [ -75.547321847120301, 6.27545834833482 ], [ -75.546789413035995, 6.275376053774123 ], [ -75.545199134824799, 6.275122327057778 ], [ -75.544281967163599, 6.27488912314537 ], [ -75.543656773570902, 6.27473401526538 ], [ -75.543805277423701, 6.274593308700552 ], [ -75.543946537259998, 6.274380525776379 ], [ -75.544131352945101, 6.27391334241447 ], [ -75.544170986407195, 6.273694998742707 ], [ -75.544150863027298, 6.273333606660821 ], [ -75.544062358014699, 6.272983124068479 ], [ -75.543951054785694, 6.272754485679778 ], [ -75.543749288225698, 6.272555326747032 ], [ -75.543589120937597, 6.272481731373899 ], [ -75.543447127658297, 6.27243146581803 ], [ -75.543227617156802, 6.272362906998611 ], [ -75.543882321673394, 6.271917793875101 ], [ -75.544292230894698, 6.271717901086249 ], [ -75.544725174845397, 6.27147994808216 ], [ -75.545106793478197, 6.271236292637143 ], [ -75.545396046229996, 6.271061092932889 ], [ -75.545967215263403, 6.270965966985259 ], [ -75.546322424325297, 6.270992253394249 ], [ -75.546648581533503, 6.27106343585933 ], [ -75.546837779652407, 6.271085313515512 ], [ -75.547212498705505, 6.270893312260291 ], [ -75.547507579463897, 6.270644051696158 ], [ -75.548163293933996, 6.270202827262311 ], [ -75.548544077501703, 6.27002152498267 ], [ -75.548960154036706, 6.269869350032998 ], [ -75.549171271750794, 6.269815174699448 ] ] ] } },
{ "type": "Feature", "properties": { "OBJECTID": 157, "BARRIO": "PARQUE NORTE", "area_total_ha": 28.898959027403944, "Alta": 0.0, "Media": 0.0, "Baja": 0.0, "high_share": 0.0, "medhigh_share": 0.0, "screening_score": 0.0, "screening_rank": 87, "barrio_code": null, "comuna_code": null, "comuna_name": null, "population_2026": null, "imcv_ampi_2023": null, "population_match": "unmatched_or_nonresidential", "population_density_km2_2026": null, "hazard_weighted_population_proxy_2026": null, "exposure_component": null, "vulnerability_component": null, "priority_exposure": null, "priority_balanced": null, "priority_equity": null, "rank_exposure": null, "rank_balanced": null, "rank_equity": null, "rank_hazard_only": 87 }, "geometry": { "type": "Polygon", "coordinates": [ [ [ -75.565778255938696, 6.269202338100502 ], [ -75.566495160641495, 6.269416589510459 ], [ -75.567113388130096, 6.269600915210862 ], [ -75.569622475456796, 6.270322526272509 ], [ -75.571164753283895, 6.270685430327847 ], [ -75.570759549313905, 6.272536667585557 ], [ -75.570084383201603, 6.275684413678139 ], [ -75.569324389798396, 6.275533619397129 ], [ -75.569067723046402, 6.275489534208692 ], [ -75.568802925043002, 6.275416245113422 ], [ -75.568592439393001, 6.275337928297931 ], [ -75.568349499792603, 6.275168127594114 ], [ -75.568097290974606, 6.274922359921271 ], [ -75.567756035017794, 6.274494662199028 ], [ -75.567117512730206, 6.273896342138741 ], [ -75.566160792864096, 6.272841028343199 ], [ -75.565303115692103, 6.271943259412101 ], [ -75.56536147090452, 6.27158944269642 ], [ -75.5656044686028, 6.270359259143842 ], [ -75.565778255938696, 6.269202338100502 ] ] ] } },
{ "type": "Feature", "properties": { "OBJECTID": 158, "BARRIO": "JARDIN BOTANICO", "area_total_ha": 16.074380027416478, "Alta": 0.0, "Media": 0.0, "Baja": 6.2350063376376159, "high_share": 0.0, "medhigh_share": 0.0, "screening_score": 0.0, "screening_rank": 87, "barrio_code": null, "comuna_code": null, "comuna_name": null, "population_2026": null, "imcv_ampi_2023": null, "population_match": "unmatched_or_nonresidential", "population_density_km2_2026": null, "hazard_weighted_population_proxy_2026": null, "exposure_component": null, "vulnerability_component": null, "priority_exposure": null, "priority_balanced": null, "priority_equity": null, "rank_exposure": null, "rank_balanced": null, "rank_equity": null, "rank_hazard_only": 87 }, "geometry": { "type": "Polygon", "coordinates": [ [ [ -75.562072371887993, 6.267901492843962 ], [ -75.562719324357005, 6.268283516659669 ], [ -75.564191431819495, 6.268738220825412 ], [ -75.565778255938696, 6.269202338100502 ], [ -75.5656044686028, 6.270359259143842 ], [ -75.56536147090452, 6.27158944269642 ], [ -75.565303115692103, 6.271943259412101 ], [ -75.565279370772799, 6.272084591347909 ], [ -75.565231227255694, 6.272491962583548 ], [ -75.565141948018606, 6.272938417725523 ], [ -75.562722115038198, 6.272476658438128 ], [ -75.562544859580996, 6.27169679031614 ], [ -75.562462333934903, 6.271329734219168 ], [ -75.562375314173494, 6.271152666522123 ], [ -75.562223859182893, 6.270958246293021 ], [ -75.562002809404603, 6.270700695450828 ], [ -75.562062215550796, 6.270362465122459 ], [ -75.562131532455297, 6.269970623251452 ], [ -75.562162495498697, 6.269535048142667 ], [ -75.562164487625196, 6.269171647591389 ], [ -75.562087968976101, 6.268793857277729 ], [ -75.562062625114905, 6.2683691580891 ], [ -75.562072371887993, 6.267901492843962 ] ] ] } },
{ "type": "Feature", "properties": { "OBJECTID": 159, "BARRIO": "EL POMAR", "area_total_ha": 14.486842607911907, "Alta": 3.3517232508530062, "Media": 0.34659477423677021, "Baja": 10.788524582821715, "high_share": 0.23136326814391436, "medhigh_share": 0.25528806553540945, "screening_score": 0.23806221141353298, "screening_rank": 41, "barrio_code": "0306", "comuna_code": "03", "comuna_name": "Manrique", "population_2026": 4002.0, "imcv_ampi_2023": 90.05, "population_match": "exact", "population_density_km2_2026": 27625.067161386363, "hazard_weighted_population_proxy_2026": 973.7893186923269, "exposure_component": 0.70730327821701322, "vulnerability_component": 0.83484026522001198, "priority_exposure": 0.70730327821701322, "priority_balanced": 0.73918752496776285, "priority_equity": 0.76469492236836278, "rank_exposure": 49.0, "rank_balanced": 45.0, "rank_equity": 43.0, "rank_hazard_only": 41 }, "geometry": { "type": "Polygon", "coordinates": [ [ [ -75.550046751721496, 6.267738541532221 ], [ -75.550277234496505, 6.267773942583711 ], [ -75.550647159361404, 6.26766768610343 ], [ -75.550971733160793, 6.26753330393832 ], [ -75.551587826979699, 6.267316266534389 ], [ -75.551879619528293, 6.267331035060169 ], [ -75.552120139921001, 6.267358613867896 ], [ -75.552399973875794, 6.267414333745203 ], [ -75.552651672566, 6.267481825415608 ], [ -75.552845926976104, 6.267513430116851 ], [ -75.553199450353006, 6.267299076386169 ], [ -75.553455468907217, 6.267113250186102 ], [ -75.553716564270601, 6.266943972250117 ], [ -75.5539287040001, 6.266896611206499 ], [ -75.554208440821498, 6.266917258764162 ], [ -75.554472210866095, 6.266984714217439 ], [ -75.554706741651003, 6.267028871494371 ], [ -75.555267512552419, 6.267174405468809 ], [ -75.554955474401197, 6.268905548162932 ], [ -75.554904940815007, 6.269181402148259 ], [ -75.554844492507598, 6.269508920457461 ], [ -75.554469505235616, 6.269603502111087 ], [ -75.554223209033594, 6.269669469496239 ], [ -75.553993527327904, 6.269560999163492 ], [ -75.553684322937997, 6.269436190596097 ], [ -75.553237540796303, 6.269400424719581 ], [ -75.552821015331205, 6.269391852775719 ], [ -75.552477914079901, 6.269377228626 ], [ -75.552031255783504, 6.269386276463771 ], [ -75.551620914793205, 6.26943029574984 ], [ -75.550827241173806, 6.269463698086428 ], [ -75.549964447763401, 6.269603487968951 ], [ -75.549656732305706, 6.269651114393088 ], [ -75.549319015512296, 6.269763125047721 ], [ -75.549171271750794, 6.269815174699448 ], [ -75.549180787218503, 6.269620297719501 ], [ -75.549231290652401, 6.269332752255842 ], [ -75.549296803032902, 6.269015937545461 ], [ -75.549386685891307, 6.268779916056932 ], [ -75.549533897063, 6.268537889862249 ], [ -75.549832694075405, 6.268179503703248 ], [ -75.549951991639702, 6.268029133932469 ], [ -75.550002848514609, 6.267868240852526 ], [ -75.550046751721496, 6.267738541532221 ] ] ] } },
{ "type": "Feature", "properties": { "OBJECTID": 160, "BARRIO": "SAN JOSE LA CIMA No.2", "area_total_ha": 12.111778797175036, "Alta": 12.072131828387841, "Media": 0.039646968787451796, "Baja": 0.0, "high_share": 0.99672657753653471, "medhigh_share": 1.0, "screening_score": 0.99764313582630504, "screening_rank": 1, "barrio_code": "0315", "comuna_code": "03", "comuna_name": "Manrique", "population_2026": 2015.0, "imcv_ampi_2023": 90.05, "population_match": "exact", "population_density_km2_2026": 16636.697497067737, "hazard_weighted_population_proxy_2026": 2011.7020268680801, "exposure_component": 0.78181459594560276, "vulnerability_component": 0.83484026522001198, "priority_exposure": 0.78181459594560276, "priority_balanced": 0.79507101326420504, "priority_equity": 0.80567614711908697, "rank_exposure": 38.0, "rank_balanced": 34.0, "rank_equity": 35.0, "rank_hazard_only": 1 }, "geometry": { "type": "Polygon", "coordinates": [ [ [ -75.544020042153306, 6.2758446225462 ], [ -75.544067466841497, 6.275895152114661 ], [ -75.544165984905703, 6.276228070526789 ], [ -75.544369273198498, 6.276611357909217 ], [ -75.544434414011505, 6.27688104433981 ], [ -75.544505748490096, 6.277207219008652 ], [ -75.544572636086002, 6.277741895855399 ], [ -75.544593144031396, 6.278240655732089 ], [ -75.544624608600301, 6.278699441460238 ], [ -75.544611825222802, 6.279165169023791 ], [ -75.544557583729301, 6.27955599694157 ], [ -75.544475027489995, 6.27989526768033 ], [ -75.544351609878703, 6.28037299595977 ], [ -75.544252001434003, 6.280729852345152 ], [ -75.544106080402102, 6.281075145501057 ], [ -75.5440971183816, 6.281108294785481 ], [ -75.543671342661199, 6.281033494082438 ], [ -75.543190274539597, 6.280973462038282 ], [ -75.542536422433301, 6.280645992182238 ], [ -75.542318693713199, 6.280496564061268 ], [ -75.542014073388003, 6.280213907598843 ], [ -75.542023918670196, 6.280136914714578 ], [ -75.542151044449113, 6.279545187241652 ], [ -75.542223668969498, 6.279251734132009 ], [ -75.542282974714496, 6.278872583021331 ], [ -75.542256397784797, 6.278361176104612 ], [ -75.542254415200702, 6.278011423456162 ], [ -75.542274882967703, 6.2777746221882 ], [ -75.542284144298904, 6.277488166635251 ], [ -75.542323793986199, 6.277275668595287 ], [ -75.543214148410001, 6.276551258819031 ], [ -75.544020042153306, 6.2758446225462 ] ] ] } },
{ "type": "Feature", "properties": { "OBJECTID": 161, "BARRIO": "ORIENTE", "area_total_ha": 43.668605205916634, "Alta": 34.754277239538332, "Media": 4.8254936423588601, "Baja": 4.0888343240160578, "high_share": 0.7958641471523229, "medhigh_share": 0.90636672949047037, "screening_score": 0.82680487020700422, "screening_rank": 8, "barrio_code": "0312", "comuna_code": "03", "comuna_name": "Manrique", "population_2026": 4549.0, "imcv_ampi_2023": 90.05, "population_match": "exact", "population_density_km2_2026": 10417.094795103872, "hazard_weighted_population_proxy_2026": 3871.7241289240337, "exposure_component": 0.84907716505343356, "vulnerability_component": 0.83484026522001198, "priority_exposure": 0.84907716505343356, "priority_balanced": 0.84551794009507819, "priority_equity": 0.84267056012839392, "rank_exposure": 27.0, "rank_balanced": 30.0, "rank_equity": 29.0, "rank_hazard_only": 8 }, "geometry": { "type": "Polygon", "coordinates": [ [ [ -75.542158585430798, 6.272507157679179 ], [ -75.542246051944403, 6.272485480039371 ], [ -75.542526575539796, 6.272426242052101 ], [ -75.543067517520001, 6.272313667740211 ], [ -75.543227617156802, 6.272362906998611 ], [ -75.543447127658297, 6.27243146581803 ], [ -75.543589120937597, 6.272481731373899 ], [ -75.543749288225698, 6.272555326747032 ], [ -75.543951054785694, 6.272754485679778 ], [ -75.544062358014699, 6.272983124068479 ], [ -75.544150863027298, 6.273333606660821 ], [ -75.544170986407195, 6.273694998742707 ], [ -75.544131352945101, 6.27391334241447 ], [ -75.543946537259998, 6.274380525776379 ], [ -75.543805277423701, 6.274593308700552 ], [ -75.543656773570902, 6.27473401526538 ], [ -75.543470126783305, 6.27490600579297 ], [ -75.543392027765904, 6.275039696008201 ], [ -75.543393560592705, 6.275228696692308 ], [ -75.543490541247607, 6.275371641090489 ], [ -75.543709349439396, 6.275548344736761 ], [ -75.543929225213702, 6.275747451328611 ], [ -75.544020042153306, 6.2758446225462 ], [ -75.543214148410001, 6.276551258819031 ], [ -75.542323793986199, 6.277275668595287 ], [ -75.542152144685701, 6.277414492310082 ], [ -75.53973556116442, 6.27921288856135 ], [ -75.538807554767999, 6.28014881193294 ], [ -75.538799128492101, 6.280013413517561 ], [ -75.538357039118395, 6.279860712915467 ], [ -75.538174723388195, 6.279782305641411 ], [ -75.537874137110904, 6.27950255724439 ], [ -75.537777078137594, 6.27933135842598 ], [ -75.537650076772593, 6.279245978430078 ], [ -75.537431476606599, 6.279144289679708 ], [ -75.537216725475204, 6.279340713751379 ], [ -75.536971698669404, 6.279504095657781 ], [ -75.536806002218, 6.27961367411295 ], [ -75.536656899051096, 6.279540046023139 ], [ -75.536563386209394, 6.279196393802748 ], [ -75.5365990479945, 6.27863414808377 ], [ -75.5365264375896, 6.27820957492721 ], [ -75.536254295380701, 6.277665722375901 ], [ -75.536052685889601, 6.277523068142141 ], [ -75.535858200540105, 6.277409620953931 ], [ -75.535662438527908, 6.277198750879893 ], [ -75.535804005243904, 6.277095085321539 ], [ -75.536310108808806, 6.27675171453377 ], [ -75.536543926176293, 6.276537703193219 ], [ -75.536690296027004, 6.276352186702722 ], [ -75.536792450621107, 6.276185304072968 ], [ -75.536503846001395, 6.275871422381061 ], [ -75.536200631759897, 6.27573099912011 ], [ -75.535838183813993, 6.275635553880032 ], [ -75.5355179593125, 6.275528302153317 ], [ -75.535048778409404, 6.275400028867501 ], [ -75.534742401537002, 6.275207003142413 ], [ -75.535383154078616, 6.275168201757399 ], [ -75.535876033361802, 6.275135656678942 ], [ -75.536503834254205, 6.2751426792824 ], [ -75.536876117288699, 6.275157231702033 ], [ -75.537253301515904, 6.27512598039957 ], [ -75.537590259551493, 6.275099712998888 ], [ -75.537852738031802, 6.275062934691118 ], [ -75.53822261014632, 6.27493427856666 ], [ -75.538725163964202, 6.27476335874603 ], [ -75.539313328653407, 6.274627272597948 ], [ -75.539653688600794, 6.274377889389238 ], [ -75.540018303676305, 6.27416838346011 ], [ -75.540399893053007, 6.273912066107602 ], [ -75.5406815991511, 6.273554702950181 ], [ -75.540943328011494, 6.273249032459579 ], [ -75.541215179005405, 6.272965741041771 ], [ -75.541533544887599, 6.272767079771269 ], [ -75.541869031904298, 6.272575188406238 ], [ -75.542158585430798, 6.272507157679179 ] ] ] } },
{ "type": "Feature", "properties": { "OBJECTID": 162, "BARRIO": "LA CRUZ", "area_total_ha": 81.193776360357035, "Alta": 79.287000291202048, "Media": 1.6540294285336989, "Baja": 0.252746640621546, "high_share": 0.97651573612376064, "medhigh_share": 0.99688711805324171, "screening_score": 0.98221972306401528, "screening_rank": 3, "barrio_code": "0311", "comuna_code": "03", "comuna_name": "Manrique", "population_2026": 10128.0, "imcv_ampi_2023": 90.05, "population_match": "exact", "population_density_km2_2026": 12473.862473214152, "hazard_weighted_population_proxy_2026": 9993.3120535523394, "exposure_component": 0.94651147776924538, "vulnerability_component": 0.83484026522001198, "priority_exposure": 0.94651147776924538, "priority_balanced": 0.91859367463193697, "priority_equity": 0.89625943212209036, "rank_exposure": 4.0, "rank_balanced": 6.0, "rank_equity": 11.0, "rank_hazard_only": 3 }, "geometry": { "type": "Polygon", "coordinates": [ [ [ -75.531744363534401, 6.26612256774894 ], [ -75.5324360197516, 6.2663047887921 ], [ -75.532882918596101, 6.266382465677218 ], [ -75.533712231608703, 6.266502924670818 ], [ -75.534193219312215, 6.266538612954498 ], [ -75.534678297159203, 6.266597671301739 ], [ -75.535079702527099, 6.26659558468515 ], [ -75.535451068455401, 6.266644241801292 ], [ -75.535789409628194, 6.266756316508172 ], [ -75.536024086177605, 6.26685308973295 ], [ -75.536379640185601, 6.26700506138581 ], [ -75.536713080055094, 6.267162940569991 ], [ -75.537108940438799, 6.267338180811139 ], [ -75.537526714289598, 6.26743347061442 ], [ -75.537887202165393, 6.26755035286527 ], [ -75.538260803635694, 6.267679864983121 ], [ -75.538792368333915, 6.267813808074362 ], [ -75.539169770868298, 6.267862446370129 ], [ -75.539610506589298, 6.267894344230021 ], [ -75.540153836866693, 6.267918162363319 ], [ -75.540313860990395, 6.26794109846535 ], [ -75.540405443045699, 6.267952534346332 ], [ -75.540355408963507, 6.26804912612472 ], [ -75.540447326785696, 6.26818136836859 ], [ -75.540796750605907, 6.268298279200171 ], [ -75.541518615675898, 6.268489170609707 ], [ -75.5419315809811, 6.268664359317849 ], [ -75.542094479146797, 6.268996126001181 ], [ -75.542096314563807, 6.269294241370792 ], [ -75.542075923535407, 6.269558322782228 ], [ -75.542158533156098, 6.269960458799988 ], [ -75.542366490899298, 6.270216107451702 ], [ -75.542545502080102, 6.270553673954458 ], [ -75.542663115211496, 6.270880695490223 ], [ -75.5426707989091, 6.271110596305019 ], [ -75.542556736568102, 6.271335968387011 ], [ -75.542450815621393, 6.271594441927409 ], [ -75.542343874394106, 6.271848045490138 ], [ -75.542186775953198, 6.272153424993679 ], [ -75.542158585430798, 6.272507157679179 ], [ -75.541869031904298, 6.272575188406238 ], [ -75.541533544887599, 6.272767079771269 ], [ -75.541215179005405, 6.272965741041771 ], [ -75.540943328011494, 6.273249032459579 ], [ -75.5406815991511, 6.273554702950181 ], [ -75.540399893053007, 6.273912066107602 ], [ -75.540018303676305, 6.27416838346011 ], [ -75.539653688600794, 6.274377889389238 ], [ -75.539313328653407, 6.274627272597948 ], [ -75.538725163964202, 6.27476335874603 ], [ -75.53822261014632, 6.27493427856666 ], [ -75.537852738031802, 6.275062934691118 ], [ -75.537590259551493, 6.275099712998888 ], [ -75.537253301515904, 6.27512598039957 ], [ -75.536876117288699, 6.275157231702033 ], [ -75.536503834254205, 6.2751426792824 ], [ -75.535876033361802, 6.275135656678942 ], [ -75.535383154078616, 6.275168201757399 ], [ -75.534742401537002, 6.275207003142413 ], [ -75.534623481581406, 6.2751332900201 ], [ -75.534343661565899, 6.275084380269742 ], [ -75.534131386326706, 6.275085943576371 ], [ -75.533805314481995, 6.27504690439257 ], [ -75.533491541492893, 6.275089667538968 ], [ -75.533159819292194, 6.275189963021461 ], [ -75.532989992019907, 6.275260580064629 ], [ -75.532851861663104, 6.27515282007697 ], [ -75.532901798308799, 6.275020183456682 ], [ -75.533185965401103, 6.274822594285939 ], [ -75.533527572152906, 6.274658946770088 ], [ -75.534404681381304, 6.274232710068841 ], [ -75.53496801692441, 6.273849237054919 ], [ -75.535064278718394, 6.273734008119419 ], [ -75.535062781265097, 6.273556696214627 ], [ -75.5349818514525, 6.27339617053895 ], [ -75.534842478333601, 6.273202680009699 ], [ -75.534686988409504, 6.273001439632802 ], [ -75.534553492416705, 6.27275045232369 ], [ -75.534489333972004, 6.272470043897569 ], [ -75.534419230671006, 6.27222277737 ], [ -75.5343236947988, 6.271874258384431 ], [ -75.534219214667715, 6.27156473454774 ], [ -75.534073755412393, 6.271352749473819 ], [ -75.533930594368002, 6.271244030110791 ], [ -75.533719155005997, 6.271183239079907 ], [ -75.533455540493506, 6.271173253039909 ], [ -75.533267445575305, 6.271186439194481 ], [ -75.533079538286998, 6.271267823534862 ], [ -75.532901551748097, 6.271298518574259 ], [ -75.532804481948503, 6.271121473394947 ], [ -75.532978497477998, 6.270746876992792 ], [ -75.533189348718494, 6.270595281253149 ], [ -75.533232037260106, 6.270388621136652 ], [ -75.533135137878205, 6.270273926511931 ], [ -75.532978758842205, 6.270114582353391 ], [ -75.532818450726097, 6.269989346754098 ], [ -75.532680034661993, 6.2697773421896 ], [ -75.532620061682806, 6.269554402671228 ], [ -75.532594770044398, 6.269140414185359 ], [ -75.532442931227095, 6.268803741734533 ], [ -75.532166691441503, 6.268593092103311 ], [ -75.532029567107401, 6.268484354324701 ], [ -75.531897510400597, 6.268388269497129 ], [ -75.531799430566295, 6.268210251300199 ], [ -75.531887041608201, 6.267876812345362 ], [ -75.531840129696405, 6.267647991398199 ], [ -75.531747207967399, 6.2675157497798 ], [ -75.531394142847404, 6.267536212670248 ], [ -75.531161109567506, 6.267670330443488 ], [ -75.5309441577717, 6.26779855880805 ], [ -75.530686485800103, 6.267753480338207 ], [ -75.530750499137994, 6.267254483264441 ], [ -75.530801139736994, 6.267012727540282 ], [ -75.530815786475301, 6.266851933884901 ], [ -75.530683299226894, 6.266599967384949 ], [ -75.530523178972103, 6.266542928815447 ], [ -75.530368349084611, 6.26657940451599 ], [ -75.530175349315599, 6.266637419732092 ], [ -75.5299459458341, 6.266628310939368 ], [ -75.529785952389503, 6.2666170623059 ], [ -75.529573302110705, 6.266481254496158 ], [ -75.529572907071298, 6.266338039760521 ], [ -75.529789027672294, 6.266273140419582 ], [ -75.530280625478795, 6.26614317968497 ], [ -75.530942635412103, 6.266154989091997 ], [ -75.531531207053902, 6.266167974287692 ], [ -75.531744363534401, 6.26612256774894 ] ] ] } },
{ "type": "Feature", "properties": { "OBJECTID": 163, "BARRIO": "EL RAIZAL", "area_total_ha": 34.516372516049863, "Alta": 11.38109636080959, "Media": 0.45717403889130781, "Baja": 22.678102116347223, "high_share": 0.32973037231874419, "medhigh_share": 0.34297550804900451, "screening_score": 0.3334390103232171, "screening_rank": 33, "barrio_code": "0305", "comuna_code": "03", "comuna_name": "Manrique", "population_2026": 13624.0, "imcv_ampi_2023": 90.05, "population_match": "exact", "population_density_km2_2026": 39471.123431829168, "hazard_weighted_population_proxy_2026": 4582.4724570651042, "exposure_component": 0.8663942042936531, "vulnerability_component": 0.83484026522001198, "priority_exposure": 0.8663942042936531, "priority_balanced": 0.85850571952524279, "priority_equity": 0.85219493171051464, "rank_exposure": 23.0, "rank_balanced": 24.0, "rank_equity": 23.0, "rank_hazard_only": 33 }, "geometry": { "type": "Polygon", "coordinates": [ [ [ -75.546510753008903, 6.26710153772902 ], [ -75.546835695173598, 6.26709868074285 ], [ -75.548316908860599, 6.26721436862019 ], [ -75.548655157373005, 6.267292335922719 ], [ -75.548987240110407, 6.267324530173804 ], [ -75.549278236733414, 6.267414321126512 ], [ -75.549554207816797, 6.267527535273869 ], [ -75.549765727236107, 6.26761754811105 ], [ -75.550030647795694, 6.267735663505607 ], [ -75.550046751721496, 6.267738541532221 ], [ -75.550002848514609, 6.267868240852526 ], [ -75.549951991639702, 6.268029133932469 ], [ -75.549832694075405, 6.268179503703248 ], [ -75.549533897063, 6.268537889862249 ], [ -75.549386685891307, 6.268779916056932 ], [ -75.549296803032902, 6.269015937545461 ], [ -75.549231290652401, 6.269332752255842 ], [ -75.549180787218503, 6.269620297719501 ], [ -75.549171271750794, 6.269815174699448 ], [ -75.548960154036706, 6.269869350032998 ], [ -75.548544077501703, 6.27002152498267 ], [ -75.548163293933996, 6.270202827262311 ], [ -75.547507579463897, 6.270644051696158 ], [ -75.547212498705505, 6.270893312260291 ], [ -75.546837779652407, 6.271085313515512 ], [ -75.546648581533503, 6.27106343585933 ], [ -75.546322424325297, 6.270992253394249 ], [ -75.545967215263403, 6.270965966985259 ], [ -75.545396046229996, 6.271061092932889 ], [ -75.545106793478197, 6.271236292637143 ], [ -75.544725174845397, 6.27147994808216 ], [ -75.544292230894698, 6.271717901086249 ], [ -75.543882321673394, 6.271917793875101 ], [ -75.543227617156802, 6.272362906998611 ], [ -75.543067517520001, 6.272313667740211 ], [ -75.542526575539796, 6.272426242052101 ], [ -75.542246051944403, 6.272485480039371 ], [ -75.542158585430798, 6.272507157679179 ], [ -75.542186775953198, 6.272153424993679 ], [ -75.542343874394106, 6.271848045490138 ], [ -75.542450815621393, 6.271594441927409 ], [ -75.542556736568102, 6.271335968387011 ], [ -75.5426707989091, 6.271110596305019 ], [ -75.542663115211496, 6.270880695490223 ], [ -75.542545502080102, 6.270553673954458 ], [ -75.542366490899298, 6.270216107451702 ], [ -75.542158533156098, 6.269960458799988 ], [ -75.542075923535407, 6.269558322782228 ], [ -75.542096314563807, 6.269294241370792 ], [ -75.542094479146797, 6.268996126001181 ], [ -75.5419315809811, 6.268664359317849 ], [ -75.541518615675898, 6.268489170609707 ], [ -75.540796750605907, 6.268298279200171 ], [ -75.540447326785696, 6.26818136836859 ], [ -75.540355408963507, 6.26804912612472 ], [ -75.540405443045699, 6.267952534346332 ], [ -75.540652011501095, 6.267983998601392 ], [ -75.540926754720005, 6.268017331380308 ], [ -75.541080783405221, 6.268054899471391 ], [ -75.541326220323498, 6.26804154947459 ], [ -75.541538445602498, 6.268023422260141 ], [ -75.541835174732995, 6.26800408299306 ], [ -75.542184264229505, 6.268001162128397 ], [ -75.543210628664795, 6.267711869170761 ], [ -75.544419990483803, 6.267386989903311 ], [ -75.545360858331605, 6.267104751361272 ], [ -75.546510753008903, 6.26710153772902 ] ] ] } },
{ "type": "Feature", "properties": { "OBJECTID": 164, "BARRIO": "VERSALES No.2", "area_total_ha": 44.366970409920633, "Alta": 43.912148729359693, "Media": 0.34787523939574738, "Baja": 0.10694644116502171, "high_share": 0.98974864237159543, "medhigh_share": 0.99758950317821837, "screening_score": 0.99194408339744988, "screening_rank": 2, "barrio_code": "0310", "comuna_code": "03", "comuna_name": "Manrique", "population_2026": 5462.0, "imcv_ampi_2023": 90.05, "population_match": "fuzzy_name_variant", "population_density_km2_2026": 12310.960044228477, "hazard_weighted_population_proxy_2026": 5427.4204754965413, "exposure_component": 0.88378242310034727, "vulnerability_component": 0.83484026522001198, "priority_exposure": 0.88378242310034727, "priority_balanced": 0.87154688363026345, "priority_equity": 0.86175845205419643, "rank_exposure": 19.0, "rank_balanced": 21.0, "rank_equity": 20.0, "rank_hazard_only": 2 }, "geometry": { "type": "Polygon", "coordinates": [ [ [ -75.541417408753802, 6.261039329126551 ], [ -75.541630797277193, 6.261441102561489 ], [ -75.541587266823001, 6.261705246419408 ], [ -75.541475457074, 6.262016345233791 ], [ -75.541495481375406, 6.26234363955913 ], [ -75.541570344995804, 6.262493466318609 ], [ -75.541588992354207, 6.26268729098677 ], [ -75.541516110353996, 6.262888189197951 ], [ -75.541455560476606, 6.263182583014479 ], [ -75.541452479344997, 6.263521632448682 ], [ -75.541534700231395, 6.2637844524463 ], [ -75.541673087072397, 6.26398573764798 ], [ -75.541795832766596, 6.264350741372162 ], [ -75.541851326295799, 6.264770488548791 ], [ -75.541744736027596, 6.265149770942419 ], [ -75.541592557106597, 6.265415191324503 ], [ -75.541389214857816, 6.26573336506531 ], [ -75.541272341178995, 6.266032786866101 ], [ -75.541238788881302, 6.266267676154739 ], [ -75.5412233173126, 6.266491796618151 ], [ -75.541242032671803, 6.266709978538869 ], [ -75.541302185669693, 6.266996241381481 ], [ -75.541417512901404, 6.2672258436644 ], [ -75.541516551753318, 6.267386319897347 ], [ -75.541432654362197, 6.267605760803848 ], [ -75.541277853573106, 6.267651983000682 ], [ -75.541010396649995, 6.26770631086364 ], [ -75.540672674846903, 6.267817344276018 ], [ -75.540433465637719, 6.267899847088712 ], [ -75.540405443045699, 6.267952534346332 ], [ -75.540313860990395, 6.26794109846535 ], [ -75.540153836866693, 6.267918162363319 ], [ -75.539610506589298, 6.267894344230021 ], [ -75.539169770868298, 6.267862446370129 ], [ -75.538792368333915, 6.267813808074362 ], [ -75.538260803635694, 6.267679864983121 ], [ -75.537887202165393, 6.26755035286527 ], [ -75.537526714289598, 6.26743347061442 ], [ -75.537108940438799, 6.267338180811139 ], [ -75.536713080055094, 6.267162940569991 ], [ -75.536379640185601, 6.26700506138581 ], [ -75.536024086177605, 6.26685308973295 ], [ -75.535789409628194, 6.266756316508172 ], [ -75.535451068455401, 6.266644241801292 ], [ -75.535079702527099, 6.26659558468515 ], [ -75.534678297159203, 6.266597671301739 ], [ -75.534193219312215, 6.266538612954498 ], [ -75.533712231608703, 6.266502924670818 ], [ -75.532882918596101, 6.266382465677218 ], [ -75.5324360197516, 6.2663047887921 ], [ -75.531744363534401, 6.26612256774894 ], [ -75.531833846340902, 6.266102835249387 ], [ -75.532052091787506, 6.266078849631292 ], [ -75.532348706003006, 6.266017623532308 ], [ -75.532735692916006, 6.265894770915862 ], [ -75.533390809706702, 6.26559678150532 ], [ -75.535054604105696, 6.264798150065292 ], [ -75.535754782854397, 6.264425990704138 ], [ -75.536034118419707, 6.26430245926147 ], [ -75.536330736147605, 6.26424318073181 ], [ -75.536621235738806, 6.264154690872842 ], [ -75.536872470893101, 6.264055593114571 ], [ -75.537020068206502, 6.26395093933939 ], [ -75.537155258117394, 6.263725510152243 ], [ -75.537217075794899, 6.263524640983271 ], [ -75.537339808739006, 6.263160903242261 ], [ -75.5373844615671, 6.262937674415502 ], [ -75.537467197867002, 6.262661729682148 ], [ -75.537556986797199, 6.26238966292544 ], [ -75.537709107740497, 6.2621028097408 ], [ -75.537827081751701, 6.261836509556761 ], [ -75.537866941952203, 6.261699030035158 ], [ -75.537921713646298, 6.26149720597722 ], [ -75.537915201804196, 6.261325754693501 ], [ -75.537884255864697, 6.261050126984348 ], [ -75.538460729388305, 6.261056319206071 ], [ -75.538845250477493, 6.261134165985982 ], [ -75.539685175226595, 6.261093835102674 ], [ -75.540827938267995, 6.261062404066967 ], [ -75.541417408753802, 6.261039329126551 ] ] ] } },
{ "type": "Feature", "properties": { "OBJECTID": 165, "BARRIO": "VERSALES No.1", "area_total_ha": 39.821485584959611, "Alta": 19.85449451676708, "Media": 1.3972291853023675, "Baja": 18.569761882892976, "high_share": 0.49858748926900981, "medhigh_share": 0.53367480870919903, "screening_score": 0.50841193871226276, "screening_rank": 24, "barrio_code": "0309", "comuna_code": "03", "comuna_name": "Manrique", "population_2026": 19061.0, "imcv_ampi_2023": 90.05, "population_match": "fuzzy_name_variant", "population_density_km2_2026": 47866.119809450938, "hazard_weighted_population_proxy_2026": 9837.975830881318, "exposure_component": 0.94490159617955372, "vulnerability_component": 0.83484026522001198, "priority_exposure": 0.94490159617955372, "priority_balanced": 0.91738626343966834, "priority_equity": 0.89537399724776001, "rank_exposure": 5.0, "rank_balanced": 7.0, "rank_equity": 12.0, "rank_hazard_only": 24 }, "geometry": { "type": "Polygon", "coordinates": [ [ [ -75.541417408753802, 6.261039329126551 ], [ -75.542097409282505, 6.261012105152908 ], [ -75.542690906199397, 6.260989992068849 ], [ -75.543090277910395, 6.260982059494821 ], [ -75.543577314260503, 6.261024543916632 ], [ -75.543874310390393, 6.26110263040084 ], [ -75.545049154425101, 6.2613926035741 ], [ -75.545948081070804, 6.26158689282281 ], [ -75.546393919373202, 6.261647026277552 ], [ -75.546691745117002, 6.261661781478441 ], [ -75.546706810958895, 6.26165297193825 ], [ -75.546760290362599, 6.262431248986631 ], [ -75.546741292769894, 6.262833669910211 ], [ -75.546709197489321, 6.263229304966582 ], [ -75.546707208460404, 6.2635975774929 ], [ -75.546714285462414, 6.263970696274209 ], [ -75.546763276219806, 6.264221916123488 ], [ -75.546867553617403, 6.264456419821899 ], [ -75.546811636536802, 6.264607585775511 ], [ -75.546641414475502, 6.26489546540519 ], [ -75.546409876035497, 6.265202027966291 ], [ -75.546394323492393, 6.265396921977421 ], [ -75.546572659051805, 6.26549287333956 ], [ -75.546579217019897, 6.266399884182411 ], [ -75.546510753008903, 6.26710153772902 ], [ -75.545360858331605, 6.267104751361272 ], [ -75.544419990483803, 6.267386989903311 ], [ -75.543210628664795, 6.267711869170761 ], [ -75.542184264229505, 6.268001162128397 ], [ -75.541835174732995, 6.26800408299306 ], [ -75.541538445602498, 6.268023422260141 ], [ -75.541326220323498, 6.26804154947459 ], [ -75.541080783405221, 6.268054899471391 ], [ -75.540926754720005, 6.268017331380308 ], [ -75.540652011501095, 6.267983998601392 ], [ -75.540405443045699, 6.267952534346332 ], [ -75.540433465637719, 6.267899847088712 ], [ -75.540672674846903, 6.267817344276018 ], [ -75.541010396649995, 6.26770631086364 ], [ -75.541277853573106, 6.267651983000682 ], [ -75.541432654362197, 6.267605760803848 ], [ -75.541516551753318, 6.267386319897347 ], [ -75.541417512901404, 6.2672258436644 ], [ -75.541302185669693, 6.266996241381481 ], [ -75.541242032671803, 6.266709978538869 ], [ -75.5412233173126, 6.266491796618151 ], [ -75.541238788881302, 6.266267676154739 ], [ -75.541272341178995, 6.266032786866101 ], [ -75.541389214857816, 6.26573336506531 ], [ -75.541592557106597, 6.265415191324503 ], [ -75.541744736027596, 6.265149770942419 ], [ -75.541851326295799, 6.264770488548791 ], [ -75.541795832766596, 6.264350741372162 ], [ -75.541673087072397, 6.26398573764798 ], [ -75.541534700231395, 6.2637844524463 ], [ -75.541452479344997, 6.263521632448682 ], [ -75.541455560476606, 6.263182583014479 ], [ -75.541516110353996, 6.262888189197951 ], [ -75.541588992354207, 6.26268729098677 ], [ -75.541570344995804, 6.262493466318609 ], [ -75.541495481375406, 6.26234363955913 ], [ -75.541475457074, 6.262016345233791 ], [ -75.541587266823001, 6.261705246419408 ], [ -75.541630797277193, 6.261441102561489 ], [ -75.541417408753802, 6.261039329126551 ] ] ] } },
{ "type": "Feature", "properties": { "OBJECTID": 166, "BARRIO": "MANRIQUE ORIENTAL", "area_total_ha": 38.299767279098695, "Alta": 1.91135545389797, "Media": 0.63642676734799075, "Baja": 35.75198505785275, "high_share": 0.049905145375153566, "medhigh_share": 0.066522133220280957, "screening_score": 0.054557901971789238, "screening_rank": 63, "barrio_code": "0308", "comuna_code": "03", "comuna_name": "Manrique", "population_2026": 14111.0, "imcv_ampi_2023": 90.05, "population_match": "exact", "population_density_km2_2026": 36843.565907777163, "hazard_weighted_population_proxy_2026": 821.45266413008835, "exposure_component": 0.68983909811924016, "vulnerability_component": 0.83484026522001198, "priority_exposure": 0.68983909811924016, "priority_balanced": 0.72608938989443317, "priority_equity": 0.75508962331458751, "rank_exposure": 51.0, "rank_balanced": 46.0, "rank_equity": 44.0, "rank_hazard_only": 63 }, "geometry": { "type": "Polygon", "coordinates": [ [ [ -75.546706810958895, 6.26165297193825 ], [ -75.546822315690719, 6.261585424889589 ], [ -75.546969785063098, 6.261435953495959 ], [ -75.547036593153308, 6.261222404857519 ], [ -75.547046044138099, 6.261004146863669 ], [ -75.547165280242197, 6.260831369182168 ], [ -75.547555835256603, 6.260909193360058 ], [ -75.547852780029203, 6.26096876608293 ], [ -75.548081051065608, 6.260934028838501 ], [ -75.548311840372605, 6.261080495205502 ], [ -75.548285801733101, 6.261482934553359 ], [ -75.548281672055197, 6.261805424184759 ], [ -75.5487114296524, 6.261870470587469 ], [ -75.549588495478204, 6.262162239027699 ], [ -75.550246760589403, 6.262277306122529 ], [ -75.550641328562406, 6.262350243787142 ], [ -75.5508987685688, 6.262313474576359 ], [ -75.551147552550802, 6.262059472619966 ], [ -75.551426625748206, 6.26184435605479 ], [ -75.551693774291195, 6.26168188092761 ], [ -75.552171938339995, 6.261430158325 ], [ -75.552364741071898, 6.261303939490539 ], [ -75.552537569904899, 6.261229411289451 ], [ -75.552752609493695, 6.261140151381571 ], [ -75.553278811471301, 6.261158159725832 ], [ -75.553603847410599, 6.26119037142989 ], [ -75.553884384280806, 6.261138924434401 ], [ -75.553781914207704, 6.261907894353281 ], [ -75.553706382003398, 6.26259690017089 ], [ -75.553599207286396, 6.262764772099162 ], [ -75.553463877857595, 6.262937594595278 ], [ -75.553272875132905, 6.263347314912208 ], [ -75.553083647239305, 6.26331374778998 ], [ -75.5528105283191, 6.263499621154342 ], [ -75.552738706924004, 6.263718055457539 ], [ -75.552659893873297, 6.26395501901864 ], [ -75.552552749969706, 6.264133607132338 ], [ -75.552371158269821, 6.26431240409008 ], [ -75.552200475220701, 6.264434664177678 ], [ -75.551915233628705, 6.26460303518799 ], [ -75.551704310087104, 6.26472540975419 ], [ -75.551489457512105, 6.26488189075654 ], [ -75.551331198362405, 6.265129794766291 ], [ -75.551303463975515, 6.26528477805063 ], [ -75.551298935293104, 6.265464052791541 ], [ -75.551170252856295, 6.265855087726479 ], [ -75.550876552475998, 6.266236843519912 ], [ -75.550673377173894, 6.266611524334192 ], [ -75.550519999834705, 6.266806805805492 ], [ -75.5503627650955, 6.267061525486803 ], [ -75.550198678871993, 6.267384462343421 ], [ -75.550075692226699, 6.267654674406649 ], [ -75.550046751721496, 6.267738541532221 ], [ -75.550030647795694, 6.267735663505607 ], [ -75.549765727236107, 6.26761754811105 ], [ -75.549554207816797, 6.267527535273869 ], [ -75.549278236733414, 6.267414321126512 ], [ -75.548987240110407, 6.267324530173804 ], [ -75.548655157373005, 6.267292335922719 ], [ -75.548316908860599, 6.26721436862019 ], [ -75.546835695173598, 6.26709868074285 ], [ -75.546510753008903, 6.26710153772902 ], [ -75.546579217019897, 6.266399884182411 ], [ -75.546572659051805, 6.26549287333956 ], [ -75.546394323492393, 6.265396921977421 ], [ -75.546409876035497, 6.265202027966291 ], [ -75.546641414475502, 6.26489546540519 ], [ -75.546811636536802, 6.264607585775511 ], [ -75.546867553617403, 6.264456419821899 ], [ -75.546763276219806, 6.264221916123488 ], [ -75.546714285462414, 6.263970696274209 ], [ -75.546707208460404, 6.2635975774929 ], [ -75.546709197489321, 6.263229304966582 ], [ -75.546741292769894, 6.262833669910211 ], [ -75.546760290362599, 6.262431248986631 ], [ -75.546706810958895, 6.26165297193825 ] ] ] } },
{ "type": "Feature", "properties": { "OBJECTID": 167, "BARRIO": "MANRIQUE CENTRAL No.2", "area_total_ha": 26.931093985991861, "Alta": 1.8256561435831351, "Media": 0.22534908951531146, "Baja": 24.880088752892757, "high_share": 0.06778989908589475, "medhigh_share": 0.076157516444199103, "screening_score": 0.07013283194621997, "screening_rank": 56, "barrio_code": "0307", "comuna_code": "03", "comuna_name": "Manrique", "population_2026": 6206.0, "imcv_ampi_2023": 90.05, "population_match": "exact", "population_density_km2_2026": 23043.995179802332, "hazard_weighted_population_proxy_2026": 446.66883038988124, "exposure_component": 0.62732902547598779, "vulnerability_component": 0.83484026522001198, "priority_exposure": 0.62732902547598779, "priority_balanced": 0.67920683541199378, "priority_equity": 0.72070908336079875, "rank_exposure": 62.0, "rank_balanced": 58.0, "rank_equity": 50.0, "rank_hazard_only": 56 }, "geometry": { "type": "Polygon", "coordinates": [ [ [ -75.553884384280806, 6.261138924434401 ], [ -75.554036938460001, 6.26100989415954 ], [ -75.554213235533496, 6.26073758397302 ], [ -75.554479899397293, 6.26040266864917 ], [ -75.554781393968497, 6.260291731696422 ], [ -75.5551428058086, 6.260380346689237 ], [ -75.555469250877806, 6.260556743503198 ], [ -75.556043864682806, 6.260976977503113 ], [ -75.556670808363805, 6.261402908849858 ], [ -75.556431721442607, 6.261526335733631 ], [ -75.556266004333693, 6.261625201254581 ], [ -75.556107313188903, 6.261718201964822 ], [ -75.555947840844993, 6.261891091733469 ], [ -75.555891972816099, 6.262057844844152 ], [ -75.555825230925095, 6.262293800979348 ], [ -75.5557926620003, 6.262517969256058 ], [ -75.555869843458197, 6.262775929340489 ], [ -75.555912185041805, 6.26316550889229 ], [ -75.555625248139904, 6.263087402194729 ], [ -75.555576519462804, 6.263289208641183 ], [ -75.555578203551605, 6.263530817308048 ], [ -75.555558075637109, 6.263886474117951 ], [ -75.555609565211299, 6.26466767661161 ], [ -75.555413257970002, 6.266053610674728 ], [ -75.555267512552419, 6.267174405468809 ], [ -75.554706741651003, 6.267028871494371 ], [ -75.554472210866095, 6.266984714217439 ], [ -75.554208440821498, 6.266917258764162 ], [ -75.5539287040001, 6.266896611206499 ], [ -75.553716564270601, 6.266943972250117 ], [ -75.553455468907217, 6.267113250186102 ], [ -75.553199450353006, 6.267299076386169 ], [ -75.552845926976104, 6.267513430116851 ], [ -75.552651672566, 6.267481825415608 ], [ -75.552399973875794, 6.267414333745203 ], [ -75.552120139921001, 6.267358613867896 ], [ -75.551879619528293, 6.267331035060169 ], [ -75.551587826979699, 6.267316266534389 ], [ -75.550971733160793, 6.26753330393832 ], [ -75.550647159361404, 6.26766768610343 ], [ -75.550277234496505, 6.267773942583711 ], [ -75.550046751721496, 6.267738541532221 ], [ -75.550075692226699, 6.267654674406649 ], [ -75.550198678871993, 6.267384462343421 ], [ -75.5503627650955, 6.267061525486803 ], [ -75.550519999834705, 6.266806805805492 ], [ -75.550673377173894, 6.266611524334192 ], [ -75.550876552475998, 6.266236843519912 ], [ -75.551170252856295, 6.265855087726479 ], [ -75.551298935293104, 6.265464052791541 ], [ -75.551303463975515, 6.26528477805063 ], [ -75.551331198362405, 6.265129794766291 ], [ -75.551489457512105, 6.26488189075654 ], [ -75.551704310087104, 6.26472540975419 ], [ -75.551915233628705, 6.26460303518799 ], [ -75.552200475220701, 6.264434664177678 ], [ -75.552371158269821, 6.26431240409008 ], [ -75.552552749969706, 6.264133607132338 ], [ -75.552659893873297, 6.26395501901864 ], [ -75.552738706924004, 6.263718055457539 ], [ -75.5528105283191, 6.263499621154342 ], [ -75.553083647239305, 6.26331374778998 ], [ -75.553272875132905, 6.263347314912208 ], [ -75.553463877857595, 6.262937594595278 ], [ -75.553599207286396, 6.262764772099162 ], [ -75.553706382003398, 6.26259690017089 ], [ -75.553781914207704, 6.261907894353281 ], [ -75.553884384280806, 6.261138924434401 ] ] ] } },
{ "type": "Feature", "properties": { "OBJECTID": 168, "BARRIO": "MANRIQUE CENTRAL No.1", "area_total_ha": 35.694073697471161, "Alta": 0.30534228095497801, "Media": 0.73457078504543383, "Baja": 34.654160631471782, "high_share": 0.0085544251279060582, "medhigh_share": 0.029134053871639965, "screening_score": 0.014316721176151553, "screening_rank": 75, "barrio_code": "0409", "comuna_code": "04", "comuna_name": "Aranjuez", "population_2026": 8779.0, "imcv_ampi_2023": 95.6, "population_match": "exact", "population_density_km2_2026": 24595.119275001583, "hazard_weighted_population_proxy_2026": 165.43357856850724, "exposure_component": 0.52563998452154759, "vulnerability_component": 0.66757082579867388, "priority_exposure": 0.52563998452154759, "priority_balanced": 0.56112269484082922, "priority_equity": 0.58950886309625439, "rank_exposure": 73.0, "rank_balanced": 70.0, "rank_equity": 68.0, "rank_hazard_only": 75 }, "geometry": { "type": "Polygon", "coordinates": [ [ [ -75.556670808363805, 6.261402908849858 ], [ -75.557004683266101, 6.261716652061677 ], [ -75.55714164417931, 6.26176692737632 ], [ -75.557337246447702, 6.261921282096229 ], [ -75.557635393230598, 6.262050018857781 ], [ -75.557910273584696, 6.262134003959578 ], [ -75.558214312904795, 6.262212061292448 ], [ -75.558403411680601, 6.26219983740426 ], [ -75.557934553310119, 6.262897745757598 ], [ -75.558100659740902, 6.262937221856942 ], [ -75.5583343129545, 6.263028143209191 ], [ -75.558712812009105, 6.263110860710968 ], [ -75.559169731293807, 6.26317582375811 ], [ -75.559708269087196, 6.263287316766999 ], [ -75.5599830965986, 6.263351816465082 ], [ -75.559587623322201, 6.265458278597399 ], [ -75.559078855987408, 6.26770242929153 ], [ -75.558814027059597, 6.269759811607992 ], [ -75.558799224426096, 6.26986214812402 ], [ -75.558443976571397, 6.269821258323119 ], [ -75.556216701660304, 6.269498238473309 ], [ -75.554904940815007, 6.269181402148259 ], [ -75.554955474401197, 6.268905548162932 ], [ -75.555267512552419, 6.267174405468809 ], [ -75.555413257970002, 6.266053610674728 ], [ -75.555609565211299, 6.26466767661161 ], [ -75.555558075637109, 6.263886474117951 ], [ -75.555578203551605, 6.263530817308048 ], [ -75.555576519462804, 6.263289208641183 ], [ -75.555625248139904, 6.263087402194729 ], [ -75.555912185041805, 6.26316550889229 ], [ -75.555869843458197, 6.262775929340489 ], [ -75.5557926620003, 6.262517969256058 ], [ -75.555825230925095, 6.262293800979348 ], [ -75.555891972816099, 6.262057844844152 ], [ -75.555947840844993, 6.261891091733469 ], [ -75.556107313188903, 6.261718201964822 ], [ -75.556266004333693, 6.261625201254581 ], [ -75.556431721442607, 6.261526335733631 ], [ -75.556670808363805, 6.261402908849858 ] ] ] } },
{ "type": "Feature", "properties": { "OBJECTID": 169, "BARRIO": "SAN PEDRO", "area_total_ha": 25.018969129400933, "Alta": 0.0, "Media": 0.0, "Baja": 24.959166927083636, "high_share": 0.0, "medhigh_share": 0.0, "screening_score": 0.0, "screening_rank": 87, "barrio_code": "0408", "comuna_code": "04", "comuna_name": "Aranjuez", "population_2026": 4493.0, "imcv_ampi_2023": 95.6, "population_match": "exact", "population_density_km2_2026": 17958.373811333702, "hazard_weighted_population_proxy_2026": 0.0, "exposure_component": 0.0, "vulnerability_component": 0.66757082579867388, "priority_exposure": 0.0, "priority_balanced": 0.16689270644966847, "priority_equity": 0.30040687160940327, "rank_exposure": 85.0, "rank_balanced": 104.0, "rank_equity": 102.0, "rank_hazard_only": 87 }, "geometry": { "type": "Polygon", "coordinates": [ [ [ -75.563608596400101, 6.263987504811651 ], [ -75.563678056392504, 6.26400289541502 ], [ -75.563301146541207, 6.26448329001995 ], [ -75.563171856463597, 6.264656096132889 ], [ -75.563018474643599, 6.26484748256651 ], [ -75.562798172372595, 6.26521052479042 ], [ -75.562658108879603, 6.26548663115175 ], [ -75.562511248222293, 6.265850438984351 ], [ -75.562393285077306, 6.26611576810271 ], [ -75.562282707063005, 6.266501881591219 ], [ -75.562192892438105, 6.266760310479766 ], [ -75.562148317681505, 6.26700692042627 ], [ -75.562106097743793, 6.26737530491899 ], [ -75.562075072725094, 6.267789446050089 ], [ -75.562072371887993, 6.267901492843962 ], [ -75.562062625114905, 6.2683691580891 ], [ -75.562087968976101, 6.268793857277729 ], [ -75.562164487625196, 6.269171647591389 ], [ -75.562162495498697, 6.269535048142667 ], [ -75.562131532455297, 6.269970623251452 ], [ -75.562062215550796, 6.270362465122459 ], [ -75.5602061288714, 6.270025748242697 ], [ -75.558799224426096, 6.26986214812402 ], [ -75.558814027059597, 6.269759811607992 ], [ -75.559078855987408, 6.26770242929153 ], [ -75.559587623322201, 6.265458278597399 ], [ -75.5599830965986, 6.263351816465082 ], [ -75.560441142858195, 6.263459640449801 ], [ -75.561117598307305, 6.263603868049979 ], [ -75.561838125691395, 6.263678800065439 ], [ -75.562558684657603, 6.263765420789141 ], [ -75.563114342377602, 6.26388270899719 ], [ -75.563463634020195, 6.26395381662636 ], [ -75.563608596400101, 6.263987504811651 ] ] ] } },
{ "type": "Feature", "properties": { "OBJECTID": 170, "BARRIO": "SEVILLA", "area_total_ha": 26.937629108580701, "Alta": 0.0, "Media": 0.0, "Baja": 4.6217275308435699, "high_share": 0.0, "medhigh_share": 0.0, "screening_score": 0.0, "screening_rank": 87, "barrio_code": "0407", "comuna_code": "04", "comuna_name": "Aranjuez", "population_2026": 1666.0, "imcv_ampi_2023": 95.6, "population_match": "exact", "population_density_km2_2026": 6184.6571325362593, "hazard_weighted_population_proxy_2026": 0.0, "exposure_component": 0.0, "vulnerability_component": 0.66757082579867388, "priority_exposure": 0.0, "priority_balanced": 0.16689270644966847, "priority_equity": 0.30040687160940327, "rank_exposure": 85.0, "rank_balanced": 104.0, "rank_equity": 102.0, "rank_hazard_only": 87 }, "geometry": { "type": "Polygon", "coordinates": [ [ [ -75.563678056392504, 6.26400289541502 ], [ -75.563961735914305, 6.26399624876655 ], [ -75.564258539773405, 6.264005150546119 ], [ -75.564876326179402, 6.264035553147156 ], [ -75.565476080966121, 6.264093284447529 ], [ -75.566059708270203, 6.264140345212171 ], [ -75.566675544600201, 6.264193158511799 ], [ -75.566740952622595, 6.264198817876959 ], [ -75.567639850079601, 6.264381376701181 ], [ -75.567700255232893, 6.264396792977109 ], [ -75.567425937765904, 6.265578354183779 ], [ -75.567315944153904, 6.26617003201955 ], [ -75.566994613021507, 6.267447201139299 ], [ -75.566495160641495, 6.269416589510459 ], [ -75.565778255938696, 6.269202338100502 ], [ -75.564191431819495, 6.268738220825412 ], [ -75.562719324357005, 6.268283516659669 ], [ -75.562072371887993, 6.267901492843962 ], [ -75.562075072725094, 6.267789446050089 ], [ -75.562106097743793, 6.26737530491899 ], [ -75.562148317681505, 6.26700692042627 ], [ -75.562192892438105, 6.266760310479766 ], [ -75.562282707063005, 6.266501881591219 ], [ -75.562393285077306, 6.26611576810271 ], [ -75.562511248222293, 6.265850438984351 ], [ -75.562658108879603, 6.26548663115175 ], [ -75.562798172372595, 6.26521052479042 ], [ -75.563018474643599, 6.26484748256651 ], [ -75.563171856463597, 6.264656096132889 ], [ -75.563301146541207, 6.26448329001995 ], [ -75.563678056392504, 6.26400289541502 ] ] ] } },
{ "type": "Feature", "properties": { "OBJECTID": 171, "BARRIO": "U. DE A.", "area_total_ha": 31.850384850417083, "Alta": 0.0, "Media": 0.0, "Baja": 0.0, "high_share": 0.0, "medhigh_share": 0.0, "screening_score": 0.0, "screening_rank": 87, "barrio_code": null, "comuna_code": null, "comuna_name": null, "population_2026": null, "imcv_ampi_2023": null, "population_match": "unmatched_or_nonresidential", "population_density_km2_2026": null, "hazard_weighted_population_proxy_2026": null, "exposure_component": null, "vulnerability_component": null, "priority_exposure": null, "priority_balanced": null, "priority_equity": null, "rank_exposure": null, "rank_balanced": null, "rank_equity": null, "rank_hazard_only": 87 }, "geometry": { "type": "Polygon", "coordinates": [ [ [ -75.567700255232893, 6.264396792977109 ], [ -75.5684643711337, 6.264588500707851 ], [ -75.570850369383606, 6.264839901402498 ], [ -75.572388234925398, 6.265072268633649 ], [ -75.572350421039204, 6.265218512279001 ], [ -75.571914661638203, 6.267290013787649 ], [ -75.571274006733802, 6.270189231175519 ], [ -75.571164753283895, 6.270685430327847 ], [ -75.569622475456796, 6.270322526272509 ], [ -75.567113388130096, 6.269600915210862 ], [ -75.566495160641495, 6.269416589510459 ], [ -75.566994613021507, 6.267447201139299 ], [ -75.567315944153904, 6.26617003201955 ], [ -75.567425937765904, 6.265578354183779 ], [ -75.567700255232893, 6.264396792977109 ] ] ] } },
{ "type": "Feature", "properties": { "OBJECTID": 172, "BARRIO": "EL CHAGUALO", "area_total_ha": 35.340975546060704, "Alta": 0.0, "Media": 0.0, "Baja": 0.0, "high_share": 0.0, "medhigh_share": 0.0, "screening_score": 0.0, "screening_rank": 87, "barrio_code": "1004", "comuna_code": "10", "comuna_name": "La Candelaria", "population_2026": 6580.0, "imcv_ampi_2023": 102.65, "population_match": "exact", "population_density_km2_2026": 18618.614507186241, "hazard_weighted_population_proxy_2026": 0.0, "exposure_component": 0.0, "vulnerability_component": 0.45509342977697381, "priority_exposure": 0.0, "priority_balanced": 0.11377335744424345, "priority_equity": 0.20479204339963822, "rank_exposure": 85.0, "rank_balanced": 163.0, "rank_equity": 162.0, "rank_hazard_only": 87 }, "geometry": { "type": "Polygon", "coordinates": [ [ [ -75.573961520368002, 6.260423588196228 ], [ -75.573662537295107, 6.261062565850341 ], [ -75.573271844239201, 6.26235259722448 ], [ -75.572941286728195, 6.263209896356982 ], [ -75.572711639248993, 6.263821398943279 ], [ -75.572388234925398, 6.265072268633649 ], [ -75.570850369383606, 6.264839901402498 ], [ -75.5684643711337, 6.264588500707851 ], [ -75.567700255232893, 6.264396792977109 ], [ -75.567987339152097, 6.263460705166112 ], [ -75.568454524522707, 6.262532876566648 ], [ -75.569316843964302, 6.260813815731578 ], [ -75.569992214583607, 6.259511285050248 ], [ -75.570262433891799, 6.259015604221651 ], [ -75.570442731167304, 6.258738406796551 ], [ -75.570632268917194, 6.258527432008851 ], [ -75.570693448228994, 6.2584610098839 ], [ -75.570964218076995, 6.258160174738218 ], [ -75.571236803894905, 6.25779016339049 ], [ -75.5714904750687, 6.257490352273232 ], [ -75.571904710281999, 6.257050766926731 ], [ -75.572106444654594, 6.25723822167348 ], [ -75.572342237979697, 6.257374921086967 ], [ -75.572481666767516, 6.257585935062023 ], [ -75.572713096141797, 6.257957437152919 ], [ -75.572996240440702, 6.258472005799198 ], [ -75.573258408694102, 6.259039242381699 ], [ -75.573477998105005, 6.259491639739679 ], [ -75.573651889046516, 6.25979316017229 ], [ -75.573961520368002, 6.260423588196228 ] ] ] } },
{ "type": "Feature", "properties": { "OBJECTID": 173, "BARRIO": "JESUS NAZARENO", "area_total_ha": 22.109803273762196, "Alta": 0.0, "Media": 0.0, "Baja": 0.0, "high_share": 0.0, "medhigh_share": 0.0, "screening_score": 0.0, "screening_rank": 87, "barrio_code": "1003", "comuna_code": "10", "comuna_name": "La Candelaria", "population_2026": 2148.0, "imcv_ampi_2023": 102.65, "population_match": "exact", "population_density_km2_2026": 9715.1474999736492, "hazard_weighted_population_proxy_2026": 0.0, "exposure_component": 0.0, "vulnerability_component": 0.45509342977697381, "priority_exposure": 0.0, "priority_balanced": 0.11377335744424345, "priority_equity": 0.20479204339963822, "rank_exposure": 85.0, "rank_balanced": 163.0, "rank_equity": 162.0, "rank_hazard_only": 87 }, "geometry": { "type": "Polygon", "coordinates": [ [ [ -75.570632268917194, 6.258527432008851 ], [ -75.570442731167304, 6.258738406796551 ], [ -75.570262433891799, 6.259015604221651 ], [ -75.569992214583607, 6.259511285050248 ], [ -75.569316843964302, 6.260813815731578 ], [ -75.568454524522707, 6.262532876566648 ], [ -75.567987339152097, 6.263460705166112 ], [ -75.567700255232893, 6.264396792977109 ], [ -75.567639850079601, 6.264381376701181 ], [ -75.566740952622595, 6.264198817876959 ], [ -75.566675544600201, 6.264193158511799 ], [ -75.5669980090953, 6.26189400417882 ], [ -75.5673099615327, 6.260857499643951 ], [ -75.566279498453397, 6.260751301969187 ], [ -75.564951836243395, 6.26049590946415 ], [ -75.565527625774706, 6.258838065315548 ], [ -75.566045519802003, 6.257697709881359 ], [ -75.567200851115501, 6.257849343969401 ], [ -75.568695528412903, 6.258114001391408 ], [ -75.569765369903294, 6.258272691848309 ], [ -75.570632268917194, 6.258527432008851 ] ] ] } },
{ "type": "Feature", "properties": { "OBJECTID": 174, "BARRIO": "SAN VICENTE DE PAUL", "area_total_ha": 11.276825976708885, "Alta": 0.0, "Media": 0.0, "Baja": 0.0, "high_share": 0.0, "medhigh_share": 0.0, "screening_score": 0.0, "screening_rank": 87, "barrio_code": null, "comuna_code": null, "comuna_name": null, "population_2026": null, "imcv_ampi_2023": null, "population_match": "unmatched_or_nonresidential", "population_density_km2_2026": null, "hazard_weighted_population_proxy_2026": null, "exposure_component": null, "vulnerability_component": null, "priority_exposure": null, "priority_balanced": null, "priority_equity": null, "rank_exposure": null, "rank_balanced": null, "rank_equity": null, "rank_hazard_only": 87 }, "geometry": { "type": "Polygon", "coordinates": [ [ [ -75.564951836243395, 6.26049590946415 ], [ -75.566279498453397, 6.260751301969187 ], [ -75.5673099615327, 6.260857499643951 ], [ -75.5669980090953, 6.26189400417882 ], [ -75.566675544600201, 6.264193158511799 ], [ -75.566059708270203, 6.264140345212171 ], [ -75.565476080966121, 6.264093284447529 ], [ -75.564876326179402, 6.264035553147156 ], [ -75.564258539773405, 6.264005150546119 ], [ -75.563961735914305, 6.26399624876655 ], [ -75.563678056392504, 6.26400289541502 ], [ -75.563608596400101, 6.263987504811651 ], [ -75.564089385573496, 6.262886222390271 ], [ -75.564608939740694, 6.261263610744852 ], [ -75.564951836243395, 6.26049590946415 ] ] ] } },
{ "type": "Feature", "properties": { "OBJECTID": 175, "BARRIO": "PRADO", "area_total_ha": 61.958067665767565, "Alta": 0.029522668232743878, "Media": 0.0, "Baja": 46.227309329824628, "high_share": 0.00047649433471688853, "medhigh_share": 0.00047649433471688853, "screening_score": 0.00047649433471688853, "screening_rank": 85, "barrio_code": "1001", "comuna_code": "10", "comuna_name": "La Candelaria", "population_2026": 9415.0, "imcv_ampi_2023": 102.65, "population_match": "exact", "population_density_km2_2026": 15195.761189308165, "hazard_weighted_population_proxy_2026": 4.4861941613595056, "exposure_component": 0.17494296962057032, "vulnerability_component": 0.45509342977697381, "priority_exposure": 0.17494296962057032, "priority_balanced": 0.24498058465967121, "priority_equity": 0.30101067669095188, "rank_exposure": 83.0, "rank_balanced": 82.0, "rank_equity": 101.0, "rank_hazard_only": 85 }, "geometry": { "type": "Polygon", "coordinates": [ [ [ -75.566229973224907, 6.257110693103809 ], [ -75.566045519802003, 6.257697709881359 ], [ -75.565527625774706, 6.258838065315548 ], [ -75.564951836243395, 6.26049590946415 ], [ -75.564608939740694, 6.261263610744852 ], [ -75.564089385573496, 6.262886222390271 ], [ -75.563608596400101, 6.263987504811651 ], [ -75.563463634020195, 6.26395381662636 ], [ -75.563114342377602, 6.26388270899719 ], [ -75.562558684657603, 6.263765420789141 ], [ -75.561838125691395, 6.263678800065439 ], [ -75.561117598307305, 6.263603868049979 ], [ -75.560441142858195, 6.263459640449801 ], [ -75.5599830965986, 6.263351816465082 ], [ -75.559708269087196, 6.263287316766999 ], [ -75.559169731293807, 6.26317582375811 ], [ -75.558712812009105, 6.263110860710968 ], [ -75.5583343129545, 6.263028143209191 ], [ -75.558100659740902, 6.262937221856942 ], [ -75.557934553310119, 6.262897745757598 ], [ -75.558403411680601, 6.26219983740426 ], [ -75.558214312904795, 6.262212061292448 ], [ -75.557910273584696, 6.262134003959578 ], [ -75.557635393230598, 6.262050018857781 ], [ -75.557337246447702, 6.261921282096229 ], [ -75.55714164417931, 6.26176692737632 ], [ -75.557004683266101, 6.261716652061677 ], [ -75.556670808363805, 6.261402908849858 ], [ -75.557030923756898, 6.261388255997379 ], [ -75.557206798603701, 6.261324435161412 ], [ -75.557389505261, 6.26118557790484 ], [ -75.557496694155205, 6.261023551634941 ], [ -75.557658649237297, 6.260660676048699 ], [ -75.558682229359803, 6.25903372395869 ], [ -75.5595381176324, 6.25787780464718 ], [ -75.559644348233803, 6.257733317180674 ], [ -75.560305657218805, 6.25678740957142 ], [ -75.560960974371994, 6.25585807895696 ], [ -75.561175043734096, 6.255425884791403 ], [ -75.561361107692505, 6.255051250043291 ], [ -75.561660531804094, 6.25527837938165 ], [ -75.562081052584603, 6.254924516470211 ], [ -75.562351846974295, 6.254630504867873 ], [ -75.5637611486016, 6.255659227009579 ], [ -75.565230341889205, 6.25652020514696 ], [ -75.566229973224907, 6.257110693103809 ] ] ] } },
{ "type": "Feature", "properties": { "OBJECTID": 176, "BARRIO": "LA MANSION", "area_total_ha": 23.135567888115983, "Alta": 1.4659753066755881, "Media": 0.0, "Baja": 21.669592581440732, "high_share": 0.063364569815838143, "medhigh_share": 0.063364569815838143, "screening_score": 0.063364569815838143, "screening_rank": 61, "barrio_code": "0802", "comuna_code": "08", "comuna_name": "Villa Hermosa", "population_2026": 10027.0, "imcv_ampi_2023": 92.38, "population_match": "exact", "population_density_km2_2026": 43340.193975314331, "hazard_weighted_population_proxy_2026": 635.35654154340909, "exposure_component": 0.66347466417760492, "vulnerability_component": 0.76461723930078362, "priority_exposure": 0.66347466417760492, "priority_balanced": 0.6887603079583996, "priority_equity": 0.70898882298303545, "rank_exposure": 57.0, "rank_balanced": 55.0, "rank_equity": 52.0, "rank_hazard_only": 61 }, "geometry": { "type": "Polygon", "coordinates": [ [ [ -75.5595381176324, 6.25787780464718 ], [ -75.558682229359803, 6.25903372395869 ], [ -75.557658649237297, 6.260660676048699 ], [ -75.557496694155205, 6.261023551634941 ], [ -75.557389505261, 6.26118557790484 ], [ -75.557206798603701, 6.261324435161412 ], [ -75.557030923756898, 6.261388255997379 ], [ -75.556670808363805, 6.261402908849858 ], [ -75.556043864682806, 6.260976977503113 ], [ -75.555469250877806, 6.260556743503198 ], [ -75.5551428058086, 6.260380346689237 ], [ -75.554781393968497, 6.260291731696422 ], [ -75.554479899397293, 6.26040266864917 ], [ -75.554213235533496, 6.26073758397302 ], [ -75.554036938460001, 6.26100989415954 ], [ -75.553884384280806, 6.261138924434401 ], [ -75.553603847410599, 6.26119037142989 ], [ -75.553278811471301, 6.261158159725832 ], [ -75.552752609493695, 6.261140151381571 ], [ -75.552537569904899, 6.261229411289451 ], [ -75.552179579368001, 6.260925475163439 ], [ -75.552112036375703, 6.260875977923003 ], [ -75.553234967060106, 6.259154251062468 ], [ -75.554564990147, 6.257382257479942 ], [ -75.554712347783493, 6.257194788273498 ], [ -75.555130373128605, 6.256665570608229 ], [ -75.555465023709203, 6.256898450904347 ], [ -75.555746293172206, 6.257109072464848 ], [ -75.555923733135998, 6.257244968561811 ], [ -75.556114093735104, 6.25732432255951 ], [ -75.556371918441201, 6.257425894202189 ], [ -75.556571314244707, 6.25749840242595 ], [ -75.556898520644197, 6.257588087625141 ], [ -75.557213607264003, 6.257660270440929 ], [ -75.557671381778405, 6.257673595976402 ], [ -75.558031546523495, 6.2576774537252 ], [ -75.558408715681395, 6.257646190922012 ], [ -75.558710238569105, 6.257545969692978 ], [ -75.558910302082495, 6.25749864189398 ], [ -75.5595381176324, 6.25787780464718 ] ] ] } },
{ "type": "Feature", "properties": { "OBJECTID": 177, "BARRIO": "VILLA HERMOSA", "area_total_ha": 37.997029919268599, "Alta": 1.734401791923508, "Media": 2.1834089830522285, "Baja": 34.079219144291493, "high_share": 0.045645720089400432, "medhigh_share": 0.10310834250202759, "screening_score": 0.061735254364936036, "screening_rank": 62, "barrio_code": "0801", "comuna_code": "08", "comuna_name": "Villa Hermosa", "population_2026": 10969.0, "imcv_ampi_2023": 92.38, "population_match": "exact", "population_density_km2_2026": 28868.045800699627, "hazard_weighted_population_proxy_2026": 815.84165628268704, "exposure_component": 0.68913555184562902, "vulnerability_component": 0.76461723930078362, "priority_exposure": 0.68913555184562902, "priority_balanced": 0.70800597370941765, "priority_equity": 0.72310231120044866, "rank_exposure": 53.0, "rank_balanced": 50.0, "rank_equity": 49.0, "rank_hazard_only": 62 }, "geometry": { "type": "Polygon", "coordinates": [ [ [ -75.551005994740905, 6.254610749750321 ], [ -75.552534084526002, 6.255673274204252 ], [ -75.554712347783493, 6.257194788273498 ], [ -75.554564990147, 6.257382257479942 ], [ -75.553234967060106, 6.259154251062468 ], [ -75.552112036375703, 6.260875977923003 ], [ -75.551552543591001, 6.26046543897526 ], [ -75.551207832188794, 6.260232584559782 ], [ -75.5508642080611, 6.260028955042231 ], [ -75.550599223489499, 6.259886482346411 ], [ -75.550227832254805, 6.25982614470988 ], [ -75.549844447814706, 6.259794092987518 ], [ -75.549536597719793, 6.25979203180506 ], [ -75.549124085265504, 6.259776623713791 ], [ -75.548802899279394, 6.259682045761072 ], [ -75.548510692378699, 6.259517240616429 ], [ -75.548142652954198, 6.259216252209132 ], [ -75.547672157654802, 6.25897205413303 ], [ -75.547259312889096, 6.258837786837261 ], [ -75.546875643046604, 6.25870343806762 ], [ -75.546445788977621, 6.25860234189694 ], [ -75.545895058840813, 6.258446050377582 ], [ -75.545329205450699, 6.258278109779063 ], [ -75.544795701886002, 6.258166585087719 ], [ -75.544520854310605, 6.258093308531971 ], [ -75.544286408757614, 6.25807837229075 ], [ -75.544046900295498, 6.258051762245361 ], [ -75.543739157953794, 6.258087693632762 ], [ -75.5435922654206, 6.257721782053471 ], [ -75.544284539777095, 6.25776856646482 ], [ -75.544799549621303, 6.257741799913099 ], [ -75.545163592924993, 6.257693045912779 ], [ -75.545540427953298, 6.25754098431469 ], [ -75.546001526253704, 6.257301979897091 ], [ -75.546518911677893, 6.25704528358985 ], [ -75.546987067252601, 6.25681210300729 ], [ -75.547362750510899, 6.256608409998609 ], [ -75.547704244665695, 6.256410657329511 ], [ -75.548062728131498, 6.256171937543248 ], [ -75.548381100710102, 6.255980094924379 ], [ -75.548790986000796, 6.255776303984057 ], [ -75.549093487329003, 6.255665368701561 ], [ -75.549543738598501, 6.255506280925349 ], [ -75.549857273072803, 6.255383623376842 ], [ -75.5501014088902, 6.255267004140099 ], [ -75.550335341188401, 6.255098777580959 ], [ -75.550568216980693, 6.254913019227611 ], [ -75.550721828643404, 6.254802499371709 ], [ -75.550869486238895, 6.25472122360129 ], [ -75.551005994740905, 6.254610749750321 ] ] ] } },
{ "type": "Feature", "properties": { "OBJECTID": 178, "BARRIO": "LA LADERA", "area_total_ha": 54.689420412645035, "Alta": 10.825066063075791, "Media": 11.519100862068386, "Baja": 32.345253487506014, "high_share": 0.19793711437053133, "medhigh_share": 0.40856470513953125, "screening_score": 0.25691283978585133, "screening_rank": 39, "barrio_code": "0804", "comuna_code": "08", "comuna_name": "Villa Hermosa", "population_2026": 2380.0, "imcv_ampi_2023": 92.38, "population_match": "exact", "population_density_km2_2026": 4351.8471800255302, "hazard_weighted_population_proxy_2026": 721.7371652169744, "exposure_component": 0.67655623133740461, "vulnerability_component": 0.76461723930078362, "priority_exposure": 0.67655623133740461, "priority_balanced": 0.69857148332824937, "priority_equity": 0.71618368492092521, "rank_exposure": 55.0, "rank_balanced": 51.0, "rank_equity": 51.0, "rank_hazard_only": 39 }, "geometry": { "type": "Polygon", "coordinates": [ [ [ -75.554822532666904, 6.250562765772361 ], [ -75.554937793091497, 6.250768009040969 ], [ -75.555040677367302, 6.250865144137809 ], [ -75.555145798312196, 6.251042163614219 ], [ -75.555158611394205, 6.251307122753579 ], [ -75.554903909722597, 6.251601087662522 ], [ -75.554655407725093, 6.251953487841081 ], [ -75.554452238033321, 6.25232816967009 ], [ -75.554374367168407, 6.252541747957669 ], [ -75.554176163188302, 6.252894009313402 ], [ -75.554052941771204, 6.253078487350721 ], [ -75.553899407145806, 6.253216285854329 ], [ -75.553728824182897, 6.253372644370342 ], [ -75.553513116464202, 6.253581738842712 ], [ -75.5533424372139, 6.253703997818152 ], [ -75.553115517142302, 6.253860514527209 ], [ -75.552750776824794, 6.254018391182519 ], [ -75.552471480934202, 6.254152644861848 ], [ -75.552198122145498, 6.25425181032889 ], [ -75.551963983170893, 6.25434502139086 ], [ -75.551622139307597, 6.25441709813842 ], [ -75.551341705937105, 6.254504592251542 ], [ -75.551005994740905, 6.254610749750321 ], [ -75.550869486238895, 6.25472122360129 ], [ -75.550721828643404, 6.254802499371709 ], [ -75.550568216980693, 6.254913019227611 ], [ -75.550335341188401, 6.255098777580959 ], [ -75.5501014088902, 6.255267004140099 ], [ -75.549857273072803, 6.255383623376842 ], [ -75.549543738598501, 6.255506280925349 ], [ -75.549093487329003, 6.255665368701561 ], [ -75.548790986000796, 6.255776303984057 ], [ -75.548381100710102, 6.255980094924379 ], [ -75.548062728131498, 6.256171937543248 ], [ -75.547704244665695, 6.256410657329511 ], [ -75.547362750510899, 6.256608409998609 ], [ -75.546987067252601, 6.25681210300729 ], [ -75.546518911677893, 6.25704528358985 ], [ -75.546001526253704, 6.257301979897091 ], [ -75.545540427953298, 6.25754098431469 ], [ -75.545163592924993, 6.257693045912779 ], [ -75.544799549621303, 6.257741799913099 ], [ -75.544284539777095, 6.25776856646482 ], [ -75.5435922654206, 6.257721782053471 ], [ -75.542854690866506, 6.25766440760744 ], [ -75.542230727894093, 6.257582359089591 ], [ -75.541801965361799, 6.257511458456378 ], [ -75.541378310514503, 6.25746879604086 ], [ -75.541041219528793, 6.257442453642438 ], [ -75.540685877492606, 6.25736452771616 ], [ -75.540376812891395, 6.257287446121579 ], [ -75.541088868605001, 6.256849974348109 ], [ -75.541486368660799, 6.256531261311002 ], [ -75.541753329573993, 6.25630059416179 ], [ -75.541978848202305, 6.255999896530102 ], [ -75.542165083639702, 6.255681772616929 ], [ -75.542248695581705, 6.255360035708092 ], [ -75.542274932385894, 6.255026768147197 ], [ -75.542203507697394, 6.254665517650012 ], [ -75.542125964360295, 6.254275057855212 ], [ -75.542105714102405, 6.254228349304578 ], [ -75.542917703487703, 6.2539143284889 ], [ -75.543835585170399, 6.253694513472837 ], [ -75.544726512476501, 6.253549791815921 ], [ -75.545777421661995, 6.253415337722172 ], [ -75.547119543756907, 6.253090090692779 ], [ -75.547894792969203, 6.252951530085799 ], [ -75.547963166180594, 6.252938673747 ], [ -75.548585524630795, 6.252808334716069 ], [ -75.549189691866999, 6.252648818443459 ], [ -75.549794848348199, 6.252483451787687 ], [ -75.550279048511996, 6.25223366372192 ], [ -75.550547196614502, 6.252070213282261 ], [ -75.55073994561431, 6.251925485893208 ], [ -75.550994837468096, 6.251698745640978 ], [ -75.551227427965401, 6.251410691674269 ], [ -75.551368450777602, 6.251116073005761 ], [ -75.551514668374693, 6.250879895611588 ], [ -75.551697422860599, 6.250758577791482 ], [ -75.551947605120802, 6.2506468114809 ], [ -75.552175771035394, 6.250576027411879 ], [ -75.5524552584383, 6.25051094468591 ], [ -75.5527982678326, 6.25049731836707 ], [ -75.553198665159897, 6.250500093559512 ], [ -75.553501595902702, 6.25054406024998 ], [ -75.553924110731998, 6.250540928451819 ], [ -75.554370780963495, 6.250542598964391 ], [ -75.554822532666904, 6.250562765772361 ] ] ] } },
{ "type": "Feature", "properties": { "OBJECTID": 179, "BARRIO": "SAN MIGUEL", "area_total_ha": 37.747980817589394, "Alta": 0.26410951286192047, "Media": 0.96897457479433324, "Baja": 36.514896729931998, "high_share": 0.0069966527252989805, "medhigh_share": 0.032666226403338494, "screening_score": 0.014184133355150045, "screening_rank": 76, "barrio_code": "0803", "comuna_code": "08", "comuna_name": "Villa Hermosa", "population_2026": 10162.0, "imcv_ampi_2023": 92.38, "population_match": "exact", "population_density_km2_2026": 26920.64523690979, "hazard_weighted_population_proxy_2026": 201.52708885260699, "exposure_component": 0.5458119034279888, "vulnerability_component": 0.76461723930078362, "priority_exposure": 0.5458119034279888, "priority_balanced": 0.60051323739618745, "priority_equity": 0.64427430457074653, "rank_exposure": 71.0, "rank_balanced": 67.0, "rank_equity": 61.0, "rank_hazard_only": 76 }, "geometry": { "type": "Polygon", "coordinates": [ [ [ -75.554903909722597, 6.251601087662522 ], [ -75.556455278626999, 6.252715168845787 ], [ -75.557978131391195, 6.253703648818339 ], [ -75.558690830366302, 6.25421994415023 ], [ -75.559546450725094, 6.25476019127527 ], [ -75.560277343466097, 6.25530566010463 ], [ -75.560960974371994, 6.25585807895696 ], [ -75.560305657218805, 6.25678740957142 ], [ -75.559644348233803, 6.257733317180674 ], [ -75.5595381176324, 6.25787780464718 ], [ -75.558910302082495, 6.25749864189398 ], [ -75.558710238569105, 6.257545969692978 ], [ -75.558408715681395, 6.257646190922012 ], [ -75.558031546523495, 6.2576774537252 ], [ -75.557671381778405, 6.257673595976402 ], [ -75.557213607264003, 6.257660270440929 ], [ -75.556898520644197, 6.257588087625141 ], [ -75.556571314244707, 6.25749840242595 ], [ -75.556371918441201, 6.257425894202189 ], [ -75.556114093735104, 6.25732432255951 ], [ -75.555923733135998, 6.257244968561811 ], [ -75.555746293172206, 6.257109072464848 ], [ -75.555465023709203, 6.256898450904347 ], [ -75.555130373128605, 6.256665570608229 ], [ -75.554712347783493, 6.257194788273498 ], [ -75.552534084526002, 6.255673274204252 ], [ -75.551005994740905, 6.254610749750321 ], [ -75.551341705937105, 6.254504592251542 ], [ -75.551622139307597, 6.25441709813842 ], [ -75.551963983170893, 6.25434502139086 ], [ -75.552198122145498, 6.25425181032889 ], [ -75.552471480934202, 6.254152644861848 ], [ -75.552750776824794, 6.254018391182519 ], [ -75.553115517142302, 6.253860514527209 ], [ -75.5533424372139, 6.253703997818152 ], [ -75.553513116464202, 6.253581738842712 ], [ -75.553728824182897, 6.253372644370342 ], [ -75.553899407145806, 6.253216285854329 ], [ -75.554052941771204, 6.253078487350721 ], [ -75.554176163188302, 6.252894009313402 ], [ -75.554374367168407, 6.252541747957669 ], [ -75.554452238033321, 6.25232816967009 ], [ -75.554655407725093, 6.251953487841081 ], [ -75.554903909722597, 6.251601087662522 ] ] ] } },
{ "type": "Feature", "properties": { "OBJECTID": 180, "BARRIO": "ENCISO", "area_total_ha": 35.091666861271044, "Alta": 4.1799943044784067, "Media": 1.1828402238830102, "Baja": 29.728832332909654, "high_share": 0.11911643641789105, "medhigh_share": 0.15282359055676878, "screening_score": 0.12855443957677681, "screening_rank": 50, "barrio_code": "0808", "comuna_code": "08", "comuna_name": "Villa Hermosa", "population_2026": 12640.0, "imcv_ampi_2023": 92.38, "population_match": "exact", "population_density_km2_2026": 36019.947556125211, "hazard_weighted_population_proxy_2026": 1718.66097047985, "exposure_component": 0.7656432412428279, "vulnerability_component": 0.76461723930078362, "priority_exposure": 0.7656432412428279, "priority_balanced": 0.76538674075731683, "priority_equity": 0.76518154036890795, "rank_exposure": 41.0, "rank_balanced": 42.0, "rank_equity": 42.0, "rank_hazard_only": 50 }, "geometry": { "type": "Polygon", "coordinates": [ [ [ -75.547299387854807, 6.246507538450871 ], [ -75.547543951120502, 6.24654485176462 ], [ -75.547950718615894, 6.246668423172038 ], [ -75.548168393814507, 6.246804210478549 ], [ -75.548461438484495, 6.24691153443835 ], [ -75.548799622069396, 6.246971968517721 ], [ -75.549152753813104, 6.24698072539682 ], [ -75.549518850188008, 6.246949502057978 ], [ -75.5501401779498, 6.24681331870025 ], [ -75.550694278037795, 6.246739675025768 ], [ -75.551088555895106, 6.246713243097631 ], [ -75.551346071503104, 6.246705702384868 ], [ -75.551665766843001, 6.24662979253397 ], [ -75.552158231915399, 6.246820341388199 ], [ -75.554283504298198, 6.248115013822719 ], [ -75.554154826119102, 6.248506048884192 ], [ -75.553975003987802, 6.24895568234348 ], [ -75.553841131656398, 6.249289250978762 ], [ -75.554046335771105, 6.249281856043228 ], [ -75.554247740097196, 6.249354359488118 ], [ -75.554464203055218, 6.249416104958061 ], [ -75.554680798254594, 6.249524614253828 ], [ -75.554849035935803, 6.249608901784171 ], [ -75.554794511046694, 6.24989645738507 ], [ -75.554783960974305, 6.250080620528271 ], [ -75.554779427478607, 6.25025794653868 ], [ -75.554822532666904, 6.250562765772361 ], [ -75.554370780963495, 6.250542598964391 ], [ -75.553924110731998, 6.250540928451819 ], [ -75.553501595902702, 6.25054406024998 ], [ -75.553198665159897, 6.250500093559512 ], [ -75.5527982678326, 6.25049731836707 ], [ -75.5524552584383, 6.25051094468591 ], [ -75.552175771035394, 6.250576027411879 ], [ -75.551947605120802, 6.2506468114809 ], [ -75.551697422860599, 6.250758577791482 ], [ -75.551514668374693, 6.250879895611588 ], [ -75.551368450777602, 6.251116073005761 ], [ -75.551227427965401, 6.251410691674269 ], [ -75.550994837468096, 6.251698745640978 ], [ -75.55073994561431, 6.251925485893208 ], [ -75.550547196614502, 6.252070213282261 ], [ -75.550279048511996, 6.25223366372192 ], [ -75.549794848348199, 6.252483451787687 ], [ -75.549189691866999, 6.252648818443459 ], [ -75.548585524630795, 6.252808334716069 ], [ -75.547963166180594, 6.252938673747 ], [ -75.5481783837146, 6.252553243897769 ], [ -75.548530844403999, 6.25232038650574 ], [ -75.5487589026432, 6.252210634375431 ], [ -75.548893142247096, 6.252007614510583 ], [ -75.548833931722712, 6.251698942395977 ], [ -75.548688124476101, 6.25136128358523 ], [ -75.5484981156592, 6.251046156941619 ], [ -75.548324542417902, 6.250852765818551 ], [ -75.548226479596906, 6.25068059738297 ], [ -75.548265139139318, 6.250473947620489 ], [ -75.548387865978, 6.250111183363481 ], [ -75.548494670997002, 6.249810815391119 ], [ -75.548595732704896, 6.249615683212207 ], [ -75.548070915013597, 6.249729187888089 ], [ -75.547932854450295, 6.24964383825806 ], [ -75.547936093139398, 6.249362270761079 ], [ -75.547885964818903, 6.248701866388728 ], [ -75.547797068757106, 6.248209144388759 ], [ -75.547696563807193, 6.247882075353749 ], [ -75.547523930529707, 6.247664324974139 ], [ -75.547293036680998, 6.247477911985141 ], [ -75.547052207511996, 6.247336343595559 ], [ -75.546651632389, 6.247269261778778 ], [ -75.546301840004105, 6.247014008822597 ], [ -75.5466192965971, 6.246856269261511 ], [ -75.546864178884306, 6.246647096801969 ], [ -75.547080193703295, 6.246548094730382 ], [ -75.547258126729204, 6.246501807483289 ], [ -75.547299387854807, 6.246507538450871 ] ] ] } },
{ "type": "Feature", "properties": { "OBJECTID": 181, "BARRIO": "LOS ANGELES", "area_total_ha": 24.314465713059587, "Alta": 0.0, "Media": 0.0, "Baja": 24.31446571305958, "high_share": 0.0, "medhigh_share": 0.0, "screening_score": 0.0, "screening_rank": 87, "barrio_code": "1017", "comuna_code": "10", "comuna_name": "La Candelaria", "population_2026": 6597.0, "imcv_ampi_2023": 102.65, "population_match": "exact", "population_density_km2_2026": 27131.996556505346, "hazard_weighted_population_proxy_2026": 0.0, "exposure_component": 0.0, "vulnerability_component": 0.45509342977697381, "priority_exposure": 0.0, "priority_balanced": 0.11377335744424345, "priority_equity": 0.20479204339963822, "rank_exposure": 85.0, "rank_balanced": 163.0, "rank_equity": 162.0, "rank_hazard_only": 87 }, "geometry": { "type": "Polygon", "coordinates": [ [ [ -75.554680798254594, 6.249524614253828 ], [ -75.555632743536094, 6.249620343028758 ], [ -75.556021115038519, 6.24963971170421 ], [ -75.556674563300504, 6.249836623568039 ], [ -75.556949453181204, 6.249926456785768 ], [ -75.557323705106299, 6.250291723358842 ], [ -75.5575813322138, 6.2503241232322 ], [ -75.557781279481304, 6.250235879820079 ], [ -75.558020849101098, 6.250285867118519 ], [ -75.558330183752403, 6.25046133777872 ], [ -75.558680830752195, 6.25066007187636 ], [ -75.559220971987997, 6.250988821836218 ], [ -75.560599790013896, 6.251915347618981 ], [ -75.5602600693162, 6.252382967867749 ], [ -75.560153106726702, 6.252624883056037 ], [ -75.560736955197001, 6.253469858381578 ], [ -75.562351846974295, 6.254630504867873 ], [ -75.562081052584603, 6.254924516470211 ], [ -75.561660531804094, 6.25527837938165 ], [ -75.561361107692505, 6.255051250043291 ], [ -75.561175043734096, 6.255425884791403 ], [ -75.560960974371994, 6.25585807895696 ], [ -75.560277343466097, 6.25530566010463 ], [ -75.559546450725094, 6.25476019127527 ], [ -75.558690830366302, 6.25421994415023 ], [ -75.557978131391195, 6.253703648818339 ], [ -75.556455278626999, 6.252715168845787 ], [ -75.554903909722597, 6.251601087662522 ], [ -75.555158611394205, 6.251307122753579 ], [ -75.555145798312196, 6.251042163614219 ], [ -75.555040677367302, 6.250865144137809 ], [ -75.554937793091497, 6.250768009040969 ], [ -75.554822532666904, 6.250562765772361 ], [ -75.554779427478607, 6.25025794653868 ], [ -75.554783960974305, 6.250080620528271 ], [ -75.554794511046694, 6.24989645738507 ], [ -75.554849035935803, 6.249608901784171 ], [ -75.554680798254594, 6.249524614253828 ] ] ] } },
{ "type": "Feature", "properties": { "OBJECTID": 182, "BARRIO": "BATALLON GIRARDOT", "area_total_ha": 62.729014235708348, "Alta": 35.355168147914114, "Media": 3.6341304030881822, "Baja": 23.739715684706749, "high_share": 0.56361746758947573, "medhigh_share": 0.62155127138611599, "screening_score": 0.57983893265253494, "screening_rank": 18, "barrio_code": "0805", "comuna_code": "08", "comuna_name": "Villa Hermosa", "population_2026": 432.0, "imcv_ampi_2023": 92.38, "population_match": "exact", "population_density_km2_2026": 688.67653232478983, "hazard_weighted_population_proxy_2026": 255.99644761872784, "exposure_component": 0.57029114895123267, "vulnerability_component": 0.76461723930078362, "priority_exposure": 0.57029114895123267, "priority_balanced": 0.61887267153862036, "priority_equity": 0.65773788960853063, "rank_exposure": 68.0, "rank_balanced": 65.0, "rank_equity": 58.0, "rank_hazard_only": 18 }, "geometry": { "type": "Polygon", "coordinates": [ [ [ -75.533740110453905, 6.259123819512759 ], [ -75.534129864693298, 6.258912300820092 ], [ -75.534409329328, 6.25883553500122 ], [ -75.534688760002197, 6.258747078136028 ], [ -75.534991203203006, 6.258612767245619 ], [ -75.535411191216497, 6.258420647881162 ], [ -75.535633937812804, 6.258206669025519 ], [ -75.536003274121597, 6.25788803758663 ], [ -75.536570760992504, 6.257556191132542 ], [ -75.536953521866295, 6.257363200471408 ], [ -75.537493879401296, 6.25704409428142 ], [ -75.537836688623912, 6.256955460936851 ], [ -75.538252964207004, 6.25687733857781 ], [ -75.538647320047104, 6.256875269107249 ], [ -75.538990428943094, 6.256894777075378 ], [ -75.5392703399054, 6.256979732691469 ], [ -75.539585580932396, 6.257108434296192 ], [ -75.539959225187502, 6.257255482139191 ], [ -75.540376812891395, 6.257287446121579 ], [ -75.540685877492606, 6.25736452771616 ], [ -75.541041219528793, 6.257442453642438 ], [ -75.541378310514503, 6.25746879604086 ], [ -75.541801965361799, 6.257511458456378 ], [ -75.542230727894093, 6.257582359089591 ], [ -75.542854690866506, 6.25766440760744 ], [ -75.5435922654206, 6.257721782053471 ], [ -75.543739157953794, 6.258087693632762 ], [ -75.544046900295498, 6.258051762245361 ], [ -75.544286408757614, 6.25807837229075 ], [ -75.544520854310605, 6.258093308531971 ], [ -75.544795701886002, 6.258166585087719 ], [ -75.545329205450699, 6.258278109779063 ], [ -75.545895058840813, 6.258446050377582 ], [ -75.546445788977621, 6.25860234189694 ], [ -75.546875643046604, 6.25870343806762 ], [ -75.547259312889096, 6.258837786837261 ], [ -75.547672157654802, 6.25897205413303 ], [ -75.548142652954198, 6.259216252209132 ], [ -75.548510692378699, 6.259517240616429 ], [ -75.548802899279394, 6.259682045761072 ], [ -75.549124085265504, 6.259776623713791 ], [ -75.549536597719793, 6.25979203180506 ], [ -75.549844447814706, 6.259794092987518 ], [ -75.550227832254805, 6.25982614470988 ], [ -75.550599223489499, 6.259886482346411 ], [ -75.5508642080611, 6.260028955042231 ], [ -75.551207832188794, 6.260232584559782 ], [ -75.551552543591001, 6.26046543897526 ], [ -75.552112036375703, 6.260875977923003 ], [ -75.552179579368001, 6.260925475163439 ], [ -75.552537569904899, 6.261229411289451 ], [ -75.552364741071898, 6.261303939490539 ], [ -75.552171938339995, 6.261430158325 ], [ -75.551693774291195, 6.26168188092761 ], [ -75.551426625748206, 6.26184435605479 ], [ -75.551147552550802, 6.262059472619966 ], [ -75.5508987685688, 6.262313474576359 ], [ -75.550641328562406, 6.262350243787142 ], [ -75.550246760589403, 6.262277306122529 ], [ -75.549588495478204, 6.262162239027699 ], [ -75.5487114296524, 6.261870470587469 ], [ -75.548281672055197, 6.261805424184759 ], [ -75.548285801733101, 6.261482934553359 ], [ -75.548311840372605, 6.261080495205502 ], [ -75.548081051065608, 6.260934028838501 ], [ -75.547852780029203, 6.26096876608293 ], [ -75.547555835256603, 6.260909193360058 ], [ -75.547165280242197, 6.260831369182168 ], [ -75.547046044138099, 6.261004146863669 ], [ -75.547036593153308, 6.261222404857519 ], [ -75.546969785063098, 6.261435953495959 ], [ -75.546822315690719, 6.261585424889589 ], [ -75.546706810958895, 6.26165297193825 ], [ -75.546691745117002, 6.261661781478441 ], [ -75.546393919373202, 6.261647026277552 ], [ -75.545948081070804, 6.26158689282281 ], [ -75.545049154425101, 6.2613926035741 ], [ -75.543874310390393, 6.26110263040084 ], [ -75.543577314260503, 6.261024543916632 ], [ -75.543090277910395, 6.260982059494821 ], [ -75.542690906199397, 6.260989992068849 ], [ -75.542097409282505, 6.261012105152908 ], [ -75.541417408753802, 6.261039329126551 ], [ -75.540827938267995, 6.261062404066967 ], [ -75.539685175226595, 6.261093835102674 ], [ -75.538845250477493, 6.261134165985982 ], [ -75.538460729388305, 6.261056319206071 ], [ -75.537884255864697, 6.261050126984348 ], [ -75.537802226005397, 6.260854529773572 ], [ -75.537601665246598, 6.26072453609491 ], [ -75.537280729487406, 6.26072055572677 ], [ -75.536836361716894, 6.260827982929229 ], [ -75.5366531406044, 6.260783674423518 ], [ -75.536457623407898, 6.260658537993721 ], [ -75.536056815967299, 6.260511562628127 ], [ -75.535776091250995, 6.260496752661151 ], [ -75.535409491839005, 6.260350656435419 ], [ -75.535281969686395, 6.26007529594978 ], [ -75.535130367356302, 6.259823383310957 ], [ -75.534887798098396, 6.25941779047788 ], [ -75.534710503207904, 6.259333520404339 ], [ -75.534533381830002, 6.259311602516838 ], [ -75.534298149628498, 6.259376555918099 ], [ -75.534082017277797, 6.259435609842009 ], [ -75.533749350530897, 6.259191018381279 ], [ -75.533740110453905, 6.259123819512759 ] ] ] } },
{ "type": "Feature", "properties": { "OBJECTID": 183, "BARRIO": "LLANADITAS No.2", "area_total_ha": 65.922812243355281, "Alta": 49.0642321595151, "Media": 11.881485620829077, "Baja": 4.9770944630087, "high_share": 0.74426788678846978, "medhigh_share": 0.9245011810989181, "screening_score": 0.79473320919539536, "screening_rank": 9, "barrio_code": "0806", "comuna_code": "08", "comuna_name": "Villa Hermosa", "population_2026": 10416.0, "imcv_ampi_2023": 92.38, "population_match": "fuzzy_name_variant", "population_density_km2_2026": 15800.29681007713, "hazard_weighted_population_proxy_2026": 8690.9493055575167, "exposure_component": 0.93216248999164086, "vulnerability_component": 0.76461723930078362, "priority_exposure": 0.93216248999164086, "priority_balanced": 0.8902761773189265, "priority_equity": 0.85676712718075521, "rank_exposure": 7.0, "rank_balanced": 13.0, "rank_equity": 22.0, "rank_hazard_only": 9 }, "geometry": { "type": "Polygon", "coordinates": [ [ [ -75.539603848799601, 6.248821365626738 ], [ -75.539846176732496, 6.24914122399455 ], [ -75.539990351437396, 6.249254811071941 ], [ -75.540271309899893, 6.249356327772362 ], [ -75.540518111895295, 6.249475475043051 ], [ -75.540741793094796, 6.249600533833108 ], [ -75.540943529044895, 6.249792876681369 ], [ -75.541096004798902, 6.250360442499788 ], [ -75.541006120343511, 6.250597436654958 ], [ -75.540875929235995, 6.250810185914808 ], [ -75.5406664102224, 6.251075765409888 ], [ -75.540594488454104, 6.251260098739709 ], [ -75.540675414405001, 6.251420626154751 ], [ -75.540869824889, 6.251510691531976 ], [ -75.5410419305842, 6.251538467612531 ], [ -75.541409884970705, 6.25181218468173 ], [ -75.541513995343493, 6.25198920902386 ], [ -75.541607216738512, 6.252229590829221 ], [ -75.541627204169998, 6.252544219875641 ], [ -75.541497207707394, 6.25282711554227 ], [ -75.541431575437997, 6.253103012005081 ], [ -75.541616314277206, 6.253332422403272 ], [ -75.541778052987596, 6.253611583213851 ], [ -75.542015627100795, 6.254029852673612 ], [ -75.542105714102405, 6.254228349304578 ], [ -75.542125964360295, 6.254275057855212 ], [ -75.542203507697394, 6.254665517650012 ], [ -75.542274932385894, 6.255026768147197 ], [ -75.542248695581705, 6.255360035708092 ], [ -75.542165083639702, 6.255681772616929 ], [ -75.541978848202305, 6.255999896530102 ], [ -75.541753329573993, 6.25630059416179 ], [ -75.541486368660799, 6.256531261311002 ], [ -75.541088868605001, 6.256849974348109 ], [ -75.540376812891395, 6.257287446121579 ], [ -75.539959225187502, 6.257255482139191 ], [ -75.539585580932396, 6.257108434296192 ], [ -75.5392703399054, 6.256979732691469 ], [ -75.538990428943094, 6.256894777075378 ], [ -75.538647320047104, 6.256875269107249 ], [ -75.538252964207004, 6.25687733857781 ], [ -75.537836688623912, 6.256955460936851 ], [ -75.537493879401296, 6.25704409428142 ], [ -75.536953521866295, 6.257363200471408 ], [ -75.536570760992504, 6.257556191132542 ], [ -75.536003274121597, 6.25788803758663 ], [ -75.535633937812804, 6.258206669025519 ], [ -75.535411191216497, 6.258420647881162 ], [ -75.534991203203006, 6.258612767245619 ], [ -75.534688760002197, 6.258747078136028 ], [ -75.534409329328, 6.25883553500122 ], [ -75.534129864693298, 6.258912300820092 ], [ -75.533740110453905, 6.259123819512759 ], [ -75.5336877042933, 6.258726467569461 ], [ -75.533864001938397, 6.258450264484742 ], [ -75.534299052575506, 6.257883990593269 ], [ -75.534592413080901, 6.25737558994191 ], [ -75.534851824203201, 6.256959837826849 ], [ -75.535333951254998, 6.256319390059648 ], [ -75.535587262233307, 6.255881246375392 ], [ -75.535660110230694, 6.25566768287665 ], [ -75.535755971665395, 6.255408264612861 ], [ -75.535690937128905, 6.255173649543239 ], [ -75.535597684950403, 6.254921574895478 ], [ -75.535492364156298, 6.254670507804271 ], [ -75.535473843542306, 6.254521497237369 ], [ -75.535500464736302, 6.25432559922113 ], [ -75.535512074163506, 6.254157993797339 ], [ -75.535424030402197, 6.25397020523546 ], [ -75.535130665089895, 6.253747912606989 ], [ -75.534737507773698, 6.253819149164751 ], [ -75.534382374761719, 6.25381623454273 ], [ -75.534227211327305, 6.253730929051659 ], [ -75.534112099042602, 6.253576340491791 ], [ -75.534361882169705, 6.25331747048426 ], [ -75.534606742744614, 6.25309758519322 ], [ -75.534889797856593, 6.25286492931819 ], [ -75.535094418111598, 6.252645154137742 ], [ -75.535213799001198, 6.252524016066019 ], [ -75.535361156414893, 6.252333627972308 ], [ -75.535417124011701, 6.252199999235992 ], [ -75.5354327627375, 6.252034332667931 ], [ -75.535299381492706, 6.251822313762591 ], [ -75.535012308602106, 6.251692556946358 ], [ -75.534891208093299, 6.25155552270591 ], [ -75.534838327875804, 6.251350101098381 ], [ -75.534785315229598, 6.251096940187288 ], [ -75.534647207504193, 6.250994051278237 ], [ -75.534412638838106, 6.250933320972499 ], [ -75.534150169928097, 6.250970094632399 ], [ -75.533978254220202, 6.251010515206091 ], [ -75.533671870235196, 6.25117406389309 ], [ -75.533408697858405, 6.251319954631408 ], [ -75.533210866473198, 6.251448129549021 ], [ -75.533073185926796, 6.251500145516748 ], [ -75.532861706191596, 6.251421815782991 ], [ -75.533099224717802, 6.251092834595992 ], [ -75.533388297213705, 6.250854316411552 ], [ -75.533894351295999, 6.250500236386511 ], [ -75.534474722895695, 6.25010015972191 ], [ -75.535199327982909, 6.249836079677938 ], [ -75.535802444865894, 6.24965904476027 ], [ -75.536756732242495, 6.249508315970608 ], [ -75.537384040780907, 6.249348746856782 ], [ -75.537635457683606, 6.249317848753621 ], [ -75.537863659539198, 6.24925876127255 ], [ -75.537960922814193, 6.249143529835171 ], [ -75.537980851633904, 6.249074302479798 ], [ -75.538501808936203, 6.24901829940482 ], [ -75.538673563026094, 6.248919423215779 ], [ -75.538901762616604, 6.24886033450415 ], [ -75.539072747618107, 6.248847196074449 ], [ -75.539603848799601, 6.248821365626738 ] ] ] } },
{ "type": "Feature", "properties": { "OBJECTID": 184, "BARRIO": "LOS MANGOS", "area_total_ha": 47.966226835208431, "Alta": 17.739273231098984, "Media": 9.972054140551105, "Baja": 20.254899463556665, "high_share": 0.36982840639193049, "medhigh_share": 0.57772581251501043, "screening_score": 0.42803968010639293, "screening_rank": 28, "barrio_code": "0807", "comuna_code": "08", "comuna_name": "Villa Hermosa", "population_2026": 18439.0, "imcv_ampi_2023": 92.38, "population_match": "exact", "population_density_km2_2026": 38441.63115716516, "hazard_weighted_population_proxy_2026": 8735.9761212125431, "exposure_component": 0.93269350722779754, "vulnerability_component": 0.76461723930078362, "priority_exposure": 0.93269350722779754, "priority_balanced": 0.89067444024604403, "priority_equity": 0.85705918666064129, "rank_exposure": 6.0, "rank_balanced": 12.0, "rank_equity": 21.0, "rank_hazard_only": 28 }, "geometry": { "type": "Polygon", "coordinates": [ [ [ -75.546301840004105, 6.247014008822597 ], [ -75.546651632389, 6.247269261778778 ], [ -75.547052207511996, 6.247336343595559 ], [ -75.547293036680998, 6.247477911985141 ], [ -75.547523930529707, 6.247664324974139 ], [ -75.547696563807193, 6.247882075353749 ], [ -75.547797068757106, 6.248209144388759 ], [ -75.547885964818903, 6.248701866388728 ], [ -75.547936093139398, 6.249362270761079 ], [ -75.547932854450295, 6.24964383825806 ], [ -75.548070915013597, 6.249729187888089 ], [ -75.548595732704896, 6.249615683212207 ], [ -75.548494670997002, 6.249810815391119 ], [ -75.548387865978, 6.250111183363481 ], [ -75.548265139139318, 6.250473947620489 ], [ -75.548226479596906, 6.25068059738297 ], [ -75.548324542417902, 6.250852765818551 ], [ -75.5484981156592, 6.251046156941619 ], [ -75.548688124476101, 6.25136128358523 ], [ -75.548833931722712, 6.251698942395977 ], [ -75.548893142247096, 6.252007614510583 ], [ -75.5487589026432, 6.252210634375431 ], [ -75.548530844403999, 6.25232038650574 ], [ -75.5481783837146, 6.252553243897769 ], [ -75.547963166180594, 6.252938673747 ], [ -75.547894792969203, 6.252951530085799 ], [ -75.547119543756907, 6.253090090692779 ], [ -75.545777421661995, 6.253415337722172 ], [ -75.544726512476501, 6.253549791815921 ], [ -75.543835585170399, 6.253694513472837 ], [ -75.542917703487703, 6.2539143284889 ], [ -75.542105714102405, 6.254228349304578 ], [ -75.542015627100795, 6.254029852673612 ], [ -75.541778052987596, 6.253611583213851 ], [ -75.541616314277206, 6.253332422403272 ], [ -75.541431575437997, 6.253103012005081 ], [ -75.541497207707394, 6.25282711554227 ], [ -75.541627204169998, 6.252544219875641 ], [ -75.541607216738512, 6.252229590829221 ], [ -75.541513995343493, 6.25198920902386 ], [ -75.541409884970705, 6.25181218468173 ], [ -75.5410419305842, 6.251538467612531 ], [ -75.540869824889, 6.251510691531976 ], [ -75.540675414405001, 6.251420626154751 ], [ -75.540594488454104, 6.251260098739709 ], [ -75.5406664102224, 6.251075765409888 ], [ -75.540875929235995, 6.250810185914808 ], [ -75.541006120343511, 6.250597436654958 ], [ -75.541096004798902, 6.250360442499788 ], [ -75.540943529044895, 6.249792876681369 ], [ -75.540741793094796, 6.249600533833108 ], [ -75.540518111895295, 6.249475475043051 ], [ -75.540271309899893, 6.249356327772362 ], [ -75.539990351437396, 6.249254811071941 ], [ -75.539846176732496, 6.24914122399455 ], [ -75.539603848799601, 6.248821365626738 ], [ -75.540102178096305, 6.248949558181121 ], [ -75.540383041295499, 6.249016976831401 ], [ -75.540640699235794, 6.249060102877963 ], [ -75.540908245726001, 6.24904182265472 ], [ -75.541275542152405, 6.249078799091699 ], [ -75.541703883603404, 6.249000641812231 ], [ -75.542091970752693, 6.248916752561581 ], [ -75.542588752833495, 6.24885009559447 ], [ -75.542998907155706, 6.24874373587095 ], [ -75.543203952548495, 6.248678865498044 ], [ -75.543391833601206, 6.248591633669609 ], [ -75.543893420610203, 6.248444099861752 ], [ -75.544354241605404, 6.248107673562382 ], [ -75.5446162461011, 6.247905273605121 ], [ -75.544945505755507, 6.24765007715312 ], [ -75.545366278797303, 6.247382934451071 ], [ -75.545691832950297, 6.24724270925952 ], [ -75.545873754626896, 6.2471837473408 ], [ -75.546301840004105, 6.247014008822597 ] ] ] } },
{ "type": "Feature", "properties": { "OBJECTID": 185, "BARRIO": "ESTACION VILLA", "area_total_ha": 24.535029468645682, "Alta": 0.0, "Media": 0.0, "Baja": 0.0, "high_share": 0.0, "medhigh_share": 0.0, "screening_score": 0.0, "screening_rank": 87, "barrio_code": "1005", "comuna_code": "10", "comuna_name": "La Candelaria", "population_2026": 664.0, "imcv_ampi_2023": 102.65, "population_match": "exact", "population_density_km2_2026": 2706.3346341138604, "hazard_weighted_population_proxy_2026": 0.0, "exposure_component": 0.0, "vulnerability_component": 0.45509342977697381, "priority_exposure": 0.0, "priority_balanced": 0.11377335744424345, "priority_equity": 0.20479204339963822, "rank_exposure": 85.0, "rank_balanced": 163.0, "rank_equity": 162.0, "rank_hazard_only": 87 }, "geometry": { "type": "Polygon", "coordinates": [ [ [ -75.569732933702596, 6.252856970193109 ], [ -75.570343145104999, 6.253059831041871 ], [ -75.570572931496102, 6.253207265128842 ], [ -75.570809095435905, 6.253475485747511 ], [ -75.571062276992194, 6.253713457904321 ], [ -75.571172697611004, 6.253983983696868 ], [ -75.571200469335494, 6.2552640587482 ], [ -75.571231593277304, 6.255597160535019 ], [ -75.571302012260702, 6.255951585280498 ], [ -75.571488124454405, 6.256306654575127 ], [ -75.5716290161741, 6.256679388779911 ], [ -75.571904710281999, 6.257050766926731 ], [ -75.5714904750687, 6.257490352273232 ], [ -75.571236803894905, 6.25779016339049 ], [ -75.570964218076995, 6.258160174738218 ], [ -75.570693448228994, 6.2584610098839 ], [ -75.570632268917194, 6.258527432008851 ], [ -75.569765369903294, 6.258272691848309 ], [ -75.568695528412903, 6.258114001391408 ], [ -75.567200851115501, 6.257849343969401 ], [ -75.566045519802003, 6.257697709881359 ], [ -75.566229973224907, 6.257110693103809 ], [ -75.566650282349798, 6.25597061204079 ], [ -75.566974839999105, 6.255123077186529 ], [ -75.567147512301702, 6.254639363857949 ], [ -75.567401329109003, 6.254034614546988 ], [ -75.5686314235314, 6.25430197085978 ], [ -75.569421556433795, 6.254449766145599 ], [ -75.569512531194405, 6.253536642275821 ], [ -75.569701976644396, 6.25293791927998 ], [ -75.569732933702596, 6.252856970193109 ] ] ] } },
{ "type": "Feature", "properties": { "OBJECTID": 186, "BARRIO": "VILLA NUEVA", "area_total_ha": 31.54287853956, "Alta": 0.0, "Media": 0.0, "Baja": 12.991820649420557, "high_share": 0.0, "medhigh_share": 0.0, "screening_score": 0.0, "screening_rank": 87, "barrio_code": "1018", "comuna_code": "10", "comuna_name": "La Candelaria", "population_2026": 4628.0, "imcv_ampi_2023": 102.65, "population_match": "exact", "population_density_km2_2026": 14672.091496645497, "hazard_weighted_population_proxy_2026": 0.0, "exposure_component": 0.0, "vulnerability_component": 0.45509342977697381, "priority_exposure": 0.0, "priority_balanced": 0.11377335744424345, "priority_equity": 0.20479204339963822, "rank_exposure": 85.0, "rank_balanced": 163.0, "rank_equity": 162.0, "rank_hazard_only": 87 }, "geometry": { "type": "Polygon", "coordinates": [ [ [ -75.561647429275794, 6.249908371762101 ], [ -75.563917116693702, 6.251390618851049 ], [ -75.566898076376106, 6.253234234883679 ], [ -75.567466603892598, 6.253637911926822 ], [ -75.567401329109003, 6.254034614546988 ], [ -75.567147512301702, 6.254639363857949 ], [ -75.566974839999105, 6.255123077186529 ], [ -75.566650282349798, 6.25597061204079 ], [ -75.566229973224907, 6.257110693103809 ], [ -75.565230341889205, 6.25652020514696 ], [ -75.5637611486016, 6.255659227009579 ], [ -75.562351846974295, 6.254630504867873 ], [ -75.560736955197001, 6.253469858381578 ], [ -75.560153106726702, 6.252624883056037 ], [ -75.5602600693162, 6.252382967867749 ], [ -75.560599790013896, 6.251915347618981 ], [ -75.560882345800906, 6.251511214173558 ], [ -75.5611801079733, 6.2507904067854 ], [ -75.561647429275794, 6.249908371762101 ] ] ] } },
{ "type": "Feature", "properties": { "OBJECTID": 187, "BARRIO": "BOSTON", "area_total_ha": 53.74253312155998, "Alta": 0.0, "Media": 0.0, "Baja": 53.739918814283776, "high_share": 0.0, "medhigh_share": 0.0, "screening_score": 0.0, "screening_rank": 87, "barrio_code": "1016", "comuna_code": "10", "comuna_name": "La Candelaria", "population_2026": 15220.0, "imcv_ampi_2023": 102.65, "population_match": "exact", "population_density_km2_2026": 28320.213276091687, "hazard_weighted_population_proxy_2026": 0.0, "exposure_component": 0.0, "vulnerability_component": 0.45509342977697381, "priority_exposure": 0.0, "priority_balanced": 0.11377335744424345, "priority_equity": 0.20479204339963822, "rank_exposure": 85.0, "rank_balanced": 163.0, "rank_equity": 162.0, "rank_hazard_only": 87 }, "geometry": { "type": "Polygon", "coordinates": [ [ [ -75.558420493655902, 6.24356730738879 ], [ -75.559775252764396, 6.244174353779639 ], [ -75.561594870878494, 6.245170760443226 ], [ -75.563374047719407, 6.246093230326122 ], [ -75.562794333310194, 6.247429581200449 ], [ -75.562176470372904, 6.248795266618751 ], [ -75.562030684455607, 6.249182452832429 ], [ -75.561647429275794, 6.249908371762101 ], [ -75.5611801079733, 6.2507904067854 ], [ -75.560882345800906, 6.251511214173558 ], [ -75.560599790013896, 6.251915347618981 ], [ -75.559220971987997, 6.250988821836218 ], [ -75.558680830752195, 6.25066007187636 ], [ -75.558330183752403, 6.25046133777872 ], [ -75.558020849101098, 6.250285867118519 ], [ -75.557781279481304, 6.250235879820079 ], [ -75.5575813322138, 6.2503241232322 ], [ -75.557323705106299, 6.250291723358842 ], [ -75.556949453181204, 6.249926456785768 ], [ -75.556674563300504, 6.249836623568039 ], [ -75.556021115038519, 6.24963971170421 ], [ -75.555632743536094, 6.249620343028758 ], [ -75.554680798254594, 6.249524614253828 ], [ -75.554464203055218, 6.249416104958061 ], [ -75.554247740097196, 6.249354359488118 ], [ -75.554046335771105, 6.249281856043228 ], [ -75.553841131656398, 6.249289250978762 ], [ -75.553975003987802, 6.24895568234348 ], [ -75.554154826119102, 6.248506048884192 ], [ -75.554283504298198, 6.248115013822719 ], [ -75.554503756917796, 6.247733465210001 ], [ -75.555000986420097, 6.247109527143216 ], [ -75.555221302091994, 6.246751359215001 ], [ -75.555408729951196, 6.2465033738075 ], [ -75.555601218740904, 6.246267066461102 ], [ -75.555766738368007, 6.246099031311829 ], [ -75.5558900701064, 6.245954496306579 ], [ -75.556048193131701, 6.24565983008535 ], [ -75.556239320126195, 6.245296874108631 ], [ -75.556364632138411, 6.245140642198641 ], [ -75.556420435619003, 6.244950506433329 ], [ -75.556684660860597, 6.24518456030896 ], [ -75.556996698712197, 6.24488946109173 ], [ -75.557245390489399, 6.244606231545651 ], [ -75.557381638317906, 6.244404180022327 ], [ -75.557506868340695, 6.244218720765749 ], [ -75.557977203255902, 6.244410302182713 ], [ -75.558168218481498, 6.244007400995448 ], [ -75.558320511932806, 6.243787767131212 ], [ -75.558420493655902, 6.24356730738879 ] ] ] } },
{ "type": "Feature", "properties": { "OBJECTID": 188, "BARRIO": "SUCRE", "area_total_ha": 35.335630845755354, "Alta": 2.8204918200365832, "Media": 0.51393911117369295, "Baja": 32.00119991454752, "high_share": 0.079820049975855775, "medhigh_share": 0.094364550777811293, "screening_score": 0.083892510200403322, "screening_rank": 54, "barrio_code": "0809", "comuna_code": "08", "comuna_name": "Villa Hermosa", "population_2026": 6159.0, "imcv_ampi_2023": 92.38, "population_match": "exact", "population_density_km2_2026": 17429.998708342973, "hazard_weighted_population_proxy_2026": 536.40147802091769, "exposure_component": 0.64610471362002897, "vulnerability_component": 0.76461723930078362, "priority_exposure": 0.64610471362002897, "priority_balanced": 0.67573284504021758, "priority_equity": 0.6994353501763686, "rank_exposure": 59.0, "rank_balanced": 59.0, "rank_equity": 55.0, "rank_hazard_only": 54 }, "geometry": { "type": "Polygon", "coordinates": [ [ [ -75.5500337034388, 6.242542497949763 ], [ -75.550263219681497, 6.242596415146349 ], [ -75.550451416779794, 6.242624143632778 ], [ -75.550789389178405, 6.242609559624119 ], [ -75.551812604422395, 6.242653464569261 ], [ -75.552098236431405, 6.242628309765688 ], [ -75.552544074722107, 6.242694285581499 ], [ -75.552928546895501, 6.242760434093509 ], [ -75.553301157963205, 6.242901632356561 ], [ -75.553541936247896, 6.243025662335191 ], [ -75.553754615692512, 6.24317412812839 ], [ -75.554048282815799, 6.24350454943463 ], [ -75.554296634336197, 6.243818537020648 ], [ -75.554561083245417, 6.244132478708059 ], [ -75.554832507638395, 6.244423018865078 ], [ -75.555091827864103, 6.244701901350984 ], [ -75.555455138485996, 6.24511396465163 ], [ -75.556048193131701, 6.24565983008535 ], [ -75.5558900701064, 6.245954496306579 ], [ -75.555766738368007, 6.246099031311829 ], [ -75.555601218740904, 6.246267066461102 ], [ -75.555408729951196, 6.2465033738075 ], [ -75.555221302091994, 6.246751359215001 ], [ -75.555000986420097, 6.247109527143216 ], [ -75.554503756917796, 6.247733465210001 ], [ -75.554283504298198, 6.248115013822719 ], [ -75.552158231915399, 6.246820341388199 ], [ -75.551665766843001, 6.24662979253397 ], [ -75.551346071503104, 6.246705702384868 ], [ -75.551088555895106, 6.246713243097631 ], [ -75.550694278037795, 6.246739675025768 ], [ -75.5501401779498, 6.24681331870025 ], [ -75.549518850188008, 6.246949502057978 ], [ -75.549152753813104, 6.24698072539682 ], [ -75.548799622069396, 6.246971968517721 ], [ -75.548461438484495, 6.24691153443835 ], [ -75.548168393814507, 6.246804210478549 ], [ -75.547950718615894, 6.246668423172038 ], [ -75.547543951120502, 6.24654485176462 ], [ -75.547299387854807, 6.246507538450871 ], [ -75.547842434265405, 6.245354458169791 ], [ -75.548552596605404, 6.243884279962247 ], [ -75.548920128493506, 6.24400795834535 ], [ -75.549095964442401, 6.24393147583095 ], [ -75.549190828533398, 6.24367790567953 ], [ -75.549263787513496, 6.243506233314818 ], [ -75.549348939610098, 6.24337836897295 ], [ -75.549594172219699, 6.243295847791872 ], [ -75.549799344554003, 6.243277738342631 ], [ -75.549946454840807, 6.24300161520362 ], [ -75.5500337034388, 6.242542497949763 ] ] ] } },
{ "type": "Feature", "properties": { "OBJECTID": 189, "BARRIO": "EL PINAL", "area_total_ha": 44.912045678374966, "Alta": 10.625011539464783, "Media": 4.9549491559036856, "Baja": 29.332084983001561, "high_share": 0.23657376053526546, "medhigh_share": 0.34689937766228668, "screening_score": 0.26746493333083143, "screening_rank": 38, "barrio_code": "0810", "comuna_code": "08", "comuna_name": "Villa Hermosa", "population_2026": 17546.0, "imcv_ampi_2023": 92.38, "population_match": "exact", "population_density_km2_2026": 39067.47006282182, "hazard_weighted_population_proxy_2026": 5118.8098414071255, "exposure_component": 0.87776705409627298, "vulnerability_component": 0.76461723930078362, "priority_exposure": 0.87776705409627298, "priority_balanced": 0.84947960039740067, "priority_equity": 0.82684963743830275, "rank_exposure": 20.0, "rank_balanced": 26.0, "rank_equity": 31.0, "rank_hazard_only": 38 }, "geometry": { "type": "Polygon", "coordinates": [ [ [ -75.545957184047595, 6.239923380445581 ], [ -75.546059872038896, 6.239951348436831 ], [ -75.546317497364598, 6.239984729901 ], [ -75.546575118676699, 6.240016162896568 ], [ -75.546878411645096, 6.240192631924231 ], [ -75.5475353751021, 6.240935131167877 ], [ -75.548008339666495, 6.241349818333791 ], [ -75.548323796537801, 6.241559377904757 ], [ -75.548628081615803, 6.241729998190741 ], [ -75.548989878605795, 6.241961833977476 ], [ -75.549432396812193, 6.24228112809898 ], [ -75.5499823631298, 6.242529976408706 ], [ -75.5500337034388, 6.242542497949763 ], [ -75.549946454840807, 6.24300161520362 ], [ -75.549799344554003, 6.243277738342631 ], [ -75.549594172219699, 6.243295847791872 ], [ -75.549348939610098, 6.24337836897295 ], [ -75.549263787513496, 6.243506233314818 ], [ -75.549190828533398, 6.24367790567953 ], [ -75.549095964442401, 6.24393147583095 ], [ -75.548920128493506, 6.24400795834535 ], [ -75.548552596605404, 6.243884279962247 ], [ -75.547842434265405, 6.245354458169791 ], [ -75.547299387854807, 6.246507538450871 ], [ -75.547258126729204, 6.246501807483289 ], [ -75.547080193703295, 6.246548094730382 ], [ -75.546864178884306, 6.246647096801969 ], [ -75.5466192965971, 6.246856269261511 ], [ -75.546301840004105, 6.247014008822597 ], [ -75.545873754626896, 6.2471837473408 ], [ -75.545691832950297, 6.24724270925952 ], [ -75.545366278797303, 6.247382934451071 ], [ -75.544945505755507, 6.24765007715312 ], [ -75.5446162461011, 6.247905273605121 ], [ -75.544354241605404, 6.248107673562382 ], [ -75.543893420610203, 6.248444099861752 ], [ -75.543391833601206, 6.248591633669609 ], [ -75.543135692728598, 6.248007793444092 ], [ -75.542868231322004, 6.247332404279879 ], [ -75.542606101641496, 6.246765142880571 ], [ -75.542352421916704, 6.246342047392042 ], [ -75.542120904555404, 6.24593058067235 ], [ -75.541917860018614, 6.245628152615442 ], [ -75.541733270747514, 6.245451349726244 ], [ -75.541613160297402, 6.245308468191153 ], [ -75.541518619564215, 6.244954102123562 ], [ -75.541555731806596, 6.244551632052049 ], [ -75.541593384422001, 6.244344010304552 ], [ -75.541580993059398, 6.244229083773952 ], [ -75.542349133285015, 6.243706698418337 ], [ -75.542717225376094, 6.243307205826877 ], [ -75.543109779758595, 6.243022606520233 ], [ -75.543514584487298, 6.242802273317811 ], [ -75.543817302326204, 6.242771230405933 ], [ -75.544113633257311, 6.2426135518516 ], [ -75.544453940221004, 6.242352480104591 ], [ -75.544903899158399, 6.242091102863548 ], [ -75.5452393029706, 6.241875833163318 ], [ -75.545512272379412, 6.241638329733003 ], [ -75.545698746631004, 6.24140788822348 ], [ -75.545719151300702, 6.24114867977943 ], [ -75.545631921790502, 6.2408917181195 ], [ -75.545544400863903, 6.240529539693608 ], [ -75.545571129364504, 6.240373585779579 ], [ -75.545701540783298, 6.240241698402583 ], [ -75.545957184047595, 6.239923380445581 ] ] ] } },
{ "type": "Feature", "properties": { "OBJECTID": 190, "BARRIO": "SAN BENITO", "area_total_ha": 48.994737776567518, "Alta": 0.0, "Media": 0.0, "Baja": 0.0, "high_share": 0.0, "medhigh_share": 0.0, "screening_score": 0.0, "screening_rank": 87, "barrio_code": "1006", "comuna_code": "10", "comuna_name": "La Candelaria", "population_2026": 652.0, "imcv_ampi_2023": 102.65, "population_match": "exact", "population_density_km2_2026": 1330.7551577749823, "hazard_weighted_population_proxy_2026": 0.0, "exposure_component": 0.0, "vulnerability_component": 0.45509342977697381, "priority_exposure": 0.0, "priority_balanced": 0.11377335744424345, "priority_equity": 0.20479204339963822, "rank_exposure": 85.0, "rank_balanced": 163.0, "rank_equity": 162.0, "rank_hazard_only": 87 }, "geometry": { "type": "Polygon", "coordinates": [ [ [ -75.5710505475719, 6.249571987080093 ], [ -75.572343979592006, 6.250184039869271 ], [ -75.574087356679598, 6.25088833604066 ], [ -75.575193380803299, 6.251395694864452 ], [ -75.575150908543804, 6.251672500049071 ], [ -75.575121485998693, 6.252293173604983 ], [ -75.5751227494994, 6.25309204841224 ], [ -75.576200748175907, 6.253647218985271 ], [ -75.5773081765971, 6.254291936126449 ], [ -75.575928348538696, 6.25691169838966 ], [ -75.5747323649978, 6.259091555741931 ], [ -75.574271721184004, 6.259838160680042 ], [ -75.574118516806294, 6.260089950241631 ], [ -75.573961520368002, 6.260423588196228 ], [ -75.573651889046516, 6.25979316017229 ], [ -75.573477998105005, 6.259491639739679 ], [ -75.573258408694102, 6.259039242381699 ], [ -75.572996240440702, 6.258472005799198 ], [ -75.572713096141797, 6.257957437152919 ], [ -75.572481666767516, 6.257585935062023 ], [ -75.572342237979697, 6.257374921086967 ], [ -75.572106444654594, 6.25723822167348 ], [ -75.571904710281999, 6.257050766926731 ], [ -75.5716290161741, 6.256679388779911 ], [ -75.571488124454405, 6.256306654575127 ], [ -75.571302012260702, 6.255951585280498 ], [ -75.571231593277304, 6.255597160535019 ], [ -75.571200469335494, 6.2552640587482 ], [ -75.571172697611004, 6.253983983696868 ], [ -75.571062276992194, 6.253713457904321 ], [ -75.570809095435905, 6.253475485747511 ], [ -75.570572931496102, 6.253207265128842 ], [ -75.570343145104999, 6.253059831041871 ], [ -75.569732933702596, 6.252856970193109 ], [ -75.569920692950404, 6.252373213248571 ], [ -75.570818824292999, 6.25016108626067 ], [ -75.5710505475719, 6.249571987080093 ] ] ] } },
{ "type": "Feature", "properties": { "OBJECTID": 191, "BARRIO": "LA CANDELARIA", "area_total_ha": 65.960749524295522, "Alta": 0.0, "Media": 0.0, "Baja": 4.9568516543427501, "high_share": 0.0, "medhigh_share": 0.0, "screening_score": 0.0, "screening_rank": 87, "barrio_code": "1019", "comuna_code": "10", "comuna_name": "La Candelaria", "population_2026": 3414.0, "imcv_ampi_2023": 102.65, "population_match": "exact", "population_density_km2_2026": 5175.8053457875139, "hazard_weighted_population_proxy_2026": 0.0, "exposure_component": 0.0, "vulnerability_component": 0.45509342977697381, "priority_exposure": 0.0, "priority_balanced": 0.11377335744424345, "priority_equity": 0.20479204339963822, "rank_exposure": 85.0, "rank_balanced": 163.0, "rank_equity": 162.0, "rank_hazard_only": 87 }, "geometry": { "type": "Polygon", "coordinates": [ [ [ -75.569701976644396, 6.25293791927998 ], [ -75.569512531194405, 6.253536642275821 ], [ -75.569421556433795, 6.254449766145599 ], [ -75.5686314235314, 6.25430197085978 ], [ -75.567401329109003, 6.254034614546988 ], [ -75.567466603892598, 6.253637911926822 ], [ -75.566898076376106, 6.253234234883679 ], [ -75.563917116693702, 6.251390618851049 ], [ -75.561647429275794, 6.249908371762101 ], [ -75.562030684455607, 6.249182452832429 ], [ -75.562176470372904, 6.248795266618751 ], [ -75.562794333310194, 6.247429581200449 ], [ -75.563374047719407, 6.246093230326122 ], [ -75.563915527473995, 6.245112586846397 ], [ -75.564342894591604, 6.244334908600011 ], [ -75.565171351414307, 6.244879123911399 ], [ -75.565964747980303, 6.245476043346749 ], [ -75.566985544121593, 6.246088883474771 ], [ -75.566459308357494, 6.246765520614143 ], [ -75.567763046520994, 6.247468161864788 ], [ -75.568039572022997, 6.247068914832198 ], [ -75.568378193680701, 6.246572067948471 ], [ -75.569783341037095, 6.247205245574008 ], [ -75.5716632906379, 6.24782830506898 ], [ -75.571350958115517, 6.248726466942239 ], [ -75.5710505475719, 6.249571987080093 ], [ -75.570818824292999, 6.25016108626067 ], [ -75.569920692950404, 6.252373213248571 ], [ -75.569732933702596, 6.252856970193109 ], [ -75.569701976644396, 6.25293791927998 ] ] ] } },
{ "type": "Feature", "properties": { "OBJECTID": 192, "BARRIO": "CORAZON DEJESUS", "area_total_ha": 33.861902574077796, "Alta": 0.0, "Media": 0.0, "Baja": 0.0, "high_share": 0.0, "medhigh_share": 0.0, "screening_score": 0.0, "screening_rank": 87, "barrio_code": "1008", "comuna_code": "10", "comuna_name": "La Candelaria", "population_2026": 2659.0, "imcv_ampi_2023": 102.65, "population_match": "fuzzy_name_variant", "population_density_km2_2026": 7852.4825773834, "hazard_weighted_population_proxy_2026": 0.0, "exposure_component": 0.0, "vulnerability_component": 0.45509342977697381, "priority_exposure": 0.0, "priority_balanced": 0.11377335744424345, "priority_equity": 0.20479204339963822, "rank_exposure": 85.0, "rank_balanced": 163.0, "rank_equity": 162.0, "rank_hazard_only": 87 }, "geometry": { "type": "Polygon", "coordinates": [ [ [ -75.575205229114218, 6.251316747143308 ], [ -75.575246953725198, 6.250776900063132 ], [ -75.575313185444202, 6.249656335287298 ], [ -75.575308128456598, 6.248938334215387 ], [ -75.575256636703898, 6.248163958592232 ], [ -75.575304704404701, 6.247732233575813 ], [ -75.575267691459302, 6.247450784972681 ], [ -75.575202462092093, 6.247152852085308 ], [ -75.575160257172101, 6.246814910839079 ], [ -75.575101257704603, 6.24658515793325 ], [ -75.574832835409694, 6.245938050561858 ], [ -75.5751954241655, 6.246090950808078 ], [ -75.575371481522794, 6.246094347395661 ], [ -75.575934665041402, 6.246388915273802 ], [ -75.578168927963901, 6.247084985222973 ], [ -75.580331097174806, 6.247898158563531 ], [ -75.580376783254394, 6.248044164118761 ], [ -75.580419852779599, 6.248331440844538 ], [ -75.580380138216299, 6.248515685334158 ], [ -75.580262184911305, 6.248780040557651 ], [ -75.579196397342102, 6.250744220793569 ], [ -75.578615964978809, 6.251813641371247 ], [ -75.577452266097396, 6.2540197114217 ], [ -75.5773081765971, 6.254291936126449 ], [ -75.576200748175907, 6.253647218985271 ], [ -75.5751227494994, 6.25309204841224 ], [ -75.575121485998693, 6.252293173604983 ], [ -75.575150908543804, 6.251672500049071 ], [ -75.575193380803299, 6.251395694864452 ], [ -75.575205229114218, 6.251316747143308 ] ] ] } },
{ "type": "Feature", "properties": { "OBJECTID": 193, "BARRIO": "GUAYAQUIL", "area_total_ha": 32.812243342945131, "Alta": 0.0, "Media": 0.0, "Baja": 0.0, "high_share": 0.0, "medhigh_share": 0.0, "screening_score": 0.0, "screening_rank": 87, "barrio_code": "1007", "comuna_code": "10", "comuna_name": "La Candelaria", "population_2026": 760.0, "imcv_ampi_2023": 102.65, "population_match": "exact", "population_density_km2_2026": 2316.2085934103179, "hazard_weighted_population_proxy_2026": 0.0, "exposure_component": 0.0, "vulnerability_component": 0.45509342977697381, "priority_exposure": 0.0, "priority_balanced": 0.11377335744424345, "priority_equity": 0.20479204339963822, "rank_exposure": 85.0, "rank_balanced": 163.0, "rank_equity": 162.0, "rank_hazard_only": 87 }, "geometry": { "type": "Polygon", "coordinates": [ [ [ -75.575193380803299, 6.251395694864452 ], [ -75.574087356679598, 6.25088833604066 ], [ -75.572343979592006, 6.250184039869271 ], [ -75.5710505475719, 6.249571987080093 ], [ -75.571350958115517, 6.248726466942239 ], [ -75.5716632906379, 6.24782830506898 ], [ -75.569783341037095, 6.247205245574008 ], [ -75.568378193680701, 6.246572067948471 ], [ -75.568650797102293, 6.246208878078668 ], [ -75.569588421877697, 6.244800391034568 ], [ -75.569882960886105, 6.244367968213592 ], [ -75.569983012197099, 6.24417478603331 ], [ -75.570677916829894, 6.24444852855118 ], [ -75.5712107049183, 6.244668172767059 ], [ -75.571617438874597, 6.24478003174118 ], [ -75.572873030593001, 6.245177859497659 ], [ -75.573657590185704, 6.24549420983355 ], [ -75.574832835409694, 6.245938050561858 ], [ -75.575101257704603, 6.24658515793325 ], [ -75.575160257172101, 6.246814910839079 ], [ -75.575202462092093, 6.247152852085308 ], [ -75.575267691459302, 6.247450784972681 ], [ -75.575304704404701, 6.247732233575813 ], [ -75.575256636703898, 6.248163958592232 ], [ -75.575308128456598, 6.248938334215387 ], [ -75.575313185444202, 6.249656335287298 ], [ -75.575246953725198, 6.250776900063132 ], [ -75.575205229114218, 6.251316747143308 ], [ -75.575193380803299, 6.251395694864452 ] ] ] } },
{ "type": "Feature", "properties": { "OBJECTID": 194, "BARRIO": "COLON", "area_total_ha": 36.11537735001037, "Alta": 0.0, "Media": 0.0, "Baja": 0.0, "high_share": 0.0, "medhigh_share": 0.0, "screening_score": 0.0, "screening_rank": 87, "barrio_code": "1013", "comuna_code": "10", "comuna_name": "La Candelaria", "population_2026": 3092.0, "imcv_ampi_2023": 102.65, "population_match": "fuzzy_name_variant", "population_density_km2_2026": 8561.4500716247185, "hazard_weighted_population_proxy_2026": 0.0, "exposure_component": 0.0, "vulnerability_component": 0.45509342977697381, "priority_exposure": 0.0, "priority_balanced": 0.11377335744424345, "priority_equity": 0.20479204339963822, "rank_exposure": 85.0, "rank_balanced": 163.0, "rank_equity": 162.0, "rank_hazard_only": 87 }, "geometry": { "type": "Polygon", "coordinates": [ [ [ -75.570646592764405, 6.237281114265993 ], [ -75.570657768690793, 6.237320053060609 ], [ -75.570933790223904, 6.237456640947001 ], [ -75.571524089547594, 6.237739447604217 ], [ -75.572550288508495, 6.238133058849558 ], [ -75.572370176979604, 6.238473579807831 ], [ -75.571968252037706, 6.23970518493552 ], [ -75.571366452617696, 6.24104842161391 ], [ -75.570697818602696, 6.242592541383929 ], [ -75.5701410839376, 6.24386550277895 ], [ -75.569983012197099, 6.24417478603331 ], [ -75.569882960886105, 6.244367968213592 ], [ -75.569588421877697, 6.244800391034568 ], [ -75.568650797102293, 6.246208878078668 ], [ -75.568378193680701, 6.246572067948471 ], [ -75.568039572022997, 6.247068914832198 ], [ -75.567763046520994, 6.247468161864788 ], [ -75.566459308357494, 6.246765520614143 ], [ -75.566985544121593, 6.246088883474771 ], [ -75.565964747980303, 6.245476043346749 ], [ -75.565171351414307, 6.244879123911399 ], [ -75.564342894591604, 6.244334908600011 ], [ -75.565231297879905, 6.242590452767111 ], [ -75.565537557627195, 6.242746442824022 ], [ -75.567714311496104, 6.243390115985981 ], [ -75.568903622842996, 6.240623800096959 ], [ -75.568928611401006, 6.24056722305164 ], [ -75.569877036002097, 6.238353983622229 ], [ -75.570252923264206, 6.237518968826956 ], [ -75.570373878640794, 6.237603386095919 ], [ -75.570584902888896, 6.237521926830661 ], [ -75.570646592764405, 6.237281114265993 ] ] ] } },
{ "type": "Feature", "properties": { "OBJECTID": 195, "BARRIO": "LA ALPUJARRA", "area_total_ha": 30.859366065400316, "Alta": 0.0, "Media": 0.0, "Baja": 0.0, "high_share": 0.0, "medhigh_share": 0.0, "screening_score": 0.0, "screening_rank": 87, "barrio_code": null, "comuna_code": null, "comuna_name": null, "population_2026": null, "imcv_ampi_2023": null, "population_match": "unmatched_or_nonresidential", "population_density_km2_2026": null, "hazard_weighted_population_proxy_2026": null, "exposure_component": null, "vulnerability_component": null, "priority_exposure": null, "priority_balanced": null, "priority_equity": null, "rank_exposure": null, "rank_balanced": null, "rank_equity": null, "rank_hazard_only": 87 }, "geometry": { "type": "Polygon", "coordinates": [ [ [ -75.580309764272997, 6.24782515107745 ], [ -75.5803179009703, 6.247856302869999 ], [ -75.580331097174806, 6.247898158563531 ], [ -75.578168927963901, 6.247084985222973 ], [ -75.575934665041402, 6.246388915273802 ], [ -75.575371481522794, 6.246094347395661 ], [ -75.575410970035705, 6.244411721566729 ], [ -75.575434580431605, 6.242450508013761 ], [ -75.575435385465397, 6.24237938686553 ], [ -75.575494187655195, 6.239702006520461 ], [ -75.575492807579707, 6.23957048775607 ], [ -75.576569241705698, 6.239584967581829 ], [ -75.577542084872306, 6.239608507084403 ], [ -75.578491025666494, 6.242195336257012 ], [ -75.580205983296196, 6.247414317606773 ], [ -75.580309764272997, 6.24782515107745 ] ] ] } },
{ "type": "Feature", "properties": { "OBJECTID": 196, "BARRIO": "CENTRO ADMINISTRATIVO", "area_total_ha": 12.764427936288531, "Alta": 0.0, "Media": 0.0, "Baja": 0.0, "high_share": 0.0, "medhigh_share": 0.0, "screening_score": 0.0, "screening_rank": 87, "barrio_code": null, "comuna_code": null, "comuna_name": null, "population_2026": null, "imcv_ampi_2023": null, "population_match": "unmatched_or_nonresidential", "population_density_km2_2026": null, "hazard_weighted_population_proxy_2026": null, "exposure_component": null, "vulnerability_component": null, "priority_exposure": null, "priority_balanced": null, "priority_equity": null, "rank_exposure": null, "rank_balanced": null, "rank_equity": null, "rank_hazard_only": 87 }, "geometry": { "type": "Polygon", "coordinates": [ [ [ -75.571617438874597, 6.24478003174118 ], [ -75.572295479026806, 6.24300499059434 ], [ -75.572637031322401, 6.242124281569448 ], [ -75.572878738180805, 6.242220045499682 ], [ -75.573234216065103, 6.242349586294151 ], [ -75.573669066039002, 6.242443828861029 ], [ -75.5741380403867, 6.242509721792389 ], [ -75.575434580431605, 6.242450508013761 ], [ -75.575410970035705, 6.244411721566729 ], [ -75.575371481522794, 6.246094347395661 ], [ -75.5751954241655, 6.246090950808078 ], [ -75.574832835409694, 6.245938050561858 ], [ -75.573657590185704, 6.24549420983355 ], [ -75.572873030593001, 6.245177859497659 ], [ -75.571617438874597, 6.24478003174118 ] ] ] } },
{ "type": "Feature", "properties": { "OBJECTID": 197, "BARRIO": "CALLE NUEVA", "area_total_ha": 22.446677042632022, "Alta": 0.0, "Media": 0.0, "Baja": 0.0, "high_share": 0.0, "medhigh_share": 0.0, "screening_score": 0.0, "screening_rank": 87, "barrio_code": "1011", "comuna_code": "10", "comuna_name": "La Candelaria", "population_2026": 284.0, "imcv_ampi_2023": 102.65, "population_match": "exact", "population_density_km2_2026": 1265.2206803733616, "hazard_weighted_population_proxy_2026": 0.0, "exposure_component": 0.0, "vulnerability_component": 0.45509342977697381, "priority_exposure": 0.0, "priority_balanced": 0.11377335744424345, "priority_equity": 0.20479204339963822, "rank_exposure": 85.0, "rank_balanced": 163.0, "rank_equity": 162.0, "rank_hazard_only": 87 }, "geometry": { "type": "Polygon", "coordinates": [ [ [ -75.575492807579707, 6.23957048775607 ], [ -75.575494187655195, 6.239702006520461 ], [ -75.575435385465397, 6.24237938686553 ], [ -75.575434580431605, 6.242450508013761 ], [ -75.5741380403867, 6.242509721792389 ], [ -75.573669066039002, 6.242443828861029 ], [ -75.573234216065103, 6.242349586294151 ], [ -75.572878738180805, 6.242220045499682 ], [ -75.572637031322401, 6.242124281569448 ], [ -75.572295479026806, 6.24300499059434 ], [ -75.571617438874597, 6.24478003174118 ], [ -75.5712107049183, 6.244668172767059 ], [ -75.570677916829894, 6.24444852855118 ], [ -75.569983012197099, 6.24417478603331 ], [ -75.5701410839376, 6.24386550277895 ], [ -75.570697818602696, 6.242592541383929 ], [ -75.571366452617696, 6.24104842161391 ], [ -75.571968252037706, 6.23970518493552 ], [ -75.572370176979604, 6.238473579807831 ], [ -75.572550288508495, 6.238133058849558 ], [ -75.573821993490995, 6.238543507878581 ], [ -75.575240388192398, 6.239243860896698 ], [ -75.575492219734898, 6.239362975784741 ], [ -75.575492807579707, 6.23957048775607 ] ] ] } },
{ "type": "Feature", "properties": { "OBJECTID": 198, "BARRIO": "15 DE NOVIEMBRE", "area_total_ha": 34.281940459265918, "Alta": 23.782122869210038, "Media": 6.0698887076929955, "Baja": 4.4299288823640763, "high_share": 0.69372160824642204, "medhigh_share": 0.87077951764059092, "screening_score": 0.74329782287678925, "screening_rank": 13, "barrio_code": "0811", "comuna_code": "08", "comuna_name": "Villa Hermosa", "population_2026": 9155.0, "imcv_ampi_2023": 92.38, "population_match": "exact", "population_density_km2_2026": 26705.022753534169, "hazard_weighted_population_proxy_2026": 7161.5039037478018, "exposure_component": 0.9122721415394357, "vulnerability_component": 0.76461723930078362, "priority_exposure": 0.9122721415394357, "priority_balanced": 0.8753584159797726, "priority_equity": 0.84582743553204232, "rank_exposure": 11.0, "rank_balanced": 18.0, "rank_equity": 25.0, "rank_hazard_only": 13 }, "geometry": { "type": "Polygon", "coordinates": [ [ [ -75.538099575203702, 6.242171365441911 ], [ -75.538275056277797, 6.242329683860598 ], [ -75.538607140139703, 6.242367734551809 ], [ -75.538939412679596, 6.242473982111288 ], [ -75.539174221626396, 6.242622393034971 ], [ -75.539353872402614, 6.24283330730953 ], [ -75.539645971133893, 6.242963048054651 ], [ -75.539920637862295, 6.242973977723288 ], [ -75.540000119811594, 6.24297668048517 ], [ -75.540399221159504, 6.24287619934755 ], [ -75.540737169498001, 6.242851880879122 ], [ -75.541023022889107, 6.242906619727659 ], [ -75.541218739477898, 6.243105797810441 ], [ -75.541350919537905, 6.243248647581928 ], [ -75.541438135424301, 6.243500737532981 ], [ -75.541491960330518, 6.24368374850773 ], [ -75.541550081940102, 6.24396514647274 ], [ -75.541580993059398, 6.244229083773952 ], [ -75.541593384422001, 6.244344010304552 ], [ -75.541555731806596, 6.244551632052049 ], [ -75.541518619564215, 6.244954102123562 ], [ -75.541613160297402, 6.245308468191153 ], [ -75.541733270747514, 6.245451349726244 ], [ -75.541917860018614, 6.245628152615442 ], [ -75.542120904555404, 6.24593058067235 ], [ -75.542352421916704, 6.246342047392042 ], [ -75.542606101641496, 6.246765142880571 ], [ -75.542868231322004, 6.247332404279879 ], [ -75.543135692728598, 6.248007793444092 ], [ -75.543391833601206, 6.248591633669609 ], [ -75.543203952548495, 6.248678865498044 ], [ -75.542998907155706, 6.24874373587095 ], [ -75.542588752833495, 6.24885009559447 ], [ -75.542091970752693, 6.248916752561581 ], [ -75.541703883603404, 6.249000641812231 ], [ -75.541275542152405, 6.249078799091699 ], [ -75.540908245726001, 6.24904182265472 ], [ -75.540640699235794, 6.249060102877963 ], [ -75.540383041295499, 6.249016976831401 ], [ -75.540102178096305, 6.248949558181121 ], [ -75.539603848799601, 6.248821365626738 ], [ -75.539072747618107, 6.248847196074449 ], [ -75.538901762616604, 6.24886033450415 ], [ -75.538673563026094, 6.248919423215779 ], [ -75.538501808936203, 6.24901829940482 ], [ -75.537980851633904, 6.249074302479798 ], [ -75.538016717136799, 6.248947549082818 ], [ -75.538026380242101, 6.24880430649581 ], [ -75.538070981745406, 6.2485625675856 ], [ -75.538102744658204, 6.24840757330029 ], [ -75.538175419203398, 6.248131656298969 ], [ -75.538378823576807, 6.24783686741265 ], [ -75.538457673750898, 6.24761159516471 ], [ -75.538558677865097, 6.247394056372742 ], [ -75.538642399647799, 6.247111290789929 ], [ -75.5385213629623, 6.246996662705279 ], [ -75.538372207982405, 6.246900625998807 ], [ -75.538165551949604, 6.246747265964238 ], [ -75.537965140331394, 6.24666890607037 ], [ -75.537774370825105, 6.24643951013056 ], [ -75.537692378526202, 6.24625657650989 ], [ -75.5378050371569, 6.245887995794351 ], [ -75.537791326211305, 6.245659083906611 ], [ -75.537595578002296, 6.245448212596311 ], [ -75.537456355158895, 6.245305382131901 ], [ -75.537403218395994, 6.245007406364379 ], [ -75.537413568274602, 6.244748226119818 ], [ -75.537389027998998, 6.244605077133311 ], [ -75.537364423867302, 6.244438548106791 ], [ -75.537238453459494, 6.24435900825915 ], [ -75.537072530115196, 6.244382848397419 ], [ -75.536850366984396, 6.244441919159061 ], [ -75.536605114899103, 6.2445185903941 ], [ -75.536450052308609, 6.24446835734943 ], [ -75.536318013868097, 6.244377142759229 ], [ -75.536868537375298, 6.24373650798629 ], [ -75.537162113058102, 6.243308970783818 ], [ -75.537473971729099, 6.242944708281333 ], [ -75.537762756776502, 6.242603894938823 ], [ -75.538099575203702, 6.242171365441911 ] ] ] } },
{ "type": "Feature", "properties": { "OBJECTID": 199, "BARRIO": "SAN ANTONIO", "area_total_ha": 43.166048291515786, "Alta": 37.597417831533534, "Media": 4.6818497174592437, "Baja": 0.88678074252612027, "high_share": 0.87099512972845472, "medhigh_share": 0.97945652248419268, "screening_score": 0.90136431970006137, "screening_rank": 6, "barrio_code": "0814", "comuna_code": "08", "comuna_name": "Villa Hermosa", "population_2026": 4601.0, "imcv_ampi_2023": 92.38, "population_match": "exact", "population_density_km2_2026": 10658.839949693331, "hazard_weighted_population_proxy_2026": 4256.9640259151947, "exposure_component": 0.85882338684258552, "vulnerability_component": 0.76461723930078362, "priority_exposure": 0.85882338684258552, "priority_balanced": 0.83527184995713499, "priority_equity": 0.81643062044877479, "rank_exposure": 24.0, "rank_balanced": 32.0, "rank_equity": 33.0, "rank_hazard_only": 6 }, "geometry": { "type": "Polygon", "coordinates": [ [ [ -75.533187011401196, 6.23768776821914 ], [ -75.533454409605895, 6.237616884259068 ], [ -75.533740055560003, 6.23759661059278 ], [ -75.534077903581306, 6.237537222095041 ], [ -75.534494197452602, 6.23746982406302 ], [ -75.534922552629496, 6.23739849533736 ], [ -75.535987689670094, 6.23696006027866 ], [ -75.536743516992502, 6.23635100919605 ], [ -75.537243328592695, 6.23592777512288 ], [ -75.537524246179302, 6.236017604607969 ], [ -75.537515122237494, 6.236356669901549 ], [ -75.537546348810196, 6.236735570266732 ], [ -75.537635937797305, 6.23712015368626 ], [ -75.537808560180295, 6.23733693492796 ], [ -75.537962806912503, 6.2374563422926 ], [ -75.538164079968993, 6.23748403845507 ], [ -75.538530170818007, 6.237451848751609 ], [ -75.538861244948095, 6.237489902667681 ], [ -75.539074042604199, 6.23768319050528 ], [ -75.5391404633246, 6.238056146840599 ], [ -75.539075086393296, 6.238424597323322 ], [ -75.538404817760295, 6.239778721647269 ], [ -75.537563690565307, 6.241191772500018 ], [ -75.537703644618304, 6.241599599605871 ], [ -75.537894549701704, 6.241878682036512 ], [ -75.538067301200797, 6.242141253325897 ], [ -75.538099575203702, 6.242171365441911 ], [ -75.537762756776502, 6.242603894938823 ], [ -75.537473971729099, 6.242944708281333 ], [ -75.537162113058102, 6.243308970783818 ], [ -75.536868537375298, 6.24373650798629 ], [ -75.536318013868097, 6.244377142759229 ], [ -75.536241805547903, 6.244102613013212 ], [ -75.536280354945305, 6.243855044592432 ], [ -75.536364190462507, 6.2436131968726 ], [ -75.536401673346404, 6.243343225182917 ], [ -75.536331705407704, 6.243142722096179 ], [ -75.536193427368403, 6.242977479716211 ], [ -75.535969703612594, 6.242835857871089 ], [ -75.535803272479697, 6.242675565461331 ], [ -75.535491758819504, 6.242436758486378 ], [ -75.535317890507599, 6.242133271075679 ], [ -75.535167096895407, 6.241807311771099 ], [ -75.534948009746103, 6.241522459705831 ], [ -75.534763599358996, 6.24140898154024 ], [ -75.534592251366007, 6.241289620558121 ], [ -75.534420116884206, 6.241250150816349 ], [ -75.534162684002993, 6.241286910056684 ], [ -75.533916252217793, 6.24130025477581 ], [ -75.533683070882503, 6.241376891408134 ], [ -75.533454918921805, 6.24145253814685 ], [ -75.533169539700395, 6.24157023684944 ], [ -75.532976819537794, 6.24172665011424 ], [ -75.53275626396082, 6.242003949230851 ], [ -75.532552871782798, 6.242303606754832 ], [ -75.532508157075398, 6.24250540275964 ], [ -75.532448495921599, 6.242758874044882 ], [ -75.532450369610501, 6.243073554208822 ], [ -75.532509431381897, 6.243332544820479 ], [ -75.532505002183299, 6.243550789806629 ], [ -75.532380591947401, 6.243671941004862 ], [ -75.53209971572781, 6.243598672363899 ], [ -75.531921437160193, 6.243520249752851 ], [ -75.531726022836594, 6.243429208534839 ], [ -75.531570849787599, 6.24333903040999 ], [ -75.531404703305697, 6.24328200654541 ], [ -75.531227588373596, 6.243261060830519 ], [ -75.531030073135895, 6.24350322164429 ], [ -75.531060934726597, 6.243750598510879 ], [ -75.531056740926005, 6.244054579055248 ], [ -75.530949543943194, 6.244216601907202 ], [ -75.530746024883911, 6.24447047108093 ], [ -75.530621946147804, 6.244712429501791 ], [ -75.530532104163598, 6.244965983901363 ], [ -75.530499429360404, 6.24515605453699 ], [ -75.530431481386302, 6.245323814998147 ], [ -75.5302897947589, 6.245381685976601 ], [ -75.530128868899993, 6.24539479536991 ], [ -75.529922058668603, 6.245183950561779 ], [ -75.529888712805601, 6.245130457092151 ], [ -75.530044704949503, 6.244787089399949 ], [ -75.530187234341099, 6.244669785059101 ], [ -75.5303458042833, 6.24453197769756 ], [ -75.530476168669495, 6.244380607790458 ], [ -75.530480343512593, 6.244069807456393 ], [ -75.530404282404604, 6.243847885484878 ], [ -75.530402579104603, 6.243594583612031 ], [ -75.530473195419304, 6.243300161690977 ], [ -75.530682532032799, 6.242966387836641 ], [ -75.530953825507495, 6.242482407890687 ], [ -75.531359206097406, 6.241737931530851 ], [ -75.531880421835993, 6.240316025015731 ], [ -75.532139443949404, 6.239759983125782 ], [ -75.532251455113894, 6.239520006181818 ], [ -75.532414464807104, 6.23916882260715 ], [ -75.532673794224806, 6.238724820117691 ], [ -75.532859702747402, 6.238286865137459 ], [ -75.533017635057504, 6.2379181608484 ], [ -75.533187011401196, 6.23768776821914 ] ] ] } },
{ "type": "Feature", "properties": { "OBJECTID": 200, "BARRIO": "VILLA TURBAY", "area_total_ha": 41.786420385127009, "Alta": 13.909859516859559, "Media": 21.081209911243306, "Baja": 6.7953509570332127, "high_share": 0.33287990185946814, "medhigh_share": 0.83737896440053028, "screening_score": 0.47413963937096559, "screening_rank": 26, "barrio_code": "0816", "comuna_code": "08", "comuna_name": "Villa Hermosa", "population_2026": 3833.0, "imcv_ampi_2023": 92.38, "population_match": "exact", "population_density_km2_2026": 9172.8364494324451, "hazard_weighted_population_proxy_2026": 2242.8011171872868, "exposure_component": 0.79298527522843265, "vulnerability_component": 0.76461723930078362, "priority_exposure": 0.79298527522843265, "priority_balanced": 0.78589326624652034, "priority_equity": 0.78021965906099067, "rank_exposure": 37.0, "rank_balanced": 37.0, "rank_equity": 39.0, "rank_hazard_only": 26 }, "geometry": { "type": "Polygon", "coordinates": [ [ [ -75.530222979325401, 6.234984568528018 ], [ -75.530211026138403, 6.235027468468142 ], [ -75.530355287888, 6.23517515897916 ], [ -75.530539459053102, 6.235202906401998 ], [ -75.531068044046606, 6.234997831029502 ], [ -75.531269220731005, 6.234990457425809 ], [ -75.531435917539, 6.235248177339112 ], [ -75.531478685143796, 6.235436091240921 ], [ -75.531508648947195, 6.235723416425367 ], [ -75.531659216462316, 6.235969488192177 ], [ -75.531780389961, 6.236134778290161 ], [ -75.531828446022502, 6.236416207414009 ], [ -75.531800801524895, 6.236606263533472 ], [ -75.531717105710797, 6.236899746181291 ], [ -75.531701500738905, 6.237078079506511 ], [ -75.531795686756993, 6.237306771146228 ], [ -75.531875504040499, 6.23743223025381 ], [ -75.5320430655499, 6.23763831220809 ], [ -75.532241625440406, 6.238141455834231 ], [ -75.532294868909105, 6.238480351588849 ], [ -75.532206033269802, 6.238733903446781 ], [ -75.5320928346475, 6.238907635137652 ], [ -75.532015140616394, 6.23918843500697 ], [ -75.532139443949404, 6.239759983125782 ], [ -75.531880421835993, 6.240316025015731 ], [ -75.531359206097406, 6.241737931530851 ], [ -75.530953825507495, 6.242482407890687 ], [ -75.530682532032799, 6.242966387836641 ], [ -75.530473195419304, 6.243300161690977 ], [ -75.530402579104603, 6.243594583612031 ], [ -75.530404282404604, 6.243847885484878 ], [ -75.530480343512593, 6.244069807456393 ], [ -75.530476168669495, 6.244380607790458 ], [ -75.5303458042833, 6.24453197769756 ], [ -75.530187234341099, 6.244669785059101 ], [ -75.530044704949503, 6.244787089399949 ], [ -75.529888712805601, 6.245130457092151 ], [ -75.529806851188695, 6.24499428680087 ], [ -75.529712695857697, 6.244777286958682 ], [ -75.529614246125803, 6.244461897251578 ], [ -75.529566222286405, 6.244192160609939 ], [ -75.529579012835299, 6.243721556532121 ], [ -75.529643937317601, 6.243186509339781 ], [ -75.529856397534502, 6.242525375861081 ], [ -75.529983249502607, 6.241828430803818 ], [ -75.530081388755903, 6.24129913696681 ], [ -75.530123415730301, 6.240851836201407 ], [ -75.530143767785702, 6.240570219722017 ], [ -75.530175497180394, 6.24003623744459 ], [ -75.521995745916797, 6.240040182895129 ], [ -75.522124618073093, 6.239710528680448 ], [ -75.522048257478502, 6.239377540094578 ], [ -75.521998825173995, 6.2389587413932 ], [ -75.521991170961599, 6.238734682185068 ], [ -75.5221045945284, 6.238641815928791 ], [ -75.522293797377799, 6.238669551764617 ], [ -75.522529653004, 6.238834530307422 ], [ -75.522685139510997, 6.239040649086581 ], [ -75.5227890993161, 6.239166044319001 ], [ -75.523051517014295, 6.239111741352481 ], [ -75.5232856741614, 6.239024390700771 ], [ -75.523457805620197, 6.239062890093003 ], [ -75.523652164402193, 6.239136400719362 ], [ -75.523931729831205, 6.239099586720271 ], [ -75.524181807872495, 6.238947890807021 ], [ -75.524409711077695, 6.2387806671383 ], [ -75.524641555865799, 6.238583229587988 ], [ -75.524921686834006, 6.238385660706702 ], [ -75.525137675193506, 6.23827595184579 ], [ -75.525696804092107, 6.238201347942631 ], [ -75.525948377948495, 6.238228910612141 ], [ -75.526148520561605, 6.238210825975981 ], [ -75.526308202735706, 6.238111986913751 ], [ -75.526564221509503, 6.23792617377738 ], [ -75.5269214040093, 6.237579331322692 ], [ -75.527199314078601, 6.237305773970789 ], [ -75.527584397810003, 6.236862402074322 ], [ -75.527834174135407, 6.236601587683551 ], [ -75.528004589407004, 6.23638191113106 ], [ -75.528243489460394, 6.23619029955133 ], [ -75.528594774606802, 6.235895106713351 ], [ -75.528897098791703, 6.23572085778117 ], [ -75.529260643347598, 6.235493829721913 ], [ -75.529574014409206, 6.235312730356158 ], [ -75.529983883888505, 6.235104085312463 ], [ -75.530222979325401, 6.234984568528018 ] ] ] } },
{ "type": "Feature", "properties": { "OBJECTID": 201, "BARRIO": "LA SIERRA", "area_total_ha": 49.445326692927289, "Alta": 29.673583455765144, "Media": 14.452036933910346, "Baja": 5.3197063032502632, "high_share": 0.60012918187493103, "medhigh_share": 0.89241235402712515, "screening_score": 0.68196847007754546, "screening_rank": 17, "barrio_code": "0817", "comuna_code": "08", "comuna_name": "Villa Hermosa", "population_2026": 2505.0, "imcv_ampi_2023": 92.38, "population_match": "exact", "population_density_km2_2026": 5066.2017374400684, "hazard_weighted_population_proxy_2026": 1869.4082737173253, "exposure_component": 0.77427917287357662, "vulnerability_component": 0.76461723930078362, "priority_exposure": 0.77427917287357662, "priority_balanced": 0.77186368948037831, "priority_equity": 0.76993130276581989, "rank_exposure": 40.0, "rank_balanced": 41.0, "rank_equity": 41.0, "rank_hazard_only": 17 }, "geometry": { "type": "Polygon", "coordinates": [ [ [ -75.526675312110399, 6.232209875860702 ], [ -75.526829450463197, 6.232291291201543 ], [ -75.526990634379516, 6.232374636428552 ], [ -75.527186232187802, 6.232533877348841 ], [ -75.527290319978704, 6.232706035856319 ], [ -75.527451241602193, 6.232692928865862 ], [ -75.527644150684594, 6.232605689694558 ], [ -75.527866072640194, 6.23245991691886 ], [ -75.528134447057795, 6.232378315225851 ], [ -75.5284128776633, 6.232295713126049 ], [ -75.528584879096499, 6.23228842039966 ], [ -75.528949759214299, 6.232182198009651 ], [ -75.529525749449306, 6.232022785167447 ], [ -75.530171337364095, 6.231931378919271 ], [ -75.530927239229698, 6.232081284263697 ], [ -75.531402459684799, 6.23222611522302 ], [ -75.531705603467699, 6.23235096171096 ], [ -75.531879179357702, 6.232550205710841 ], [ -75.5318465040436, 6.23274027690576 ], [ -75.531680696492501, 6.232805034638061 ], [ -75.531411977526503, 6.232760957516647 ], [ -75.531143401514797, 6.232768516373421 ], [ -75.531059360387601, 6.232936321042039 ], [ -75.531020695690302, 6.233142970950167 ], [ -75.530913371843297, 6.233258228128557 ], [ -75.530739795840105, 6.23305898195325 ], [ -75.530421235737506, 6.233181641519882 ], [ -75.530285118787901, 6.233435323505859 ], [ -75.530029043097301, 6.233598729714599 ], [ -75.529693048789497, 6.23360062750306 ], [ -75.529420169360193, 6.233873196056007 ], [ -75.5296330091074, 6.234083052040538 ], [ -75.5298395626223, 6.234202316551139 ], [ -75.530176578234304, 6.234206262344751 ], [ -75.530400234473106, 6.234325479656411 ], [ -75.530436952046898, 6.234508541567473 ], [ -75.5302896762052, 6.234728155009519 ], [ -75.530222979325401, 6.234984568528018 ], [ -75.529983883888505, 6.235104085312463 ], [ -75.529574014409206, 6.235312730356158 ], [ -75.529260643347598, 6.235493829721913 ], [ -75.528897098791703, 6.23572085778117 ], [ -75.528594774606802, 6.235895106713351 ], [ -75.528243489460394, 6.23619029955133 ], [ -75.528004589407004, 6.23638191113106 ], [ -75.527834174135407, 6.236601587683551 ], [ -75.527584397810003, 6.236862402074322 ], [ -75.527199314078601, 6.237305773970789 ], [ -75.5269214040093, 6.237579331322692 ], [ -75.526564221509503, 6.23792617377738 ], [ -75.526308202735706, 6.238111986913751 ], [ -75.526148520561605, 6.238210825975981 ], [ -75.525948377948495, 6.238228910612141 ], [ -75.525696804092107, 6.238201347942631 ], [ -75.525137675193506, 6.23827595184579 ], [ -75.524921686834006, 6.238385660706702 ], [ -75.524641555865799, 6.238583229587988 ], [ -75.524409711077695, 6.2387806671383 ], [ -75.524181807872495, 6.238947890807021 ], [ -75.523931729831205, 6.239099586720271 ], [ -75.523652164402193, 6.239136400719362 ], [ -75.523457805620197, 6.239062890093003 ], [ -75.5232856741614, 6.239024390700771 ], [ -75.523051517014295, 6.239111741352481 ], [ -75.5227890993161, 6.239166044319001 ], [ -75.522685139510997, 6.239040649086581 ], [ -75.522529653004, 6.238834530307422 ], [ -75.522293797377799, 6.238669551764617 ], [ -75.5221045945284, 6.238641815928791 ], [ -75.521991170961599, 6.238734682185068 ], [ -75.521998825173995, 6.2389587413932 ], [ -75.522048257478502, 6.239377540094578 ], [ -75.522124618073093, 6.239710528680448 ], [ -75.521995745916797, 6.240040182895129 ], [ -75.520892167543707, 6.240041253727119 ], [ -75.520656156622394, 6.239818792829889 ], [ -75.520517928042693, 6.239670108208819 ], [ -75.520384765416694, 6.239534075072353 ], [ -75.520258343040496, 6.239287932492459 ], [ -75.520376563863707, 6.239109318955152 ], [ -75.520645048150897, 6.239066691931392 ], [ -75.520850174892118, 6.239031056999647 ], [ -75.5210442004458, 6.238982787615691 ], [ -75.521243966064503, 6.238826358423521 ], [ -75.521390132695203, 6.238566804025311 ], [ -75.5215987664767, 6.238342153291969 ], [ -75.521900999226304, 6.23813283372036 ], [ -75.522174076552403, 6.23793041390797 ], [ -75.522378900655596, 6.237784687745897 ], [ -75.522623967491896, 6.237639826504508 ], [ -75.522735881554993, 6.237362828492039 ], [ -75.5227842770542, 6.23703436939227 ], [ -75.522909650097418, 6.236896655673821 ], [ -75.523021561131699, 6.23661868399169 ], [ -75.522974833083794, 6.236453187756699 ], [ -75.522818642139896, 6.236357162623411 ], [ -75.522591041408802, 6.236267180080138 ], [ -75.522492031918802, 6.236112542303736 ], [ -75.522592785823804, 6.235801476295012 ], [ -75.522738827183304, 6.235496132511021 ], [ -75.522886077520198, 6.235265803413659 ], [ -75.523026348120993, 6.235057901067458 ], [ -75.523116305318695, 6.234845265323441 ], [ -75.523098775536297, 6.234688456989831 ], [ -75.522983658747904, 6.234529968001781 ], [ -75.522634352121116, 6.234446162947002 ], [ -75.522352635366204, 6.234431344840649 ], [ -75.522089888354301, 6.234363865501238 ], [ -75.521934778243306, 6.234295117428461 ], [ -75.521910009735393, 6.234066232524269 ], [ -75.522035378031205, 6.23392754366655 ], [ -75.522313433695004, 6.23370659974007 ], [ -75.522513292836294, 6.233585245071028 ], [ -75.522563153632206, 6.233424354529571 ], [ -75.523075456404001, 6.23315016041563 ], [ -75.523292713729305, 6.233136899571362 ], [ -75.523486803570606, 6.2331129860621 ], [ -75.523749312918, 6.233093757122882 ], [ -75.524178731795203, 6.233043866906812 ], [ -75.5245843271925, 6.233110954553771 ], [ -75.524985137714594, 6.233267686678021 ], [ -75.525179273135507, 6.233260334925548 ], [ -75.525429176441307, 6.233046286889788 ], [ -75.525610677245893, 6.232833400386391 ], [ -75.525832270182306, 6.232566818506521 ], [ -75.5261615200953, 6.232306762573038 ], [ -75.526675312110399, 6.232209875860702 ] ] ] } },
{ "type": "Feature", "properties": { "OBJECTID": 202, "BARRIO": "SANTA LUCIA LAS ESTANCIAS", "area_total_ha": 27.816235606390862, "Alta": 5.5187059688588924, "Media": 20.003601257893347, "Baja": 2.293928379639965, "high_share": 0.19839873543460185, "medhigh_share": 0.91753275273841928, "screening_score": 0.39975626027967071, "screening_rank": 29, "barrio_code": null, "comuna_code": null, "comuna_name": null, "population_2026": null, "imcv_ampi_2023": null, "population_match": "unmatched_or_nonresidential", "population_density_km2_2026": null, "hazard_weighted_population_proxy_2026": null, "exposure_component": null, "vulnerability_component": null, "priority_exposure": null, "priority_balanced": null, "priority_equity": null, "rank_exposure": null, "rank_balanced": null, "rank_equity": null, "rank_hazard_only": 29 }, "geometry": { "type": "Polygon", "coordinates": [ [ [ -75.525276195236302, 6.229710831721439 ], [ -75.525499907778297, 6.230219757923723 ], [ -75.525649121905005, 6.230340157883791 ], [ -75.525839704264499, 6.230505260818019 ], [ -75.526029123467694, 6.230612884336909 ], [ -75.526429557918306, 6.230633220401062 ], [ -75.526744798546503, 6.230767777991153 ], [ -75.526985650171895, 6.230922024880727 ], [ -75.527420552945699, 6.23103871765267 ], [ -75.527777169001496, 6.23122090023429 ], [ -75.527933060348502, 6.231575104002371 ], [ -75.527694117423593, 6.231750151421021 ], [ -75.527512068456204, 6.231762343497672 ], [ -75.527169098072093, 6.231787639644322 ], [ -75.527033748427598, 6.231954610720511 ], [ -75.526829450463197, 6.232291291201543 ], [ -75.526675312110399, 6.232209875860702 ], [ -75.5261615200953, 6.232306762573038 ], [ -75.525832270182306, 6.232566818506521 ], [ -75.525610677245893, 6.232833400386391 ], [ -75.525429176441307, 6.233046286889788 ], [ -75.525179273135507, 6.233260334925548 ], [ -75.524985137714594, 6.233267686678021 ], [ -75.5245843271925, 6.233110954553771 ], [ -75.524178731795203, 6.233043866906812 ], [ -75.523749312918, 6.233093757122882 ], [ -75.523486803570606, 6.2331129860621 ], [ -75.523292713729305, 6.233136899571362 ], [ -75.523075456404001, 6.23315016041563 ], [ -75.522563153632206, 6.233424354529571 ], [ -75.522575131396508, 6.233390223495449 ], [ -75.522521375872302, 6.233229616733322 ], [ -75.522594292595102, 6.233039436133821 ], [ -75.522707574851097, 6.232894935596582 ], [ -75.522900137087007, 6.232680069953651 ], [ -75.523042750721103, 6.232593945532679 ], [ -75.523225601933405, 6.232506735086022 ], [ -75.523326764019998, 6.232344730912328 ], [ -75.523365509350597, 6.232166334720359 ], [ -75.523202919298299, 6.231936853451419 ], [ -75.523019773321096, 6.2319159204412 ], [ -75.522814682059504, 6.231963246106701 ], [ -75.52249509878132, 6.232080058374101 ], [ -75.522290025477702, 6.23213420268703 ], [ -75.521929700581595, 6.23206699016672 ], [ -75.521671815757301, 6.231938117673258 ], [ -75.521498304583304, 6.231761276162283 ], [ -75.521325655192101, 6.231531822188351 ], [ -75.521255806172107, 6.231372233267779 ], [ -75.521191976057494, 6.23120580927708 ], [ -75.521001113052904, 6.23093743289416 ], [ -75.520800974992795, 6.23095649007084 ], [ -75.520619175623906, 6.231060258142788 ], [ -75.520454636092296, 6.231222436828872 ], [ -75.520294909793904, 6.23130471039241 ], [ -75.520049533704693, 6.231335582751278 ], [ -75.519912531990997, 6.231266784072457 ], [ -75.519835470339999, 6.231043887211901 ], [ -75.519833696628197, 6.230762329614439 ], [ -75.519372737514018, 6.230312503902081 ], [ -75.518845033054205, 6.230103501031648 ], [ -75.518335424643894, 6.229889579342271 ], [ -75.518146082167107, 6.229809231233181 ], [ -75.517978859698303, 6.229724924867202 ], [ -75.517801746329098, 6.229702999739609 ], [ -75.517534461194799, 6.229814795192222 ], [ -75.517158841819494, 6.230041847078411 ], [ -75.5169987977538, 6.23000818417853 ], [ -75.516838709938696, 6.229957958735439 ], [ -75.516853314419194, 6.229779627770411 ], [ -75.517063846939095, 6.229513080339509 ], [ -75.517495348812105, 6.229120250580383 ], [ -75.517956319242202, 6.228835482114019 ], [ -75.518434748144699, 6.228682193855271 ], [ -75.518897394153697, 6.228643909476069 ], [ -75.519451614904597, 6.22861706812094 ], [ -75.519961902019105, 6.228711154041612 ], [ -75.520379733294803, 6.22883958977333 ], [ -75.520689976376403, 6.22898683187063 ], [ -75.521044436421903, 6.229117389987108 ], [ -75.521245797391202, 6.229178217319391 ], [ -75.521928856, 6.229546572924539 ], [ -75.522576314561903, 6.229771805972657 ], [ -75.523101188179794, 6.229680737277989 ], [ -75.523626206511807, 6.22964325384384 ], [ -75.525276195236302, 6.229710831721439 ] ] ] } },
{ "type": "Feature", "properties": { "OBJECTID": 203, "BARRIO": "LAS  ESTANCIAS", "area_total_ha": 35.0588021768217, "Alta": 17.247141817449783, "Media": 6.1657129000173079, "Baja": 11.645947459354559, "high_share": 0.49194897562279877, "medhigh_share": 0.6678167325678328, "screening_score": 0.54119194756740829, "screening_rank": 21, "barrio_code": "0815", "comuna_code": "08", "comuna_name": "Villa Hermosa", "population_2026": 9771.0, "imcv_ampi_2023": 92.38, "population_match": "exact", "population_density_km2_2026": 27870.318987851402, "hazard_weighted_population_proxy_2026": 5666.0353673653308, "exposure_component": 0.88820348290996298, "vulnerability_component": 0.76461723930078362, "priority_exposure": 0.88820348290996298, "priority_balanced": 0.85730692200766812, "priority_equity": 0.83258967328583233, "rank_exposure": 17.0, "rank_balanced": 25.0, "rank_equity": 30.0, "rank_hazard_only": 21 }, "geometry": { "type": "Polygon", "coordinates": [ [ [ -75.525419053098702, 6.229714337771471 ], [ -75.5260071633666, 6.229940702901411 ], [ -75.526636343735007, 6.230102654235327 ], [ -75.527198267660694, 6.230317399595791 ], [ -75.527558713894507, 6.230429424420297 ], [ -75.527965465179193, 6.230552040056218 ], [ -75.528338883748305, 6.230625057969977 ], [ -75.528601468304814, 6.230634080512191 ], [ -75.528989736021799, 6.23061937418697 ], [ -75.530028180555604, 6.230353469927601 ], [ -75.530473709847215, 6.230310353355192 ], [ -75.530832742622593, 6.230273317956459 ], [ -75.531228066305303, 6.23026443670494 ], [ -75.531530793334397, 6.230238272988751 ], [ -75.531782394999794, 6.230277525258417 ], [ -75.531975749256503, 6.230352985943289 ], [ -75.532201378174605, 6.230458559442153 ], [ -75.532546030509295, 6.230679740569071 ], [ -75.533016504179201, 6.23092785586655 ], [ -75.5339758836367, 6.231541916999938 ], [ -75.534302445437604, 6.23176899323831 ], [ -75.534676320922401, 6.232007630269541 ], [ -75.534921977599495, 6.232080022387622 ], [ -75.535126986896302, 6.23200346370066 ], [ -75.5353218128799, 6.231882118050652 ], [ -75.535583074526798, 6.231776176971063 ], [ -75.536194540540819, 6.231715060366603 ], [ -75.536492381938402, 6.231741517473871 ], [ -75.536939755227905, 6.23200235624345 ], [ -75.5374164422158, 6.232313776680641 ], [ -75.537761050644406, 6.232518391696908 ], [ -75.537989419595505, 6.23252263115693 ], [ -75.538222532589202, 6.232423587227289 ], [ -75.538543416000806, 6.232414905753248 ], [ -75.538566560395793, 6.232417765132099 ], [ -75.538141611592096, 6.23299180374166 ], [ -75.537902846271294, 6.233230182377833 ], [ -75.537744366224402, 6.233398193165471 ], [ -75.537471438713695, 6.233651278096559 ], [ -75.537154332593005, 6.233935664634499 ], [ -75.536927587349197, 6.234155498868099 ], [ -75.536643916357093, 6.234525526387059 ], [ -75.536476103343304, 6.234957586686672 ], [ -75.536182562514199, 6.235396812893189 ], [ -75.535898741214893, 6.235713256201929 ], [ -75.535547861153205, 6.23542389741638 ], [ -75.534874404348699, 6.234894785882171 ], [ -75.535339523606694, 6.234293357872481 ], [ -75.535184181358602, 6.234140829464319 ], [ -75.534884840838714, 6.23393608532295 ], [ -75.534598736936502, 6.233788788835329 ], [ -75.534324014445403, 6.233756421746922 ], [ -75.533940756554998, 6.233764298981671 ], [ -75.533672261373596, 6.233801087162372 ], [ -75.533512392029294, 6.233830755363352 ], [ -75.533146394126604, 6.233896064314371 ], [ -75.532815624156299, 6.233968097509529 ], [ -75.532410634159902, 6.23412119694468 ], [ -75.532108074332896, 6.234208739865432 ], [ -75.531646794216897, 6.23437855720193 ], [ -75.531100009730494, 6.234549582658377 ], [ -75.530673042523105, 6.234759249774152 ], [ -75.530358601579493, 6.234916970569891 ], [ -75.530222979325401, 6.234984568528018 ], [ -75.5302896762052, 6.234728155009519 ], [ -75.530436952046898, 6.234508541567473 ], [ -75.530400234473106, 6.234325479656411 ], [ -75.530176578234304, 6.234206262344751 ], [ -75.5298395626223, 6.234202316551139 ], [ -75.5296330091074, 6.234083052040538 ], [ -75.529420169360193, 6.233873196056007 ], [ -75.529693048789497, 6.23360062750306 ], [ -75.530029043097301, 6.233598729714599 ], [ -75.530285118787901, 6.233435323505859 ], [ -75.530421235737506, 6.233181641519882 ], [ -75.530739795840105, 6.23305898195325 ], [ -75.530913371843297, 6.233258228128557 ], [ -75.531020695690302, 6.233142970950167 ], [ -75.531059360387601, 6.232936321042039 ], [ -75.531143401514797, 6.232768516373421 ], [ -75.531411977526503, 6.232760957516647 ], [ -75.531680696492501, 6.232805034638061 ], [ -75.5318465040436, 6.23274027690576 ], [ -75.531879179357702, 6.232550205710841 ], [ -75.531705603467699, 6.23235096171096 ], [ -75.531402459684799, 6.23222611522302 ], [ -75.530927239229698, 6.232081284263697 ], [ -75.530171337364095, 6.231931378919271 ], [ -75.529525749449306, 6.232022785167447 ], [ -75.528949759214299, 6.232182198009651 ], [ -75.528584879096499, 6.23228842039966 ], [ -75.5284128776633, 6.232295713126049 ], [ -75.528134447057795, 6.232378315225851 ], [ -75.527866072640194, 6.23245991691886 ], [ -75.527644150684594, 6.232605689694558 ], [ -75.527451241602193, 6.232692928865862 ], [ -75.527290319978704, 6.232706035856319 ], [ -75.527186232187802, 6.232533877348841 ], [ -75.526990634379516, 6.232374636428552 ], [ -75.526829450463197, 6.232291291201543 ], [ -75.527033748427598, 6.231954610720511 ], [ -75.527169098072093, 6.231787639644322 ], [ -75.527512068456204, 6.231762343497672 ], [ -75.527694117423593, 6.231750151421021 ], [ -75.527933060348502, 6.231575104002371 ], [ -75.527777169001496, 6.23122090023429 ], [ -75.527420552945699, 6.23103871765267 ], [ -75.526985650171895, 6.230922024880727 ], [ -75.526744798546503, 6.230767777991153 ], [ -75.526429557918306, 6.230633220401062 ], [ -75.526029123467694, 6.230612884336909 ], [ -75.525839704264499, 6.230505260818019 ], [ -75.525649121905005, 6.230340157883791 ], [ -75.525499907778297, 6.230219757923723 ], [ -75.525276195236302, 6.229710831721439 ], [ -75.5253989396073, 6.229716341849013 ], [ -75.525419053098702, 6.229714337771471 ] ] ] } },
{ "type": "Feature", "properties": { "OBJECTID": 204, "BARRIO": "JUAN PABLO", "area_total_ha": 7.8307034802619793, "Alta": 4.3648707972653096, "Media": 0.42722181097897294, "Baja": 3.0386108720179204, "high_share": 0.55740468378956942, "medhigh_share": 0.61196195467280823, "screening_score": 0.57268071963687628, "screening_rank": 20, "barrio_code": "0901", "comuna_code": "09", "comuna_name": "Buenos Aires", "population_2026": 2696.0, "imcv_ampi_2023": 101.5, "population_match": "fuzzy_name_variant", "population_density_km2_2026": 34428.579843375766, "hazard_weighted_population_proxy_2026": 1576.306228647285, "exposure_component": 0.75676280207989943, "vulnerability_component": 0.48975286317058458, "priority_exposure": 0.75676280207989943, "priority_balanced": 0.69001031735257068, "priority_equity": 0.63660832957070779, "rank_exposure": 45.0, "rank_balanced": 54.0, "rank_equity": 64.0, "rank_hazard_only": 20 }, "geometry": { "type": "Polygon", "coordinates": [ [ [ -75.532207012039805, 6.227750101511548 ], [ -75.531993224883394, 6.227926056791099 ], [ -75.531811669005705, 6.228117510205269 ], [ -75.531643536683902, 6.228434608406191 ], [ -75.531547834309805, 6.228751505230828 ], [ -75.531520188996495, 6.228941562166571 ], [ -75.53152187260342, 6.229188046101601 ], [ -75.531553721019606, 6.22942957433697 ], [ -75.531709487735895, 6.229737985110482 ], [ -75.531975749256503, 6.230352985943289 ], [ -75.531782394999794, 6.230277525258417 ], [ -75.531530793334397, 6.230238272988751 ], [ -75.531228066305303, 6.23026443670494 ], [ -75.530832742622593, 6.230273317956459 ], [ -75.530473709847215, 6.230310353355192 ], [ -75.530028180555604, 6.230353469927601 ], [ -75.528989736021799, 6.23061937418697 ], [ -75.528601468304814, 6.230634080512191 ], [ -75.528338883748305, 6.230625057969977 ], [ -75.527965465179193, 6.230552040056218 ], [ -75.527558713894507, 6.230429424420297 ], [ -75.527198267660694, 6.230317399595791 ], [ -75.526636343735007, 6.230102654235327 ], [ -75.5260071633666, 6.229940702901411 ], [ -75.525419053098702, 6.229714337771471 ], [ -75.526227626592302, 6.229629308668151 ], [ -75.526987405688502, 6.229726602091631 ], [ -75.527668361202501, 6.229693556624611 ], [ -75.527988269990004, 6.229696576222083 ], [ -75.528245733653904, 6.229672487738208 ], [ -75.528387556890095, 6.229665277804908 ], [ -75.528366222627099, 6.22958934377046 ], [ -75.528884310663102, 6.229592792638862 ], [ -75.5291173454888, 6.229464523712569 ], [ -75.529466095068102, 6.22934665638911 ], [ -75.529916400316296, 6.229210970392328 ], [ -75.530316376390402, 6.22906470615012 ], [ -75.530599599330117, 6.228896355027088 ], [ -75.530866567008502, 6.228670567371051 ], [ -75.531122294307394, 6.228380509343323 ], [ -75.531279615551298, 6.228155995840913 ], [ -75.531445108310507, 6.22797627644143 ], [ -75.531688829243905, 6.227710608534513 ], [ -75.531976306544607, 6.227260684021731 ], [ -75.532075252034318, 6.227391936752739 ], [ -75.5321330653301, 6.227564221416102 ], [ -75.532207012039805, 6.227750101511548 ] ] ] } },
{ "type": "Feature", "properties": { "OBJECTID": 205, "BARRIO": "8 DE MARZO", "area_total_ha": 6.6085214046049279, "Alta": 4.8447211673216906, "Media": 0.35764706039798794, "Baja": 1.40615317688609, "high_share": 0.73310213748355391, "medhigh_share": 0.7872212117062346, "screening_score": 0.74825547826590444, "screening_rank": 12, "barrio_code": "0917", "comuna_code": "09", "comuna_name": "Buenos Aires", "population_2026": 1907.0, "imcv_ampi_2023": 101.5, "population_match": "exact", "population_density_km2_2026": 28856.681899693485, "hazard_weighted_population_proxy_2026": 1449.6283134524633, "exposure_component": 0.7481585123406076, "vulnerability_component": 0.48975286317058458, "priority_exposure": 0.7481585123406076, "priority_balanced": 0.68355710004810188, "priority_equity": 0.63187597021409725, "rank_exposure": 46.0, "rank_balanced": 57.0, "rank_equity": 65.0, "rank_hazard_only": 12 }, "geometry": { "type": "Polygon", "coordinates": [ [ [ -75.531976306544607, 6.227260684021731 ], [ -75.531688829243905, 6.227710608534513 ], [ -75.531445108310507, 6.22797627644143 ], [ -75.531279615551298, 6.228155995840913 ], [ -75.531122294307394, 6.228380509343323 ], [ -75.530866567008502, 6.228670567371051 ], [ -75.530599599330117, 6.228896355027088 ], [ -75.530316376390402, 6.22906470615012 ], [ -75.529916400316296, 6.229210970392328 ], [ -75.529466095068102, 6.22934665638911 ], [ -75.5291173454888, 6.229464523712569 ], [ -75.528884310663102, 6.229592792638862 ], [ -75.528366222627099, 6.22958934377046 ], [ -75.528317450989903, 6.229412163423961 ], [ -75.528236364811903, 6.229190253995251 ], [ -75.528124731191298, 6.228833979850209 ], [ -75.528013115118696, 6.228484527111371 ], [ -75.527924890162907, 6.228226589158628 ], [ -75.5279010926686, 6.227986012309759 ], [ -75.527956669334003, 6.227709170346792 ], [ -75.528320069896097, 6.22743148241413 ], [ -75.528560807819503, 6.22754481005931 ], [ -75.528745383858407, 6.227720644660698 ], [ -75.528916631857996, 6.2278059097344 ], [ -75.529065322798502, 6.227735355086922 ], [ -75.529126137, 6.227534490118259 ], [ -75.529297680191107, 6.22736059993295 ], [ -75.529577557763702, 6.227439720919538 ], [ -75.5298355198412, 6.227597817605472 ], [ -75.530031005614802, 6.227717113568598 ], [ -75.530208323086299, 6.227814052811241 ], [ -75.530397454922195, 6.227817430532332 ], [ -75.530596510631199, 6.227771093768219 ], [ -75.530848686391096, 6.227653488954623 ], [ -75.531149009053394, 6.227485090166341 ], [ -75.531309644839396, 6.227368711297942 ], [ -75.531537680013699, 6.22725214710936 ], [ -75.531821281263703, 6.227222139233223 ], [ -75.531976306544607, 6.227260684021731 ] ] ] } },
{ "type": "Feature", "properties": { "OBJECTID": 206, "BARRIO": "VILLA LILIAM", "area_total_ha": 16.948772238455231, "Alta": 6.5921975512166817, "Media": 3.5332507155361736, "Baja": 6.8233239717012317, "high_share": 0.38894838271881321, "medhigh_share": 0.59741485249174153, "screening_score": 0.44731899425523314, "screening_rank": 27, "barrio_code": "0819", "comuna_code": "08", "comuna_name": "Villa Hermosa", "population_2026": 4885.0, "imcv_ampi_2023": 92.38, "population_match": "fuzzy_name_variant", "population_density_km2_2026": 28822.146709343211, "hazard_weighted_population_proxy_2026": 2409.1922020017796, "exposure_component": 0.8003371224262793, "vulnerability_component": 0.76461723930078362, "priority_exposure": 0.8003371224262793, "priority_balanced": 0.79140715164490538, "priority_equity": 0.78426317501980636, "rank_exposure": 33.0, "rank_balanced": 36.0, "rank_equity": 38.0, "rank_hazard_only": 27 }, "geometry": { "type": "Polygon", "coordinates": [ [ [ -75.535898741214893, 6.235713256201929 ], [ -75.535699032276895, 6.235888200235301 ], [ -75.535530678638395, 6.236124434995449 ], [ -75.535337128848298, 6.23634417801075 ], [ -75.535087119677897, 6.236518286516123 ], [ -75.534711522047502, 6.236751196607042 ], [ -75.534375074280604, 6.236953796598542 ], [ -75.534119894239396, 6.237077257770981 ], [ -75.533494093743798, 6.237415103626411 ], [ -75.533187011401196, 6.23768776821914 ], [ -75.533017635057504, 6.2379181608484 ], [ -75.532859702747402, 6.238286865137459 ], [ -75.532673794224806, 6.238724820117691 ], [ -75.532414464807104, 6.23916882260715 ], [ -75.532251455113894, 6.239520006181818 ], [ -75.532139443949404, 6.239759983125782 ], [ -75.532015140616394, 6.23918843500697 ], [ -75.5320928346475, 6.238907635137652 ], [ -75.532206033269802, 6.238733903446781 ], [ -75.532294868909105, 6.238480351588849 ], [ -75.532241625440406, 6.238141455834231 ], [ -75.5320430655499, 6.23763831220809 ], [ -75.531875504040499, 6.23743223025381 ], [ -75.531795686756993, 6.237306771146228 ], [ -75.531701500738905, 6.237078079506511 ], [ -75.531717105710797, 6.236899746181291 ], [ -75.531800801524895, 6.236606263533472 ], [ -75.531828446022502, 6.236416207414009 ], [ -75.531780389961, 6.236134778290161 ], [ -75.531659216462316, 6.235969488192177 ], [ -75.531508648947195, 6.235723416425367 ], [ -75.531478685143796, 6.235436091240921 ], [ -75.531435917539, 6.235248177339112 ], [ -75.531269220731005, 6.234990457425809 ], [ -75.531068044046606, 6.234997831029502 ], [ -75.530539459053102, 6.235202906401998 ], [ -75.530355287888, 6.23517515897916 ], [ -75.530211026138403, 6.235027468468142 ], [ -75.530222979325401, 6.234984568528018 ], [ -75.530358601579493, 6.234916970569891 ], [ -75.530673042523105, 6.234759249774152 ], [ -75.531100009730494, 6.234549582658377 ], [ -75.531646794216897, 6.23437855720193 ], [ -75.532108074332896, 6.234208739865432 ], [ -75.532410634159902, 6.23412119694468 ], [ -75.532815624156299, 6.233968097509529 ], [ -75.533146394126604, 6.233896064314371 ], [ -75.533512392029294, 6.233830755363352 ], [ -75.533672261373596, 6.233801087162372 ], [ -75.533940756554998, 6.233764298981671 ], [ -75.534324014445403, 6.233756421746922 ], [ -75.534598736936502, 6.233788788835329 ], [ -75.534884840838714, 6.23393608532295 ], [ -75.535184181358602, 6.234140829464319 ], [ -75.535339523606694, 6.234293357872481 ], [ -75.534874404348699, 6.234894785882171 ], [ -75.535547861153205, 6.23542389741638 ], [ -75.535898741214893, 6.235713256201929 ] ] ] } },
{ "type": "Feature", "properties": { "OBJECTID": 207, "BARRIO": "BARRIOS DE JESUS", "area_total_ha": 44.591718039688168, "Alta": 14.793450479364809, "Media": 2.5904599904789416, "Baja": 27.207807569844444, "high_share": 0.33175331944371661, "medhigh_share": 0.38984616951451551, "screening_score": 0.34801931746354031, "screening_rank": 32, "barrio_code": "0902", "comuna_code": "09", "comuna_name": "Buenos Aires", "population_2026": 12979.0, "imcv_ampi_2023": 101.5, "population_match": "exact", "population_density_km2_2026": 29106.301731743646, "hazard_weighted_population_proxy_2026": 4682.8198835944477, "exposure_component": 0.86861995940539261, "vulnerability_component": 0.48975286317058458, "priority_exposure": 0.86861995940539261, "priority_balanced": 0.77390318534669056, "priority_equity": 0.69812976609972899, "rank_exposure": 22.0, "rank_balanced": 40.0, "rank_equity": 56.0, "rank_hazard_only": 32 }, "geometry": { "type": "Polygon", "coordinates": [ [ [ -75.540314029143005, 6.226261476162861 ], [ -75.540604402544901, 6.22686276351541 ], [ -75.540669720649106, 6.227201623063173 ], [ -75.540795484191094, 6.227935864263299 ], [ -75.540834193583308, 6.22847452106089 ], [ -75.540899862832006, 6.228940032813678 ], [ -75.540938481104405, 6.229445565167671 ], [ -75.540963562476406, 6.229784537068749 ], [ -75.540978660431904, 6.230151788832281 ], [ -75.540940333832793, 6.230479245220609 ], [ -75.540935446333904, 6.23053089437935 ], [ -75.540874799518505, 6.230790214374231 ], [ -75.540729135908094, 6.231227083952282 ], [ -75.5406231394267, 6.23145730238087 ], [ -75.540459003568003, 6.231762698586582 ], [ -75.540411971221403, 6.231852460338759 ], [ -75.540092702272602, 6.232444718548531 ], [ -75.539883391032305, 6.232784338066341 ], [ -75.539610162638496, 6.233291708037379 ], [ -75.539589962426504, 6.233262536651228 ], [ -75.539411162673701, 6.23299413635608 ], [ -75.539197107277204, 6.232709271130721 ], [ -75.538989324431299, 6.232509149495018 ], [ -75.538783920523599, 6.23244249475397 ], [ -75.538566560395793, 6.232417765132099 ], [ -75.538543416000806, 6.232414905753248 ], [ -75.538222532589202, 6.232423587227289 ], [ -75.537989419595505, 6.23252263115693 ], [ -75.537761050644406, 6.232518391696908 ], [ -75.5374164422158, 6.232313776680641 ], [ -75.536939755227905, 6.23200235624345 ], [ -75.536492381938402, 6.231741517473871 ], [ -75.536194540540819, 6.231715060366603 ], [ -75.535583074526798, 6.231776176971063 ], [ -75.5353218128799, 6.231882118050652 ], [ -75.535126986896302, 6.23200346370066 ], [ -75.534921977599495, 6.232080022387622 ], [ -75.534676320922401, 6.232007630269541 ], [ -75.534302445437604, 6.23176899323831 ], [ -75.5339758836367, 6.231541916999938 ], [ -75.533016504179201, 6.23092785586655 ], [ -75.532546030509295, 6.230679740569071 ], [ -75.532201378174605, 6.230458559442153 ], [ -75.531975749256503, 6.230352985943289 ], [ -75.531709487735895, 6.229737985110482 ], [ -75.531553721019606, 6.22942957433697 ], [ -75.53152187260342, 6.229188046101601 ], [ -75.531520188996495, 6.228941562166571 ], [ -75.531547834309805, 6.228751505230828 ], [ -75.531643536683902, 6.228434608406191 ], [ -75.531811669005705, 6.228117510205269 ], [ -75.531993224883394, 6.227926056791099 ], [ -75.532207012039805, 6.227750101511548 ], [ -75.532215114616605, 6.227769563473298 ], [ -75.532308181689203, 6.227958314472983 ], [ -75.532354977660205, 6.228148166515521 ], [ -75.532390693680199, 6.228332203152253 ], [ -75.532511753389713, 6.228457549528723 ], [ -75.532711023748305, 6.228489151117823 ], [ -75.532819319443604, 6.22836220011851 ], [ -75.5329165658748, 6.228241123810811 ], [ -75.533098438105213, 6.228165604279369 ], [ -75.533314640819697, 6.228135781881371 ], [ -75.533520939059102, 6.228162493415362 ], [ -75.533748815190606, 6.227988446358392 ], [ -75.533770474669495, 6.227816917510133 ], [ -75.533809118421502, 6.227602474582351 ], [ -75.533990880713105, 6.227487010705488 ], [ -75.534225583782998, 6.227600353416621 ], [ -75.534284416724503, 6.227777505829131 ], [ -75.534315245043203, 6.228013192333959 ], [ -75.534396464630802, 6.228282836495177 ], [ -75.534466410293803, 6.228476521381819 ], [ -75.534615593046794, 6.228585227227494 ], [ -75.534810969145397, 6.228664578489749 ], [ -75.534987968067398, 6.228645579889522 ], [ -75.535169808976917, 6.228558368755888 ], [ -75.535489049844301, 6.228319769145859 ], [ -75.535880755706003, 6.228093635767458 ], [ -75.5362233246546, 6.227924144461671 ], [ -75.536593054669694, 6.22775457748041 ], [ -75.536838252868293, 6.22766134533775 ], [ -75.53744222348071, 6.227437548551451 ], [ -75.53775696032622, 6.227389913928842 ], [ -75.538007425229793, 6.227382402039311 ], [ -75.538260138967999, 6.227460617957608 ], [ -75.538494764145796, 6.227545705279068 ], [ -75.538746550453098, 6.227652177050489 ], [ -75.538994553867596, 6.227846343093349 ], [ -75.539196298043606, 6.228045508191811 ], [ -75.539345478195003, 6.22815323863921 ], [ -75.539597218598701, 6.228243147626259 ], [ -75.539881027993019, 6.227924755541611 ], [ -75.540083056086104, 6.227498445918719 ], [ -75.540166525594202, 6.227125075470518 ], [ -75.540198912749204, 6.22683173440848 ], [ -75.540292474878299, 6.2264700263314 ], [ -75.540314029143005, 6.226261476162861 ] ] ] } },
{ "type": "Feature", "properties": { "OBJECTID": 208, "BARRIO": "VILLATINA", "area_total_ha": 46.228624276620572, "Alta": 21.516002029895759, "Media": 6.5997481163074223, "Baja": 18.112874130409811, "high_share": 0.46542596424997124, "medhigh_share": 0.60818920281870248, "screening_score": 0.50539967104921601, "screening_rank": 25, "barrio_code": "0813", "comuna_code": "08", "comuna_name": "Villa Hermosa", "population_2026": 14743.0, "imcv_ampi_2023": 92.38, "population_match": "exact", "population_density_km2_2026": 31891.496298443926, "hazard_weighted_population_proxy_2026": 7914.1542040467284, "exposure_component": 0.92254112600403759, "vulnerability_component": 0.76461723930078362, "priority_exposure": 0.92254112600403759, "priority_balanced": 0.88306015432822405, "priority_equity": 0.85147537698757336, "rank_exposure": 9.0, "rank_balanced": 15.0, "rank_equity": 24.0, "rank_hazard_only": 25 }, "geometry": { "type": "Polygon", "coordinates": [ [ [ -75.538566560395793, 6.232417765132099 ], [ -75.538783920523599, 6.23244249475397 ], [ -75.538989324431299, 6.232509149495018 ], [ -75.539197107277204, 6.232709271130721 ], [ -75.539411162673701, 6.23299413635608 ], [ -75.539589962426504, 6.233262536651228 ], [ -75.539610162638496, 6.233291708037379 ], [ -75.539785898749997, 6.233543554220059 ], [ -75.540017182121801, 6.233874159792002 ], [ -75.540392702822601, 6.234342712000991 ], [ -75.540652154205503, 6.23467323987134 ], [ -75.540900336446498, 6.234930729988427 ], [ -75.541314051212197, 6.2353865095778 ], [ -75.541504863091703, 6.235632466564738 ], [ -75.541713763024404, 6.23587155436267 ], [ -75.541914396369904, 6.236031750459601 ], [ -75.542190903777694, 6.23634469274069 ], [ -75.542547841900401, 6.236640851175022 ], [ -75.543010855192605, 6.23673504241563 ], [ -75.543292619593501, 6.236767384563581 ], [ -75.543589712892199, 6.236885417982721 ], [ -75.543928244177806, 6.237073483832892 ], [ -75.544124915425201, 6.237255123318798 ], [ -75.544325709836301, 6.237472798555829 ], [ -75.544597205265902, 6.237791598919431 ], [ -75.544775898926105, 6.238020052752891 ], [ -75.544915532636693, 6.238310964814092 ], [ -75.544973592946704, 6.23856995575884 ], [ -75.545069236438593, 6.238959391201303 ], [ -75.545167566509804, 6.239228985042581 ], [ -75.545254860273417, 6.239509327791243 ], [ -75.544631927443405, 6.239428247784659 ], [ -75.544104212766598, 6.239220250875269 ], [ -75.543513871486198, 6.23891987313652 ], [ -75.542779709486297, 6.238632557587822 ], [ -75.5423328205014, 6.23854903785818 ], [ -75.541864054168997, 6.2385581327186 ], [ -75.541172909872998, 6.23854641159243 ], [ -75.540812978255701, 6.238623400318891 ], [ -75.540460443113204, 6.23882799722257 ], [ -75.540303156600999, 6.239064203997899 ], [ -75.540168339022415, 6.239422128481179 ], [ -75.540084502502097, 6.239663002151712 ], [ -75.540024186131305, 6.240042155390809 ], [ -75.540077293552301, 6.240329413360312 ], [ -75.540090047248, 6.24057586562972 ], [ -75.540138234725205, 6.240903080958708 ], [ -75.540257319046802, 6.24140254403903 ], [ -75.540192304725906, 6.241901542639569 ], [ -75.540183074437195, 6.24220066509843 ], [ -75.539920637862295, 6.242973977723288 ], [ -75.539645971133893, 6.242963048054651 ], [ -75.539353872402614, 6.24283330730953 ], [ -75.539174221626396, 6.242622393034971 ], [ -75.538939412679596, 6.242473982111288 ], [ -75.538607140139703, 6.242367734551809 ], [ -75.538275056277797, 6.242329683860598 ], [ -75.538099575203702, 6.242171365441911 ], [ -75.538067301200797, 6.242141253325897 ], [ -75.537894549701704, 6.241878682036512 ], [ -75.537703644618304, 6.241599599605871 ], [ -75.537563690565307, 6.241191772500018 ], [ -75.538404817760295, 6.239778721647269 ], [ -75.539075086393296, 6.238424597323322 ], [ -75.5391404633246, 6.238056146840599 ], [ -75.539074042604199, 6.23768319050528 ], [ -75.538861244948095, 6.237489902667681 ], [ -75.538530170818007, 6.237451848751609 ], [ -75.538164079968993, 6.23748403845507 ], [ -75.537962806912503, 6.2374563422926 ], [ -75.537808560180295, 6.23733693492796 ], [ -75.537635937797305, 6.23712015368626 ], [ -75.537546348810196, 6.236735570266732 ], [ -75.537515122237494, 6.236356669901549 ], [ -75.537524246179302, 6.236017604607969 ], [ -75.537243328592695, 6.23592777512288 ], [ -75.536743516992502, 6.23635100919605 ], [ -75.535987689670094, 6.23696006027866 ], [ -75.534922552629496, 6.23739849533736 ], [ -75.534494197452602, 6.23746982406302 ], [ -75.534077903581306, 6.237537222095041 ], [ -75.533740055560003, 6.23759661059278 ], [ -75.533454409605895, 6.237616884259068 ], [ -75.533187011401196, 6.23768776821914 ], [ -75.533494093743798, 6.237415103626411 ], [ -75.534119894239396, 6.237077257770981 ], [ -75.534375074280604, 6.236953796598542 ], [ -75.534711522047502, 6.236751196607042 ], [ -75.535087119677897, 6.236518286516123 ], [ -75.535337128848298, 6.23634417801075 ], [ -75.535530678638395, 6.236124434995449 ], [ -75.535699032276895, 6.235888200235301 ], [ -75.535898741214893, 6.235713256201929 ], [ -75.536182562514199, 6.235396812893189 ], [ -75.536476103343304, 6.234957586686672 ], [ -75.536643916357093, 6.234525526387059 ], [ -75.536927587349197, 6.234155498868099 ], [ -75.537154332593005, 6.233935664634499 ], [ -75.537471438713695, 6.233651278096559 ], [ -75.537744366224402, 6.233398193165471 ], [ -75.537902846271294, 6.233230182377833 ], [ -75.538141611592096, 6.23299180374166 ], [ -75.538566560395793, 6.232417765132099 ] ] ] } },
{ "type": "Feature", "properties": { "OBJECTID": 209, "BARRIO": "LA LIBERTAD", "area_total_ha": 26.842548089955329, "Alta": 12.816316934778804, "Media": 9.3967612108411238, "Baja": 4.6294699443405705, "high_share": 0.47746275397657795, "medhigh_share": 0.82753239637231824, "screening_score": 0.57548225384738527, "screening_rank": 19, "barrio_code": "0812", "comuna_code": "08", "comuna_name": "Villa Hermosa", "population_2026": 10654.0, "imcv_ampi_2023": 92.38, "population_match": "exact", "population_density_km2_2026": 39690.717752636905, "hazard_weighted_population_proxy_2026": 6951.70916590857, "exposure_component": 0.90921689567596087, "vulnerability_component": 0.76461723930078362, "priority_exposure": 0.90921689567596087, "priority_balanced": 0.87306698158216656, "priority_equity": 0.84414705030713122, "rank_exposure": 12.0, "rank_balanced": 19.0, "rank_equity": 28.0, "rank_hazard_only": 19 }, "geometry": { "type": "Polygon", "coordinates": [ [ [ -75.545254860273417, 6.239509327791243 ], [ -75.545445514563795, 6.239697803250153 ], [ -75.545710529165703, 6.23985586812057 ], [ -75.545957184047595, 6.239923380445581 ], [ -75.545701540783298, 6.240241698402583 ], [ -75.545571129364504, 6.240373585779579 ], [ -75.545544400863903, 6.240529539693608 ], [ -75.545631921790502, 6.2408917181195 ], [ -75.545719151300702, 6.24114867977943 ], [ -75.545698746631004, 6.24140788822348 ], [ -75.545512272379412, 6.241638329733003 ], [ -75.5452393029706, 6.241875833163318 ], [ -75.544903899158399, 6.242091102863548 ], [ -75.544453940221004, 6.242352480104591 ], [ -75.544113633257311, 6.2426135518516 ], [ -75.543817302326204, 6.242771230405933 ], [ -75.543514584487298, 6.242802273317811 ], [ -75.543109779758595, 6.243022606520233 ], [ -75.542717225376094, 6.243307205826877 ], [ -75.542349133285015, 6.243706698418337 ], [ -75.541580993059398, 6.244229083773952 ], [ -75.541550081940102, 6.24396514647274 ], [ -75.541491960330518, 6.24368374850773 ], [ -75.541438135424301, 6.243500737532981 ], [ -75.541350919537905, 6.243248647581928 ], [ -75.541218739477898, 6.243105797810441 ], [ -75.541023022889107, 6.242906619727659 ], [ -75.540737169498001, 6.242851880879122 ], [ -75.540399221159504, 6.24287619934755 ], [ -75.540000119811594, 6.24297668048517 ], [ -75.539920637862295, 6.242973977723288 ], [ -75.540183074437195, 6.24220066509843 ], [ -75.540192304725906, 6.241901542639569 ], [ -75.540257319046802, 6.24140254403903 ], [ -75.540138234725205, 6.240903080958708 ], [ -75.540090047248, 6.24057586562972 ], [ -75.540077293552301, 6.240329413360312 ], [ -75.540024186131305, 6.240042155390809 ], [ -75.540084502502097, 6.239663002151712 ], [ -75.540168339022415, 6.239422128481179 ], [ -75.540303156600999, 6.239064203997899 ], [ -75.540460443113204, 6.23882799722257 ], [ -75.540812978255701, 6.238623400318891 ], [ -75.541172909872998, 6.23854641159243 ], [ -75.541864054168997, 6.2385581327186 ], [ -75.5423328205014, 6.23854903785818 ], [ -75.542779709486297, 6.238632557587822 ], [ -75.543513871486198, 6.23891987313652 ], [ -75.544104212766598, 6.239220250875269 ], [ -75.544631927443405, 6.239428247784659 ], [ -75.545254860273417, 6.239509327791243 ] ] ] } },
{ "type": "Feature", "properties": { "OBJECTID": 210, "BARRIO": "ALEJANDRO ECHAVARRIA", "area_total_ha": 34.867922758312652, "Alta": 1.3755557500150992, "Media": 0.57296980522522134, "Baja": 32.919397203072215, "high_share": 0.039450464530100558, "medhigh_share": 0.055883040947020117, "screening_score": 0.044051585926838034, "screening_rank": 65, "barrio_code": "0905", "comuna_code": "09", "comuna_name": "Buenos Aires", "population_2026": 7751.0, "imcv_ampi_2023": 101.5, "population_match": "exact", "population_density_km2_2026": 22229.600695533634, "hazard_weighted_population_proxy_2026": 369.46500047658117, "exposure_component": 0.60787472404516762, "vulnerability_component": 0.48975286317058458, "priority_exposure": 0.60787472404516762, "priority_balanced": 0.57834425882652185, "priority_equity": 0.55471988665160521, "rank_exposure": 65.0, "rank_balanced": 69.0, "rank_equity": 71.0, "rank_hazard_only": 65 }, "geometry": { "type": "Polygon", "coordinates": [ [ [ -75.540411971221403, 6.231852460338759 ], [ -75.540833690714706, 6.232294578847811 ], [ -75.541022891225893, 6.232322308464781 ], [ -75.541240288707797, 6.23236067535639 ], [ -75.541406461921795, 6.232428413359721 ], [ -75.541614214228801, 6.232616843694982 ], [ -75.541683000300097, 6.232754022341242 ], [ -75.541753811951594, 6.232896067051728 ], [ -75.541864144487903, 6.233142248916651 ], [ -75.542048728684904, 6.233319050846618 ], [ -75.542294533538893, 6.23344404825559 ], [ -75.542524464069999, 6.233648979363481 ], [ -75.542675912148198, 6.233848280501597 ], [ -75.542826596883813, 6.23413526840947 ], [ -75.543479472040701, 6.235221698097277 ], [ -75.543763101467803, 6.235563848324968 ], [ -75.543947858864399, 6.235803001751153 ], [ -75.544120420308403, 6.235997372945199 ], [ -75.544327263618399, 6.236219903141108 ], [ -75.544488712168402, 6.236396768233168 ], [ -75.544948336320516, 6.23671991753773 ], [ -75.547662205035095, 6.238069500609378 ], [ -75.5476914195239, 6.238084032821462 ], [ -75.550065660321707, 6.239210469212921 ], [ -75.551465112499898, 6.23997719507067 ], [ -75.551264138490097, 6.240418116850272 ], [ -75.550992866446904, 6.2409021029487 ], [ -75.550536038548302, 6.241584379860329 ], [ -75.5500337034388, 6.242542497949763 ], [ -75.5499823631298, 6.242529976408706 ], [ -75.549432396812193, 6.24228112809898 ], [ -75.548989878605795, 6.241961833977476 ], [ -75.548628081615803, 6.241729998190741 ], [ -75.548323796537801, 6.241559377904757 ], [ -75.548008339666495, 6.241349818333791 ], [ -75.5475353751021, 6.240935131167877 ], [ -75.546878411645096, 6.240192631924231 ], [ -75.546575118676699, 6.240016162896568 ], [ -75.546317497364598, 6.239984729901 ], [ -75.546059872038896, 6.239951348436831 ], [ -75.545957184047595, 6.239923380445581 ], [ -75.545710529165703, 6.23985586812057 ], [ -75.545445514563795, 6.239697803250153 ], [ -75.545254860273417, 6.239509327791243 ], [ -75.545167566509804, 6.239228985042581 ], [ -75.545069236438593, 6.238959391201303 ], [ -75.544973592946704, 6.23856995575884 ], [ -75.544915532636693, 6.238310964814092 ], [ -75.544775898926105, 6.238020052752891 ], [ -75.544597205265902, 6.237791598919431 ], [ -75.544325709836301, 6.237472798555829 ], [ -75.544124915425201, 6.237255123318798 ], [ -75.543928244177806, 6.237073483832892 ], [ -75.543589712892199, 6.236885417982721 ], [ -75.543292619593501, 6.236767384563581 ], [ -75.543010855192605, 6.23673504241563 ], [ -75.542547841900401, 6.236640851175022 ], [ -75.542190903777694, 6.23634469274069 ], [ -75.541914396369904, 6.236031750459601 ], [ -75.541713763024404, 6.23587155436267 ], [ -75.541504863091703, 6.235632466564738 ], [ -75.541314051212197, 6.2353865095778 ], [ -75.540900336446498, 6.234930729988427 ], [ -75.540652154205503, 6.23467323987134 ], [ -75.540392702822601, 6.234342712000991 ], [ -75.540017182121801, 6.233874159792002 ], [ -75.539785898749997, 6.233543554220059 ], [ -75.539610162638496, 6.233291708037379 ], [ -75.539883391032305, 6.232784338066341 ], [ -75.540092702272602, 6.232444718548531 ], [ -75.540411971221403, 6.231852460338759 ] ] ] } },
{ "type": "Feature", "properties": { "OBJECTID": 211, "BARRIO": "CAYCEDO", "area_total_ha": 21.218766300622697, "Alta": 0.0, "Media": 0.0, "Baja": 21.218766300622711, "high_share": 0.0, "medhigh_share": 0.0, "screening_score": 0.0, "screening_rank": 87, "barrio_code": "0906", "comuna_code": "09", "comuna_name": "Buenos Aires", "population_2026": 5594.0, "imcv_ampi_2023": 101.5, "population_match": "exact", "population_density_km2_2026": 26363.455446680873, "hazard_weighted_population_proxy_2026": 0.0, "exposure_component": 0.0, "vulnerability_component": 0.48975286317058458, "priority_exposure": 0.0, "priority_balanced": 0.12243821579264615, "priority_equity": 0.22038878842676307, "rank_exposure": 85.0, "rank_balanced": 158.0, "rank_equity": 157.0, "rank_hazard_only": 87 }, "geometry": { "type": "Polygon", "coordinates": [ [ [ -75.558466483642405, 6.243465855434036 ], [ -75.558420493655902, 6.24356730738879 ], [ -75.558320511932806, 6.243787767131212 ], [ -75.558168218481498, 6.244007400995448 ], [ -75.557977203255902, 6.244410302182713 ], [ -75.557506868340695, 6.244218720765749 ], [ -75.557381638317906, 6.244404180022327 ], [ -75.557245390489399, 6.244606231545651 ], [ -75.556996698712197, 6.24488946109173 ], [ -75.556684660860597, 6.24518456030896 ], [ -75.556420435619003, 6.244950506433329 ], [ -75.556364632138411, 6.245140642198641 ], [ -75.556239320126195, 6.245296874108631 ], [ -75.556048193131701, 6.24565983008535 ], [ -75.555455138485996, 6.24511396465163 ], [ -75.555091827864103, 6.244701901350984 ], [ -75.554832507638395, 6.244423018865078 ], [ -75.554561083245417, 6.244132478708059 ], [ -75.554296634336197, 6.243818537020648 ], [ -75.554048282815799, 6.24350454943463 ], [ -75.553754615692512, 6.24317412812839 ], [ -75.553541936247896, 6.243025662335191 ], [ -75.553301157963205, 6.242901632356561 ], [ -75.552928546895501, 6.242760434093509 ], [ -75.552544074722107, 6.242694285581499 ], [ -75.552098236431405, 6.242628309765688 ], [ -75.551812604422395, 6.242653464569261 ], [ -75.550789389178405, 6.242609559624119 ], [ -75.550451416779794, 6.242624143632778 ], [ -75.550263219681497, 6.242596415146349 ], [ -75.5500337034388, 6.242542497949763 ], [ -75.550536038548302, 6.241584379860329 ], [ -75.550992866446904, 6.2409021029487 ], [ -75.551264138490097, 6.240418116850272 ], [ -75.551465112499898, 6.23997719507067 ], [ -75.551965855474805, 6.240252481485716 ], [ -75.552041409021498, 6.240290267220527 ], [ -75.554623407762094, 6.241598281007209 ], [ -75.556803507204094, 6.24272035195495 ], [ -75.558466483642405, 6.243465855434036 ] ] ] } },
{ "type": "Feature", "properties": { "OBJECTID": 212, "BARRIO": "BOMBONA No.1", "area_total_ha": 20.390051728191469, "Alta": 0.0, "Media": 0.0, "Baja": 14.709309929903124, "high_share": 0.0, "medhigh_share": 0.0, "screening_score": 0.0, "screening_rank": 87, "barrio_code": "1015", "comuna_code": "10", "comuna_name": "La Candelaria", "population_2026": 7402.0, "imcv_ampi_2023": 102.65, "population_match": "exact", "population_density_km2_2026": 36302.016780888931, "hazard_weighted_population_proxy_2026": 0.0, "exposure_component": 0.0, "vulnerability_component": 0.45509342977697381, "priority_exposure": 0.0, "priority_balanced": 0.11377335744424345, "priority_equity": 0.20479204339963822, "rank_exposure": 85.0, "rank_balanced": 163.0, "rank_equity": 162.0, "rank_hazard_only": 87 }, "geometry": { "type": "Polygon", "coordinates": [ [ [ -75.560237104144704, 6.242060887136032 ], [ -75.560393908171505, 6.242014656851622 ], [ -75.560575877504505, 6.241974201443448 ], [ -75.560712543614599, 6.241921207029469 ], [ -75.560895627456702, 6.24191971807068 ], [ -75.561257509999194, 6.24218077306801 ], [ -75.561533500801403, 6.2423056742237 ], [ -75.561716731899395, 6.2423558189072 ], [ -75.562070911909601, 6.24238210077556 ], [ -75.562224693124705, 6.242333930041711 ], [ -75.562504985802093, 6.242199669785779 ], [ -75.562800175142996, 6.24199716992158 ], [ -75.563055060170697, 6.241771400601578 ], [ -75.5631974873085, 6.241620965934577 ], [ -75.563418231913403, 6.241417701294369 ], [ -75.563952346833403, 6.241753285389531 ], [ -75.564882725977995, 6.24241217496258 ], [ -75.565231297879905, 6.242590452767111 ], [ -75.564342894591604, 6.244334908600011 ], [ -75.563915527473995, 6.245112586846397 ], [ -75.563374047719407, 6.246093230326122 ], [ -75.561594870878494, 6.245170760443226 ], [ -75.559775252764396, 6.244174353779639 ], [ -75.558420493655902, 6.24356730738879 ], [ -75.558466483642405, 6.243465855434036 ], [ -75.558654083614798, 6.243280221082249 ], [ -75.559011354724802, 6.242973304618708 ], [ -75.559386828684794, 6.242700433678671 ], [ -75.559756154273202, 6.242387636894041 ], [ -75.559943913495303, 6.242259483200581 ], [ -75.560171768312799, 6.242079580920541 ], [ -75.560237104144704, 6.242060887136032 ] ] ] } },
{ "type": "Feature", "properties": { "OBJECTID": 213, "BARRIO": "BUENOS AIRES", "area_total_ha": 29.387184241429797, "Alta": 0.0, "Media": 0.0, "Baja": 29.387184241429797, "high_share": 0.0, "medhigh_share": 0.0, "screening_score": 0.0, "screening_rank": 87, "barrio_code": "0907", "comuna_code": "09", "comuna_name": "Buenos Aires", "population_2026": 8137.0, "imcv_ampi_2023": 101.5, "population_match": "exact", "population_density_km2_2026": 27688.940638717362, "hazard_weighted_population_proxy_2026": 0.0, "exposure_component": 0.0, "vulnerability_component": 0.48975286317058458, "priority_exposure": 0.0, "priority_balanced": 0.12243821579264615, "priority_equity": 0.22038878842676307, "rank_exposure": 85.0, "rank_balanced": 158.0, "rank_equity": 157.0, "rank_hazard_only": 87 }, "geometry": { "type": "Polygon", "coordinates": [ [ [ -75.553735285291395, 6.23697600369564 ], [ -75.553823044855804, 6.23706149104603 ], [ -75.554128686269394, 6.237358757397023 ], [ -75.554588702625196, 6.23782023818575 ], [ -75.555438507859705, 6.238451122842648 ], [ -75.555764874427993, 6.238604139958681 ], [ -75.555834381875499, 6.238638043362001 ], [ -75.556104459576602, 6.238807780924132 ], [ -75.556454969502298, 6.23896072989488 ], [ -75.556816397339205, 6.239061037682731 ], [ -75.557125646268503, 6.239208257454229 ], [ -75.5574640845402, 6.239361238870249 ], [ -75.55777336313291, 6.239519173342887 ], [ -75.558026214680098, 6.239644142717163 ], [ -75.558314595269493, 6.239882998353248 ], [ -75.558608087049805, 6.240151067386247 ], [ -75.558911735166205, 6.240453206467558 ], [ -75.559189146169004, 6.240726189153348 ], [ -75.559471509385801, 6.240970908009252 ], [ -75.559719861289395, 6.2412848922265 ], [ -75.55997952339122, 6.2416855511537 ], [ -75.560237104144704, 6.242060887136032 ], [ -75.560171768312799, 6.242079580920541 ], [ -75.559943913495303, 6.242259483200581 ], [ -75.559756154273202, 6.242387636894041 ], [ -75.559386828684794, 6.242700433678671 ], [ -75.559011354724802, 6.242973304618708 ], [ -75.558654083614798, 6.243280221082249 ], [ -75.558466483642405, 6.243465855434036 ], [ -75.556803507204094, 6.24272035195495 ], [ -75.554623407762094, 6.241598281007209 ], [ -75.552041409021498, 6.240290267220527 ], [ -75.552710938184205, 6.239045251689479 ], [ -75.553303424100605, 6.23795048678591 ], [ -75.553735285291395, 6.23697600369564 ] ] ] } },
{ "type": "Feature", "properties": { "OBJECTID": 214, "BARRIO": "MIRAFLORES", "area_total_ha": 28.079276726575177, "Alta": 0.0, "Media": 0.0, "Baja": 28.079276726575191, "high_share": 0.0, "medhigh_share": 0.0, "screening_score": 0.0, "screening_rank": 87, "barrio_code": "0908", "comuna_code": "09", "comuna_name": "Buenos Aires", "population_2026": 7909.0, "imcv_ampi_2023": 101.5, "population_match": "exact", "population_density_km2_2026": 28166.679922046053, "hazard_weighted_population_proxy_2026": 0.0, "exposure_component": 0.0, "vulnerability_component": 0.48975286317058458, "priority_exposure": 0.0, "priority_balanced": 0.12243821579264615, "priority_equity": 0.22038878842676307, "rank_exposure": 85.0, "rank_balanced": 158.0, "rank_equity": 157.0, "rank_hazard_only": 87 }, "geometry": { "type": "Polygon", "coordinates": [ [ [ -75.546691278569298, 6.233670528886211 ], [ -75.546754747168706, 6.233703476814297 ], [ -75.547002466459105, 6.233793393782959 ], [ -75.547271441351199, 6.233930014248699 ], [ -75.547684249282199, 6.234058441894107 ], [ -75.548544548628598, 6.23448861407133 ], [ -75.548802600384306, 6.23467592520791 ], [ -75.548825786475007, 6.234693396912331 ], [ -75.5490738076561, 6.23489145284459 ], [ -75.5492927109037, 6.23510907604402 ], [ -75.549580078801597, 6.235347941296912 ], [ -75.549798642877093, 6.23544378297345 ], [ -75.550238390554796, 6.23549224326435 ], [ -75.551222551541002, 6.235605432936452 ], [ -75.551528725731615, 6.235733179009151 ], [ -75.551909429796297, 6.235892867182032 ], [ -75.552133984309506, 6.235972128995451 ], [ -75.552391814343096, 6.236079551266451 ], [ -75.552678735993396, 6.236157663274141 ], [ -75.552959913274606, 6.236340035923471 ], [ -75.553275449930695, 6.23657882036615 ], [ -75.553540594995198, 6.23678364589068 ], [ -75.553735285291395, 6.23697600369564 ], [ -75.553303424100605, 6.23795048678591 ], [ -75.552710938184205, 6.239045251689479 ], [ -75.552041409021498, 6.240290267220527 ], [ -75.551965855474805, 6.240252481485716 ], [ -75.551465112499898, 6.23997719507067 ], [ -75.550065660321707, 6.239210469212921 ], [ -75.5476914195239, 6.238084032821462 ], [ -75.547662205035095, 6.238069500609378 ], [ -75.547841596042602, 6.237463016476883 ], [ -75.547843399287203, 6.237026545552959 ], [ -75.5478587905274, 6.236773197747391 ], [ -75.547857082229598, 6.236520870260772 ], [ -75.547779927118896, 6.236268754199549 ], [ -75.547612093026103, 6.235966229102818 ], [ -75.547386965145193, 6.23568042585157 ], [ -75.547260882259806, 6.235559968881781 ], [ -75.546996667867603, 6.235326883852081 ], [ -75.546891586377697, 6.235161553812181 ], [ -75.546690841127202, 6.234961416320778 ], [ -75.546506307570496, 6.234803125503519 ], [ -75.546408314449394, 6.234654337770452 ], [ -75.546382461320107, 6.23440110328291 ], [ -75.546375881857301, 6.23420529754419 ], [ -75.546482945977999, 6.233998457399511 ], [ -75.546691278569298, 6.233670528886211 ] ] ] } },
{ "type": "Feature", "properties": { "OBJECTID": 215, "BARRIO": "LOS CERROS EL VERGEL", "area_total_ha": 30.541350658161107, "Alta": 0.25737507138555277, "Media": 0.43894357044011778, "Baja": 29.845032016334979, "high_share": 0.0084271018091591279, "medhigh_share": 0.022799209164628211, "screening_score": 0.012451291868690472, "screening_rank": 77, "barrio_code": "0904", "comuna_code": "09", "comuna_name": "Buenos Aires", "population_2026": 8689.0, "imcv_ampi_2023": 101.5, "population_match": "exact", "population_density_km2_2026": 28449.953301846421, "hazard_weighted_population_proxy_2026": 135.66270802561908, "exposure_component": 0.50538553414106624, "vulnerability_component": 0.48975286317058458, "priority_exposure": 0.50538553414106624, "priority_balanced": 0.50147736639844587, "priority_equity": 0.4983508322043495, "rank_exposure": 75.0, "rank_balanced": 75.0, "rank_equity": 77.0, "rank_hazard_only": 77 }, "geometry": { "type": "Polygon", "coordinates": [ [ [ -75.540940333832793, 6.230479245220609 ], [ -75.542144691535796, 6.230918221084499 ], [ -75.542476975928295, 6.23103128687493 ], [ -75.542745546581699, 6.231022748941297 ], [ -75.542939489659304, 6.230947192347689 ], [ -75.543212739450695, 6.230811988610818 ], [ -75.543423894986603, 6.230776329395812 ], [ -75.543669377205106, 6.230785390659862 ], [ -75.5438757422462, 6.230836453849359 ], [ -75.544121497370796, 6.230943913057889 ], [ -75.544403497412404, 6.231061990321439 ], [ -75.544684571500198, 6.231209295321478 ], [ -75.545041429932994, 6.231477199067347 ], [ -75.545346003231302, 6.231754989198941 ], [ -75.545571114251103, 6.23203592322993 ], [ -75.545779281119593, 6.232373410360788 ], [ -75.545965347368707, 6.232721677095931 ], [ -75.546155362244605, 6.233042652204619 ], [ -75.546353630140004, 6.23343764711676 ], [ -75.546537141907805, 6.233590095386188 ], [ -75.546691278569298, 6.233670528886211 ], [ -75.546482945977999, 6.233998457399511 ], [ -75.546375881857301, 6.23420529754419 ], [ -75.546382461320107, 6.23440110328291 ], [ -75.546408314449394, 6.234654337770452 ], [ -75.546506307570496, 6.234803125503519 ], [ -75.546690841127202, 6.234961416320778 ], [ -75.546891586377697, 6.235161553812181 ], [ -75.546996667867603, 6.235326883852081 ], [ -75.547260882259806, 6.235559968881781 ], [ -75.547386965145193, 6.23568042585157 ], [ -75.547612093026103, 6.235966229102818 ], [ -75.547779927118896, 6.236268754199549 ], [ -75.547857082229598, 6.236520870260772 ], [ -75.5478587905274, 6.236773197747391 ], [ -75.547843399287203, 6.237026545552959 ], [ -75.547841596042602, 6.237463016476883 ], [ -75.547662205035095, 6.238069500609378 ], [ -75.544948336320516, 6.23671991753773 ], [ -75.544488712168402, 6.236396768233168 ], [ -75.544327263618399, 6.236219903141108 ], [ -75.544120420308403, 6.235997372945199 ], [ -75.543947858864399, 6.235803001751153 ], [ -75.543763101467803, 6.235563848324968 ], [ -75.543479472040701, 6.235221698097277 ], [ -75.542826596883813, 6.23413526840947 ], [ -75.542675912148198, 6.233848280501597 ], [ -75.542524464069999, 6.233648979363481 ], [ -75.542294533538893, 6.23344404825559 ], [ -75.542048728684904, 6.233319050846618 ], [ -75.541864144487903, 6.233142248916651 ], [ -75.541753811951594, 6.232896067051728 ], [ -75.541683000300097, 6.232754022341242 ], [ -75.541614214228801, 6.232616843694982 ], [ -75.541406461921795, 6.232428413359721 ], [ -75.541240288707797, 6.23236067535639 ], [ -75.541022891225893, 6.232322308464781 ], [ -75.540833690714706, 6.232294578847811 ], [ -75.540411971221403, 6.231852460338759 ], [ -75.540459003568003, 6.231762698586582 ], [ -75.5406231394267, 6.23145730238087 ], [ -75.540729135908094, 6.231227083952282 ], [ -75.540874799518505, 6.230790214374231 ], [ -75.540935446333904, 6.23053089437935 ], [ -75.540940333832793, 6.230479245220609 ] ] ] } },
{ "type": "Feature", "properties": { "OBJECTID": 216, "BARRIO": "LAS PALMAS", "area_total_ha": 30.683009188644967, "Alta": 0.0, "Media": 0.0, "Baja": 0.26455457355087858, "high_share": 0.0, "medhigh_share": 0.0, "screening_score": 0.0, "screening_rank": 87, "barrio_code": "1014", "comuna_code": "10", "comuna_name": "La Candelaria", "population_2026": 8854.0, "imcv_ampi_2023": 102.65, "population_match": "exact", "population_density_km2_2026": 28856.361335239078, "hazard_weighted_population_proxy_2026": 0.0, "exposure_component": 0.0, "vulnerability_component": 0.45509342977697381, "priority_exposure": 0.0, "priority_balanced": 0.11377335744424345, "priority_equity": 0.20479204339963822, "rank_exposure": 85.0, "rank_balanced": 163.0, "rank_equity": 162.0, "rank_hazard_only": 87 }, "geometry": { "type": "Polygon", "coordinates": [ [ [ -75.5654301195936, 6.23424353581514 ], [ -75.565363148840206, 6.23475325434254 ], [ -75.565341905947093, 6.235068968606711 ], [ -75.565282452374007, 6.235390637157533 ], [ -75.565112381437004, 6.235726257792848 ], [ -75.564905343965293, 6.236152585426551 ], [ -75.564781542248397, 6.236486126413911 ], [ -75.564766206463901, 6.23675603506206 ], [ -75.565640032480303, 6.237341042983089 ], [ -75.565904013323205, 6.237488383623909 ], [ -75.566151086044002, 6.237704944267549 ], [ -75.566238161502611, 6.237904417274271 ], [ -75.566244880806806, 6.238146986864388 ], [ -75.566134415531195, 6.238572068328702 ], [ -75.566103198711801, 6.23891801241976 ], [ -75.567073242602902, 6.239375119404189 ], [ -75.567022877694598, 6.239708452432279 ], [ -75.568903622842996, 6.240623800096959 ], [ -75.567714311496104, 6.243390115985981 ], [ -75.565537557627195, 6.242746442824022 ], [ -75.565231297879905, 6.242590452767111 ], [ -75.564882725977995, 6.24241217496258 ], [ -75.563952346833403, 6.241753285389531 ], [ -75.563418231913403, 6.241417701294369 ], [ -75.563730179464201, 6.24109337244071 ], [ -75.563916643902402, 6.240862925070558 ], [ -75.564104111701397, 6.240631500003301 ], [ -75.564228318128102, 6.240441172360971 ], [ -75.563974837307399, 6.24009310743772 ], [ -75.563726548608201, 6.239802506491792 ], [ -75.563495131571699, 6.239430022476558 ], [ -75.563338370902997, 6.23913331920362 ], [ -75.563215678711103, 6.238788782392842 ], [ -75.563116370777607, 6.238531859511141 ], [ -75.563080416612607, 6.238266966737759 ], [ -75.563134728794594, 6.237905368175441 ], [ -75.563228191691806, 6.237514432779691 ], [ -75.563334825301396, 6.237156585521742 ], [ -75.563458466897202, 6.23676556471523 ], [ -75.563820723884206, 6.235729895636018 ], [ -75.564118317581205, 6.234952584608259 ], [ -75.564349366812706, 6.234479423035089 ], [ -75.564427445652001, 6.234341835737881 ], [ -75.564773204257094, 6.233879070529309 ], [ -75.5651521984108, 6.234145919435391 ], [ -75.5654301195936, 6.23424353581514 ] ] ] } },
{ "type": "Feature", "properties": { "OBJECTID": 217, "BARRIO": "EL SALVADOR", "area_total_ha": 35.896704284772539, "Alta": 0.0, "Media": 0.0, "Baja": 31.296385771312075, "high_share": 0.0, "medhigh_share": 0.0, "screening_score": 0.0, "screening_rank": 87, "barrio_code": "0912", "comuna_code": "09", "comuna_name": "Buenos Aires", "population_2026": 14667.0, "imcv_ampi_2023": 101.5, "population_match": "exact", "population_density_km2_2026": 40858.904159125756, "hazard_weighted_population_proxy_2026": 0.0, "exposure_component": 0.0, "vulnerability_component": 0.48975286317058458, "priority_exposure": 0.0, "priority_balanced": 0.12243821579264615, "priority_equity": 0.22038878842676307, "rank_exposure": 85.0, "rank_balanced": 158.0, "rank_equity": 157.0, "rank_hazard_only": 87 }, "geometry": { "type": "Polygon", "coordinates": [ [ [ -75.562466588477506, 6.232829477566559 ], [ -75.562919825797593, 6.233025974460041 ], [ -75.564033997291702, 6.23358498064942 ], [ -75.564773204257094, 6.233879070529309 ], [ -75.564427445652001, 6.234341835737881 ], [ -75.564349366812706, 6.234479423035089 ], [ -75.564118317581205, 6.234952584608259 ], [ -75.563820723884206, 6.235729895636018 ], [ -75.563458466897202, 6.23676556471523 ], [ -75.563334825301396, 6.237156585521742 ], [ -75.563228191691806, 6.237514432779691 ], [ -75.563134728794594, 6.237905368175441 ], [ -75.563080416612607, 6.238266966737759 ], [ -75.563116370777607, 6.238531859511141 ], [ -75.563215678711103, 6.238788782392842 ], [ -75.563338370902997, 6.23913331920362 ], [ -75.563495131571699, 6.239430022476558 ], [ -75.563726548608201, 6.239802506491792 ], [ -75.563974837307399, 6.24009310743772 ], [ -75.564228318128102, 6.240441172360971 ], [ -75.564104111701397, 6.240631500003301 ], [ -75.563916643902402, 6.240862925070558 ], [ -75.563730179464201, 6.24109337244071 ], [ -75.563418231913403, 6.241417701294369 ], [ -75.5631974873085, 6.241620965934577 ], [ -75.563055060170697, 6.241771400601578 ], [ -75.562800175142996, 6.24199716992158 ], [ -75.562504985802093, 6.242199669785779 ], [ -75.562224693124705, 6.242333930041711 ], [ -75.562070911909601, 6.24238210077556 ], [ -75.561716731899395, 6.2423558189072 ], [ -75.561533500801403, 6.2423056742237 ], [ -75.561257509999194, 6.24218077306801 ], [ -75.560895627456702, 6.24191971807068 ], [ -75.560920555692604, 6.24148221041891 ], [ -75.560865857366494, 6.240990370893608 ], [ -75.560870027759705, 6.240684445165379 ], [ -75.560907576347503, 6.240442725894188 ], [ -75.560979071647395, 6.240109332413689 ], [ -75.561109026908994, 6.239816693129979 ], [ -75.561198869722901, 6.239568982877039 ], [ -75.561373036602305, 6.239257708387618 ], [ -75.560997414706605, 6.2387599494303 ], [ -75.560422698568303, 6.238293925850511 ], [ -75.560893297699394, 6.237864909112488 ], [ -75.561244061431495, 6.23739141343409 ], [ -75.560703450988896, 6.236890221596311 ], [ -75.5598971505717, 6.23598935924706 ], [ -75.559751741955793, 6.235793943197909 ], [ -75.559533032627698, 6.23564647236541 ], [ -75.559211891496204, 6.235562614318121 ], [ -75.558972283211205, 6.235496062913244 ], [ -75.558759705067303, 6.235382672522921 ], [ -75.558587349067395, 6.23526332293857 ], [ -75.558438098123105, 6.235132218029309 ], [ -75.558312747417105, 6.234914339134898 ], [ -75.5584353463274, 6.234868204973479 ], [ -75.558920916560297, 6.23475577889313 ], [ -75.559383494034904, 6.234695051988251 ], [ -75.559675151947019, 6.23466890368985 ], [ -75.560018262567496, 6.23469521847319 ], [ -75.560229624277198, 6.234733595042882 ], [ -75.560304067178905, 6.234016340520741 ], [ -75.560371890549902, 6.233808634536389 ], [ -75.560431604219104, 6.233578544585521 ], [ -75.560538288339302, 6.233238233019201 ], [ -75.560611289887504, 6.233083123030832 ], [ -75.560736402980993, 6.232857720267679 ], [ -75.560893467425203, 6.232546493636 ], [ -75.561368952746705, 6.232784824148748 ], [ -75.561679154855298, 6.232914500857248 ], [ -75.561941753749906, 6.232929351853379 ], [ -75.562147940858495, 6.232916106600931 ], [ -75.562466588477506, 6.232829477566559 ] ] ] } },
{ "type": "Feature", "properties": { "OBJECTID": 218, "BARRIO": "GERONA", "area_total_ha": 25.737922510521244, "Alta": 0.0, "Media": 0.25517097315309389, "Baja": 25.482751537368149, "high_share": 0.0, "medhigh_share": 0.0099142024010983858, "screening_score": 0.0027759766723075485, "screening_rank": 81, "barrio_code": "0911", "comuna_code": "09", "comuna_name": "Buenos Aires", "population_2026": 9455.0, "imcv_ampi_2023": 101.5, "population_match": "exact", "population_density_km2_2026": 36735.67668927028, "hazard_weighted_population_proxy_2026": 46.869391851192617, "exposure_component": 0.39757308335130054, "vulnerability_component": 0.48975286317058458, "priority_exposure": 0.39757308335130054, "priority_balanced": 0.42061802830612155, "priority_equity": 0.43905398426997838, "rank_exposure": 77.0, "rank_balanced": 77.0, "rank_equity": 80.0, "rank_hazard_only": 81 }, "geometry": { "type": "Polygon", "coordinates": [ [ [ -75.558312747417105, 6.234914339134898 ], [ -75.558438098123105, 6.235132218029309 ], [ -75.558587349067395, 6.23526332293857 ], [ -75.558759705067303, 6.235382672522921 ], [ -75.558972283211205, 6.235496062913244 ], [ -75.559211891496204, 6.235562614318121 ], [ -75.559533032627698, 6.23564647236541 ], [ -75.559751741955793, 6.235793943197909 ], [ -75.5598971505717, 6.23598935924706 ], [ -75.560703450988896, 6.236890221596311 ], [ -75.561244061431495, 6.23739141343409 ], [ -75.560893297699394, 6.237864909112488 ], [ -75.560422698568303, 6.238293925850511 ], [ -75.560997414706605, 6.2387599494303 ], [ -75.561373036602305, 6.239257708387618 ], [ -75.561198869722901, 6.239568982877039 ], [ -75.561109026908994, 6.239816693129979 ], [ -75.560979071647395, 6.240109332413689 ], [ -75.560907576347503, 6.240442725894188 ], [ -75.560870027759705, 6.240684445165379 ], [ -75.560865857366494, 6.240990370893608 ], [ -75.560920555692604, 6.24148221041891 ], [ -75.560895627456702, 6.24191971807068 ], [ -75.560712543614599, 6.241921207029469 ], [ -75.560575877504505, 6.241974201443448 ], [ -75.560393908171505, 6.242014656851622 ], [ -75.560237104144704, 6.242060887136032 ], [ -75.55997952339122, 6.2416855511537 ], [ -75.559719861289395, 6.2412848922265 ], [ -75.559471509385801, 6.240970908009252 ], [ -75.559189146169004, 6.240726189153348 ], [ -75.558911735166205, 6.240453206467558 ], [ -75.558608087049805, 6.240151067386247 ], [ -75.558314595269493, 6.239882998353248 ], [ -75.558026214680098, 6.239644142717163 ], [ -75.55777336313291, 6.239519173342887 ], [ -75.5574640845402, 6.239361238870249 ], [ -75.557125646268503, 6.239208257454229 ], [ -75.556816397339205, 6.239061037682731 ], [ -75.556454969502298, 6.23896072989488 ], [ -75.556104459576602, 6.238807780924132 ], [ -75.555834381875499, 6.238638043362001 ], [ -75.555764874427993, 6.238604139958681 ], [ -75.556408286249393, 6.237376732525928 ], [ -75.557423213550905, 6.235542300116282 ], [ -75.557465310790207, 6.235487624603891 ], [ -75.557593613322695, 6.235322616393941 ], [ -75.557838469946404, 6.235107595064278 ], [ -75.558121810530693, 6.234985019734359 ], [ -75.558312747417105, 6.234914339134898 ] ] ] } },
{ "type": "Feature", "properties": { "OBJECTID": 219, "BARRIO": "LA MILAGROSA", "area_total_ha": 19.544007536346356, "Alta": 0.0, "Media": 0.0, "Baja": 19.544007536346367, "high_share": 0.0, "medhigh_share": 0.0, "screening_score": 0.0, "screening_rank": 87, "barrio_code": "0910", "comuna_code": "09", "comuna_name": "Buenos Aires", "population_2026": 6344.0, "imcv_ampi_2023": 101.5, "population_match": "exact", "population_density_km2_2026": 32460.077536308479, "hazard_weighted_population_proxy_2026": 0.0, "exposure_component": 0.0, "vulnerability_component": 0.48975286317058458, "priority_exposure": 0.0, "priority_balanced": 0.12243821579264615, "priority_equity": 0.22038878842676307, "rank_exposure": 85.0, "rank_balanced": 158.0, "rank_equity": 157.0, "rank_hazard_only": 87 }, "geometry": { "type": "Polygon", "coordinates": [ [ [ -75.553211196906602, 6.232299118917131 ], [ -75.554117020890004, 6.232820733788146 ], [ -75.554404247701711, 6.233008935436881 ], [ -75.554668702251817, 6.233327749691392 ], [ -75.554785060168498, 6.233568063895191 ], [ -75.554928356941602, 6.233728414377777 ], [ -75.555171431122602, 6.23395570849975 ], [ -75.555469707721002, 6.234138032238081 ], [ -75.5557508351595, 6.234302868674511 ], [ -75.556072005109002, 6.234397446430632 ], [ -75.556339572691996, 6.23438987681487 ], [ -75.5566718578837, 6.234501959595989 ], [ -75.556761170088606, 6.234783266758193 ], [ -75.556814040924493, 6.23498381496435 ], [ -75.557009855649298, 6.235218059121729 ], [ -75.557465310790207, 6.235487624603891 ], [ -75.557423213550905, 6.235542300116282 ], [ -75.556408286249393, 6.237376732525928 ], [ -75.555764874427993, 6.238604139958681 ], [ -75.555438507859705, 6.238451122842648 ], [ -75.554588702625196, 6.23782023818575 ], [ -75.554128686269394, 6.237358757397023 ], [ -75.553823044855804, 6.23706149104603 ], [ -75.553735285291395, 6.23697600369564 ], [ -75.553540594995198, 6.23678364589068 ], [ -75.553275449930695, 6.23657882036615 ], [ -75.552959913274606, 6.236340035923471 ], [ -75.552678735993396, 6.236157663274141 ], [ -75.552391814343096, 6.236079551266451 ], [ -75.552133984309506, 6.235972128995451 ], [ -75.551909429796297, 6.235892867182032 ], [ -75.551528725731615, 6.235733179009151 ], [ -75.552554757163406, 6.235709855137651 ], [ -75.552822005385593, 6.235587327513382 ], [ -75.553026611509608, 6.23536754917024 ], [ -75.553115244710298, 6.235045798987759 ], [ -75.5532048042447, 6.23469481835309 ], [ -75.553316652822303, 6.234401256752022 ], [ -75.553406598393707, 6.23418861899716 ], [ -75.553485663897405, 6.234043234053471 ], [ -75.552998126340896, 6.233811749985741 ], [ -75.553018545076498, 6.233558388614451 ], [ -75.5530895828946, 6.23305937434003 ], [ -75.553142475847096, 6.232546768990031 ], [ -75.553204207079801, 6.232317648905539 ], [ -75.553211196906602, 6.232299118917131 ] ] ] } },
{ "type": "Feature", "properties": { "OBJECTID": 220, "BARRIO": "CATALUÑA", "area_total_ha": 76.864335116883851, "Alta": 4.4882516972882041, "Media": 2.900968799736404, "Baja": 69.47511461985971, "high_share": 0.058391862629958852, "medhigh_share": 0.096133278012334067, "screening_score": 0.068959458937023918, "screening_rank": 57, "barrio_code": "0909", "comuna_code": "09", "comuna_name": "Buenos Aires", "population_2026": 11740.0, "imcv_ampi_2023": 101.5, "population_match": "exact", "population_density_km2_2026": 15273.663633657343, "hazard_weighted_population_proxy_2026": 907.06257557025947, "exposure_component": 0.70001587648045893, "vulnerability_component": 0.48975286317058458, "priority_exposure": 0.70001587648045893, "priority_balanced": 0.64745012315299033, "priority_equity": 0.60539752049101558, "rank_exposure": 50.0, "rank_balanced": 62.0, "rank_equity": 67.0, "rank_hazard_only": 57 }, "geometry": { "type": "Polygon", "coordinates": [ [ [ -75.552699810793001, 6.223869380833547 ], [ -75.552727639201606, 6.224108968848032 ], [ -75.552732045065696, 6.22424632584654 ], [ -75.552747487000204, 6.22437293480708 ], [ -75.5527690785392, 6.224540446318981 ], [ -75.552778531289704, 6.224683633847438 ], [ -75.55277106092241, 6.224891171382341 ], [ -75.5528002852611, 6.224909600185291 ], [ -75.552976741926699, 6.225058168788258 ], [ -75.553188378330006, 6.225196895800599 ], [ -75.5534059688067, 6.22530540499577 ], [ -75.5536003290552, 6.225380853258077 ], [ -75.553755263216701, 6.225387239990589 ], [ -75.553908213560504, 6.225403376166459 ], [ -75.554132576029403, 6.225415414413487 ], [ -75.554308667314899, 6.22543343373811 ], [ -75.555022908261193, 6.22507681130932 ], [ -75.555155962546394, 6.2248124179855 ], [ -75.555270679054502, 6.22518621038719 ], [ -75.555250628167101, 6.225571095368988 ], [ -75.555258390210099, 6.225829248930658 ], [ -75.555225992204598, 6.22611576976879 ], [ -75.555171646708402, 6.226467625105371 ], [ -75.555123156937313, 6.226755164215138 ], [ -75.554977492871004, 6.227187164023109 ], [ -75.554825694471006, 6.227584108177579 ], [ -75.554676504054896, 6.228194405693392 ], [ -75.554484247966116, 6.229234467485121 ], [ -75.554395825625406, 6.229631233969861 ], [ -75.554294998310993, 6.229909176771226 ], [ -75.554199147666793, 6.23016762204107 ], [ -75.554052010761893, 6.230433027957829 ], [ -75.553809500365205, 6.230767874545029 ], [ -75.553651154497203, 6.230981677182399 ], [ -75.553469827299494, 6.231252051430706 ], [ -75.553393268788895, 6.231574741876923 ], [ -75.553294082689405, 6.232080654221111 ], [ -75.553211196906602, 6.232299118917131 ], [ -75.553204207079801, 6.232317648905539 ], [ -75.553142475847096, 6.232546768990031 ], [ -75.5530895828946, 6.23305937434003 ], [ -75.553018545076498, 6.233558388614451 ], [ -75.552998126340896, 6.233811749985741 ], [ -75.553485663897405, 6.234043234053471 ], [ -75.553406598393707, 6.23418861899716 ], [ -75.553316652822303, 6.234401256752022 ], [ -75.5532048042447, 6.23469481835309 ], [ -75.553115244710298, 6.235045798987759 ], [ -75.553026611509608, 6.23536754917024 ], [ -75.552822005385593, 6.235587327513382 ], [ -75.552554757163406, 6.235709855137651 ], [ -75.551528725731615, 6.235733179009151 ], [ -75.551222551541002, 6.235605432936452 ], [ -75.550238390554796, 6.23549224326435 ], [ -75.549798642877093, 6.23544378297345 ], [ -75.549580078801597, 6.235347941296912 ], [ -75.5492927109037, 6.23510907604402 ], [ -75.5490738076561, 6.23489145284459 ], [ -75.548825786475007, 6.234693396912331 ], [ -75.548802600384306, 6.23467592520791 ], [ -75.548747784219003, 6.233413447475682 ], [ -75.548851698172413, 6.232074535295698 ], [ -75.548914848188303, 6.231269627308022 ], [ -75.548946958606393, 6.23087886171948 ], [ -75.548914719722205, 6.230499968203151 ], [ -75.548941114772802, 6.23022418084096 ], [ -75.548893243441199, 6.230011927010451 ], [ -75.548767244675901, 6.229920698370609 ], [ -75.548504530540399, 6.229864923513168 ], [ -75.548326354332005, 6.229821578012301 ], [ -75.548392984595921, 6.229544704561449 ], [ -75.548316484963294, 6.229165932589299 ], [ -75.548142921342802, 6.228972539216461 ], [ -75.547980452396303, 6.2287898319681 ], [ -75.547991820990106, 6.228536494624312 ], [ -75.548098038575404, 6.228387138319232 ], [ -75.5482626285755, 6.228247362716131 ], [ -75.548542776420803, 6.228061476001709 ], [ -75.548706394684004, 6.22793436703246 ], [ -75.548692390889002, 6.227601211530889 ], [ -75.548525945924297, 6.22743507682996 ], [ -75.548192325307099, 6.227202184491392 ], [ -75.547859823907217, 6.22701020803239 ], [ -75.547647349257204, 6.226931884146762 ], [ -75.547492320107807, 6.22689237069765 ], [ -75.547554035051803, 6.22665643092719 ], [ -75.547897325543303, 6.226386581928569 ], [ -75.548033562245905, 6.226542083381466 ], [ -75.548164286853506, 6.22652418322735 ], [ -75.548301978129913, 6.226478985179861 ], [ -75.548421529671103, 6.226422144919301 ], [ -75.548512865219806, 6.22634784803935 ], [ -75.548605159574194, 6.226256011404159 ], [ -75.548725348981606, 6.226066671457581 ], [ -75.548805439745905, 6.225928104573681 ], [ -75.548860621777706, 6.22587534190861 ], [ -75.54854331622991, 6.224635027634149 ], [ -75.5482120127716, 6.22342397731507 ], [ -75.548183458973895, 6.22328473927276 ], [ -75.548204538451998, 6.223268118544079 ], [ -75.5483662465561, 6.223178037137229 ], [ -75.548604921273807, 6.223272850373927 ], [ -75.548752944716611, 6.22332602260202 ], [ -75.5490155080617, 6.2233291895198 ], [ -75.549244836836493, 6.22331880887416 ], [ -75.549519437940504, 6.223310250806731 ], [ -75.549775233198005, 6.223411835579709 ], [ -75.550064459985904, 6.223598087041711 ], [ -75.550292069645096, 6.223692929295942 ], [ -75.550593913045006, 6.223713522805853 ], [ -75.550977238040602, 6.22373388935698 ], [ -75.551354531811299, 6.223755245849496 ], [ -75.551680439751195, 6.22374751701338 ], [ -75.552022553025793, 6.223779688093741 ], [ -75.552318488483806, 6.223846087471919 ], [ -75.552529808319207, 6.223870829142998 ], [ -75.552699810793001, 6.223869380833547 ] ] ] } },
{ "type": "Feature", "properties": { "OBJECTID": 221, "BARRIO": "BOMBONA No.2", "area_total_ha": 84.622446889860498, "Alta": 4.9238402780086137, "Media": 4.1446155611031363, "Baja": 75.55399105074963, "high_share": 0.058185983258285938, "medhigh_share": 0.10716371568544582, "screening_score": 0.071899748337890701, "screening_rank": 55, "barrio_code": "0903", "comuna_code": "09", "comuna_name": "Buenos Aires", "population_2026": 19937.0, "imcv_ampi_2023": 101.5, "population_match": "exact", "population_density_km2_2026": 23559.942701667329, "hazard_weighted_population_proxy_2026": 1648.2884739205901, "exposure_component": 0.76134907680240127, "vulnerability_component": 0.48975286317058458, "priority_exposure": 0.76134907680240127, "priority_balanced": 0.69345002339444706, "priority_equity": 0.63913078066808382, "rank_exposure": 42.0, "rank_balanced": 53.0, "rank_equity": 63.0, "rank_hazard_only": 55 }, "geometry": { "type": "Polygon", "coordinates": [ [ [ -75.548183458973895, 6.22328473927276 ], [ -75.5482120127716, 6.22342397731507 ], [ -75.54854331622991, 6.224635027634149 ], [ -75.548860621777706, 6.22587534190861 ], [ -75.548805439745905, 6.225928104573681 ], [ -75.548725348981606, 6.226066671457581 ], [ -75.548605159574194, 6.226256011404159 ], [ -75.548512865219806, 6.22634784803935 ], [ -75.548421529671103, 6.226422144919301 ], [ -75.548301978129913, 6.226478985179861 ], [ -75.548164286853506, 6.22652418322735 ], [ -75.548033562245905, 6.226542083381466 ], [ -75.547897325543303, 6.226386581928569 ], [ -75.547554035051803, 6.22665643092719 ], [ -75.547492320107807, 6.22689237069765 ], [ -75.547647349257204, 6.226931884146762 ], [ -75.547859823907217, 6.22701020803239 ], [ -75.548192325307099, 6.227202184491392 ], [ -75.548525945924297, 6.22743507682996 ], [ -75.548692390889002, 6.227601211530889 ], [ -75.548706394684004, 6.22793436703246 ], [ -75.548542776420803, 6.228061476001709 ], [ -75.5482626285755, 6.228247362716131 ], [ -75.548098038575404, 6.228387138319232 ], [ -75.547991820990106, 6.228536494624312 ], [ -75.547980452396303, 6.2287898319681 ], [ -75.548142921342802, 6.228972539216461 ], [ -75.548316484963294, 6.229165932589299 ], [ -75.548392984595921, 6.229544704561449 ], [ -75.548326354332005, 6.229821578012301 ], [ -75.548504530540399, 6.229864923513168 ], [ -75.548767244675901, 6.229920698370609 ], [ -75.548893243441199, 6.230011927010451 ], [ -75.548941114772802, 6.23022418084096 ], [ -75.548914719722205, 6.230499968203151 ], [ -75.548946958606393, 6.23087886171948 ], [ -75.548914848188303, 6.231269627308022 ], [ -75.548851698172413, 6.232074535295698 ], [ -75.548747784219003, 6.233413447475682 ], [ -75.548802600384306, 6.23467592520791 ], [ -75.548544548628598, 6.23448861407133 ], [ -75.547684249282199, 6.234058441894107 ], [ -75.547271441351199, 6.233930014248699 ], [ -75.547002466459105, 6.233793393782959 ], [ -75.546754747168706, 6.233703476814297 ], [ -75.546691278569298, 6.233670528886211 ], [ -75.546537141907805, 6.233590095386188 ], [ -75.546353630140004, 6.23343764711676 ], [ -75.546155362244605, 6.233042652204619 ], [ -75.545965347368707, 6.232721677095931 ], [ -75.545779281119593, 6.232373410360788 ], [ -75.545571114251103, 6.23203592322993 ], [ -75.545346003231302, 6.231754989198941 ], [ -75.545041429932994, 6.231477199067347 ], [ -75.544684571500198, 6.231209295321478 ], [ -75.544403497412404, 6.231061990321439 ], [ -75.544121497370796, 6.230943913057889 ], [ -75.5438757422462, 6.230836453849359 ], [ -75.543669377205106, 6.230785390659862 ], [ -75.543423894986603, 6.230776329395812 ], [ -75.543212739450695, 6.230811988610818 ], [ -75.542939489659304, 6.230947192347689 ], [ -75.542745546581699, 6.231022748941297 ], [ -75.542476975928295, 6.23103128687493 ], [ -75.542144691535796, 6.230918221084499 ], [ -75.540940333832793, 6.230479245220609 ], [ -75.540978660431904, 6.230151788832281 ], [ -75.540963562476406, 6.229784537068749 ], [ -75.540938481104405, 6.229445565167671 ], [ -75.540899862832006, 6.228940032813678 ], [ -75.540834193583308, 6.22847452106089 ], [ -75.540795484191094, 6.227935864263299 ], [ -75.540669720649106, 6.227201623063173 ], [ -75.540604402544901, 6.22686276351541 ], [ -75.540314029143005, 6.226261476162861 ], [ -75.540314991311504, 6.226245885564091 ], [ -75.540197682380608, 6.226022131789022 ], [ -75.539995764584205, 6.225759641102621 ], [ -75.539742368630002, 6.225433964839899 ], [ -75.539472111560897, 6.225195045757469 ], [ -75.5392776472154, 6.225081594843329 ], [ -75.539206880412294, 6.224955136647759 ], [ -75.539298247579097, 6.224891558130651 ], [ -75.538964838991106, 6.224369303828977 ], [ -75.538799231426694, 6.224140810103901 ], [ -75.538643731100706, 6.223929825477011 ], [ -75.5388034995635, 6.223865084301201 ], [ -75.539002732815206, 6.22388401853188 ], [ -75.539322795107395, 6.22394451256456 ], [ -75.539664913894399, 6.223977665637929 ], [ -75.539972793608015, 6.22399824803655 ], [ -75.540258430711702, 6.223977973912729 ], [ -75.540511715315702, 6.223899332384381 ], [ -75.540643296390698, 6.22382687429997 ], [ -75.540890421505694, 6.223703433805361 ], [ -75.541011842429597, 6.223594956033641 ], [ -75.541128925086795, 6.223372501709481 ], [ -75.541250282203706, 6.223240641240201 ], [ -75.541445174860897, 6.223145599003228 ], [ -75.541616480130799, 6.223251318549722 ], [ -75.541711376115998, 6.223372837509677 ], [ -75.541819336852498, 6.223489449263941 ], [ -75.542097415406317, 6.223646510187218 ], [ -75.542376985090002, 6.223615533387234 ], [ -75.542663550539004, 6.223567001097351 ], [ -75.543185400906296, 6.223479822039911 ], [ -75.543533538078506, 6.223507109393357 ], [ -75.543910733327706, 6.22349339972166 ], [ -75.544237458233994, 6.223416500987808 ], [ -75.544529864846396, 6.223298779893483 ], [ -75.544788148104502, 6.223209407041232 ], [ -75.545057529353798, 6.223131693269871 ], [ -75.545229571602903, 6.223139983899907 ], [ -75.545374892757394, 6.223307152876868 ], [ -75.545407608183993, 6.223497041977449 ], [ -75.545473619022403, 6.223721912141729 ], [ -75.545529458987104, 6.223906864396779 ], [ -75.545596202804106, 6.224033332471298 ], [ -75.545704114995601, 6.22413240720164 ], [ -75.545966662916797, 6.224129730511652 ], [ -75.546270106223602, 6.224001260500742 ], [ -75.546466831343011, 6.223841909565161 ], [ -75.546663543704796, 6.223677690051901 ], [ -75.546796877846504, 6.223512669872052 ], [ -75.546963665174104, 6.223440112949221 ], [ -75.547334057831407, 6.223512152903849 ], [ -75.547555566699998, 6.223583630471579 ], [ -75.547738657655316, 6.223586045311368 ], [ -75.547922529438907, 6.223507594025198 ], [ -75.548079059135901, 6.223363944111131 ], [ -75.548183458973895, 6.22328473927276 ] ] ] } },
{ "type": "Feature", "properties": { "OBJECTID": 222, "BARRIO": "PERPETUO SOCORRO", "area_total_ha": 62.737713129861582, "Alta": 0.0, "Media": 0.0, "Baja": 0.0, "high_share": 0.0, "medhigh_share": 0.0, "screening_score": 0.0, "screening_rank": 87, "barrio_code": "1012", "comuna_code": "10", "comuna_name": "La Candelaria", "population_2026": 77.0, "imcv_ampi_2023": 102.65, "population_match": "exact", "population_density_km2_2026": 122.73319532801065, "hazard_weighted_population_proxy_2026": 0.0, "exposure_component": 0.0, "vulnerability_component": 0.45509342977697381, "priority_exposure": 0.0, "priority_balanced": 0.11377335744424345, "priority_equity": 0.20479204339963822, "rank_exposure": 85.0, "rank_balanced": 163.0, "rank_equity": 162.0, "rank_hazard_only": 87 }, "geometry": { "type": "Polygon", "coordinates": [ [ [ -75.569709380595398, 6.227778073145922 ], [ -75.569815339524894, 6.227896632539081 ], [ -75.570063445695595, 6.228123903713681 ], [ -75.570304382890797, 6.228306381248689 ], [ -75.570613867951195, 6.228539326009731 ], [ -75.570992652241003, 6.228732129916579 ], [ -75.571325015463103, 6.228873430639552 ], [ -75.571692748690396, 6.229071135475911 ], [ -75.572359082766098, 6.229566115120499 ], [ -75.5730045387281, 6.23014786031084 ], [ -75.573319946048002, 6.2303398681764 ], [ -75.573653708849804, 6.23061950428862 ], [ -75.5739472796554, 6.230915816087672 ], [ -75.574154145363494, 6.23114320320781 ], [ -75.574380338723302, 6.231446525828252 ], [ -75.574504508670898, 6.23160107756084 ], [ -75.5745915385247, 6.231428390282161 ], [ -75.574718731171103, 6.231229285517841 ], [ -75.574878405246693, 6.231132381807619 ], [ -75.575178109484497, 6.23110717755989 ], [ -75.575614095898203, 6.231251102474879 ], [ -75.575603937598203, 6.232281878070281 ], [ -75.575664539928496, 6.232723037925819 ], [ -75.575684662270604, 6.233079552635762 ], [ -75.5757098289086, 6.233440924725863 ], [ -75.575710267372202, 6.233595828669706 ], [ -75.575725019054104, 6.233831552085218 ], [ -75.575730551250999, 6.234008848827489 ], [ -75.575749113227999, 6.23416954610696 ], [ -75.575848461213994, 6.23443912780307 ], [ -75.576036466570301, 6.235109846189269 ], [ -75.576295470089406, 6.235985927981499 ], [ -75.576896852124605, 6.23769303724959 ], [ -75.577388988714006, 6.239188071114751 ], [ -75.577542084872306, 6.239608507084403 ], [ -75.576569241705698, 6.239584967581829 ], [ -75.575492807579707, 6.23957048775607 ], [ -75.575492219734898, 6.239362975784741 ], [ -75.575240388192398, 6.239243860896698 ], [ -75.573821993490995, 6.238543507878581 ], [ -75.572550288508495, 6.238133058849558 ], [ -75.571524089547594, 6.237739447604217 ], [ -75.570933790223904, 6.237456640947001 ], [ -75.570657768690793, 6.237320053060609 ], [ -75.570646592764405, 6.237281114265993 ], [ -75.570481972417198, 6.236696060062181 ], [ -75.570319042846094, 6.235640441334247 ], [ -75.5701662392527, 6.2342516039945 ], [ -75.570013494274804, 6.231456930464951 ], [ -75.569822164767203, 6.228890339946402 ], [ -75.569709380595398, 6.227778073145922 ] ] ] } },
{ "type": "Feature", "properties": { "OBJECTID": 223, "BARRIO": "SAN DIEGO", "area_total_ha": 68.615221860608614, "Alta": 0.0, "Media": 0.0, "Baja": 0.0, "high_share": 0.0, "medhigh_share": 0.0, "screening_score": 0.0, "screening_rank": 87, "barrio_code": "1020", "comuna_code": "10", "comuna_name": "La Candelaria", "population_2026": 8715.0, "imcv_ampi_2023": 102.65, "population_match": "exact", "population_density_km2_2026": 12701.263311083461, "hazard_weighted_population_proxy_2026": 0.0, "exposure_component": 0.0, "vulnerability_component": 0.45509342977697381, "priority_exposure": 0.0, "priority_balanced": 0.11377335744424345, "priority_equity": 0.20479204339963822, "rank_exposure": 85.0, "rank_balanced": 163.0, "rank_equity": 162.0, "rank_hazard_only": 87 }, "geometry": { "type": "Polygon", "coordinates": [ [ [ -75.565311429747993, 6.224944698075669 ], [ -75.565845313910799, 6.225204294253542 ], [ -75.566171575869205, 6.22532320699007 ], [ -75.566612589752097, 6.225468102428606 ], [ -75.567030407082896, 6.225591629085882 ], [ -75.567421147252105, 6.225744458592629 ], [ -75.567902755728198, 6.226015890574841 ], [ -75.568574989272705, 6.226465069781722 ], [ -75.569166456100405, 6.226810232322089 ], [ -75.569385665339794, 6.227135985598428 ], [ -75.569514165447103, 6.227399643956089 ], [ -75.569658917871209, 6.227719760295942 ], [ -75.569709380595398, 6.227778073145922 ], [ -75.569822164767203, 6.228890339946402 ], [ -75.570013494274804, 6.231456930464951 ], [ -75.5701662392527, 6.2342516039945 ], [ -75.570319042846094, 6.235640441334247 ], [ -75.570481972417198, 6.236696060062181 ], [ -75.570646592764405, 6.237281114265993 ], [ -75.570584902888896, 6.237521926830661 ], [ -75.570373878640794, 6.237603386095919 ], [ -75.570252923264206, 6.237518968826956 ], [ -75.569877036002097, 6.238353983622229 ], [ -75.568928611401006, 6.24056722305164 ], [ -75.568903622842996, 6.240623800096959 ], [ -75.567022877694598, 6.239708452432279 ], [ -75.567073242602902, 6.239375119404189 ], [ -75.566103198711801, 6.23891801241976 ], [ -75.566134415531195, 6.238572068328702 ], [ -75.566244880806806, 6.238146986864388 ], [ -75.566238161502611, 6.237904417274271 ], [ -75.566151086044002, 6.237704944267549 ], [ -75.565904013323205, 6.237488383623909 ], [ -75.565640032480303, 6.237341042983089 ], [ -75.564766206463901, 6.23675603506206 ], [ -75.564781542248397, 6.236486126413911 ], [ -75.564905343965293, 6.236152585426551 ], [ -75.565112381437004, 6.235726257792848 ], [ -75.565282452374007, 6.235390637157533 ], [ -75.565341905947093, 6.235068968606711 ], [ -75.565363148840206, 6.23475325434254 ], [ -75.5654301195936, 6.23424353581514 ], [ -75.565616344128998, 6.234285876788232 ], [ -75.565913880546006, 6.234204176264482 ], [ -75.566244591188493, 6.234114587580422 ], [ -75.566541103016505, 6.23402607039533 ], [ -75.566791099373603, 6.233851949804017 ], [ -75.567041222642899, 6.233723618991791 ], [ -75.567239933747302, 6.233556462057281 ], [ -75.567341974048503, 6.233354505893619 ], [ -75.567299174746495, 6.233159777852149 ], [ -75.567057943960094, 6.232874030964782 ], [ -75.566763563111095, 6.23264688662867 ], [ -75.566382961988595, 6.2321666834843 ], [ -75.566002315401903, 6.231669917018712 ], [ -75.565858031384096, 6.231516391447177 ], [ -75.565809701580505, 6.23114339195533 ], [ -75.565831344837406, 6.23096991589509 ], [ -75.565950340540709, 6.230716277211701 ], [ -75.566164998692599, 6.23049646763057 ], [ -75.566374579219499, 6.23026010893745 ], [ -75.566493815368204, 6.230092204213341 ], [ -75.566531477412198, 6.229891403579411 ], [ -75.566579683967504, 6.229505465801189 ], [ -75.566622621564704, 6.229034785998373 ], [ -75.566637683695305, 6.228667452238022 ], [ -75.566594918169301, 6.2284844145077 ], [ -75.566479706829099, 6.228294761655581 ], [ -75.566283940463705, 6.22807805718855 ], [ -75.566018669310495, 6.227827448396839 ], [ -75.565724845541396, 6.2274395516649 ], [ -75.565447164806713, 6.227068171573991 ], [ -75.565268406090993, 6.226817319177292 ], [ -75.565100693196698, 6.226559616840999 ], [ -75.564990593793198, 6.226399175878294 ], [ -75.564903472450695, 6.2261821633473 ], [ -75.564907411062507, 6.226151951076808 ], [ -75.564941929313704, 6.22590634434797 ], [ -75.565078313631901, 6.225754953173919 ], [ -75.565235620693201, 6.225531408490382 ], [ -75.565311429747993, 6.224944698075669 ] ] ] } },
{ "type": "Feature", "properties": { "OBJECTID": 224, "BARRIO": "LA ASOMADERA No.1", "area_total_ha": 47.435242964901555, "Alta": 0.0, "Media": 1.4656159094739991, "Baja": 17.595048176443804, "high_share": 0.0, "medhigh_share": 0.030897194108575401, "screening_score": 0.0086512143504011135, "screening_rank": 78, "barrio_code": "0914", "comuna_code": "09", "comuna_name": "Buenos Aires", "population_2026": 13076.0, "imcv_ampi_2023": 101.5, "population_match": "fuzzy_name_variant", "population_density_km2_2026": 27566.001948541169, "hazard_weighted_population_proxy_2026": 202.00585508186597, "exposure_component": 0.54605456700749311, "vulnerability_component": 0.48975286317058458, "priority_exposure": 0.54605456700749311, "priority_balanced": 0.53197914104826594, "priority_equity": 0.52071880028088424, "rank_exposure": 70.0, "rank_balanced": 72.0, "rank_equity": 74.0, "rank_hazard_only": 78 }, "geometry": { "type": "Polygon", "coordinates": [ [ [ -75.564907411062507, 6.226151951076808 ], [ -75.564903472450695, 6.2261821633473 ], [ -75.564990593793198, 6.226399175878294 ], [ -75.565100693196698, 6.226559616840999 ], [ -75.565268406090993, 6.226817319177292 ], [ -75.565447164806713, 6.227068171573991 ], [ -75.565724845541396, 6.2274395516649 ], [ -75.566018669310495, 6.227827448396839 ], [ -75.566283940463705, 6.22807805718855 ], [ -75.566479706829099, 6.228294761655581 ], [ -75.566594918169301, 6.2284844145077 ], [ -75.566637683695305, 6.228667452238022 ], [ -75.566622621564704, 6.229034785998373 ], [ -75.566579683967504, 6.229505465801189 ], [ -75.566531477412198, 6.229891403579411 ], [ -75.566493815368204, 6.230092204213341 ], [ -75.566374579219499, 6.23026010893745 ], [ -75.566164998692599, 6.23049646763057 ], [ -75.565950340540709, 6.230716277211701 ], [ -75.565831344837406, 6.23096991589509 ], [ -75.565809701580505, 6.23114339195533 ], [ -75.565858031384096, 6.231516391447177 ], [ -75.566002315401903, 6.231669917018712 ], [ -75.566382961988595, 6.2321666834843 ], [ -75.566763563111095, 6.23264688662867 ], [ -75.567057943960094, 6.232874030964782 ], [ -75.567299174746495, 6.233159777852149 ], [ -75.567341974048503, 6.233354505893619 ], [ -75.567239933747302, 6.233556462057281 ], [ -75.567041222642899, 6.233723618991791 ], [ -75.566791099373603, 6.233851949804017 ], [ -75.566541103016505, 6.23402607039533 ], [ -75.566244591188493, 6.234114587580422 ], [ -75.565913880546006, 6.234204176264482 ], [ -75.565616344128998, 6.234285876788232 ], [ -75.5654301195936, 6.23424353581514 ], [ -75.5651521984108, 6.234145919435391 ], [ -75.564773204257094, 6.233879070529309 ], [ -75.564033997291702, 6.23358498064942 ], [ -75.562919825797593, 6.233025974460041 ], [ -75.562466588477506, 6.232829477566559 ], [ -75.562346728758598, 6.232776229902923 ], [ -75.562214696272093, 6.23268697162428 ], [ -75.562116729998394, 6.23254890365024 ], [ -75.562063521742104, 6.232228524985979 ], [ -75.562037289588503, 6.231842798168106 ], [ -75.562035577512205, 6.2315914471486 ], [ -75.561987571537799, 6.231332432103479 ], [ -75.561866118821797, 6.231069726518351 ], [ -75.561675331486398, 6.230834495280789 ], [ -75.561484629503695, 6.230629464812771 ], [ -75.561356964151798, 6.230303449978579 ], [ -75.561256343612399, 6.229936442075399 ], [ -75.561185029170119, 6.229616114811141 ], [ -75.560994768698606, 6.229209414037902 ], [ -75.560780930722899, 6.229004448364682 ], [ -75.560516906546994, 6.228839565358591 ], [ -75.560235830292399, 6.22869226919873 ], [ -75.560116967366397, 6.22863512176156 ], [ -75.56012555421421, 6.22846850200604 ], [ -75.560238904547205, 6.228353222472109 ], [ -75.560397523271405, 6.228237817079771 ], [ -75.5605753478889, 6.228155479733946 ], [ -75.560641144791219, 6.227942909885459 ], [ -75.560427912177005, 6.22759472741484 ], [ -75.560052672433898, 6.227229463782468 ], [ -75.559782390734895, 6.22698471074296 ], [ -75.559540129012504, 6.22668726987501 ], [ -75.559377304886894, 6.226377915056357 ], [ -75.559301023253894, 6.226080009069297 ], [ -75.559279517339419, 6.225943675180639 ], [ -75.560878425588299, 6.226102864865418 ], [ -75.563130842043904, 6.226132589046009 ], [ -75.564907411062507, 6.226151951076808 ] ] ] } },
{ "type": "Feature", "properties": { "OBJECTID": 225, "BARRIO": "LORETO", "area_total_ha": 64.451332344487909, "Alta": 0.92568017569563166, "Media": 0.12120559913964257, "Baja": 63.404446569652961, "high_share": 0.014362467648425562, "medhigh_share": 0.016243043188614664, "screening_score": 0.01488902879967851, "screening_rank": 74, "barrio_code": "0913", "comuna_code": "09", "comuna_name": "Buenos Aires", "population_2026": 31263.0, "imcv_ampi_2023": 101.5, "population_match": "exact", "population_density_km2_2026": 48506.367305025487, "hazard_weighted_population_proxy_2026": 478.41004264919428, "exposure_component": 0.63436920345696857, "vulnerability_component": 0.48975286317058458, "priority_exposure": 0.63436920345696857, "priority_balanced": 0.59821511838537256, "priority_equity": 0.56929185032809582, "rank_exposure": 61.0, "rank_balanced": 68.0, "rank_equity": 69.0, "rank_hazard_only": 74 }, "geometry": { "type": "Polygon", "coordinates": [ [ [ -75.555202627306002, 6.223509715882252 ], [ -75.555570052227495, 6.223960741945399 ], [ -75.555726867608001, 6.22428083101923 ], [ -75.555888716461496, 6.22460188104355 ], [ -75.556040566211493, 6.224944393000741 ], [ -75.556213591954304, 6.225305356123942 ], [ -75.556405665749111, 6.225642882900329 ], [ -75.556579570824098, 6.225958054227432 ], [ -75.556891542070304, 6.226362467690882 ], [ -75.557122608601503, 6.226614151330181 ], [ -75.557392903018894, 6.226863777538278 ], [ -75.557708632045006, 6.2271727053236 ], [ -75.558020091579607, 6.227393961363002 ], [ -75.558399140808703, 6.227683226263069 ], [ -75.558829609942904, 6.228013263659052 ], [ -75.5592892349256, 6.228337374507321 ], [ -75.559886287883501, 6.228522756253011 ], [ -75.560116967366397, 6.22863512176156 ], [ -75.560235830292399, 6.22869226919873 ], [ -75.560516906546994, 6.228839565358591 ], [ -75.560780930722899, 6.229004448364682 ], [ -75.560994768698606, 6.229209414037902 ], [ -75.561185029170119, 6.229616114811141 ], [ -75.561256343612399, 6.229936442075399 ], [ -75.561356964151798, 6.230303449978579 ], [ -75.561484629503695, 6.230629464812771 ], [ -75.561675331486398, 6.230834495280789 ], [ -75.561866118821797, 6.231069726518351 ], [ -75.561987571537799, 6.231332432103479 ], [ -75.562035577512205, 6.2315914471486 ], [ -75.562037289588503, 6.231842798168106 ], [ -75.562063521742104, 6.232228524985979 ], [ -75.562116729998394, 6.23254890365024 ], [ -75.562214696272093, 6.23268697162428 ], [ -75.562346728758598, 6.232776229902923 ], [ -75.562466588477506, 6.232829477566559 ], [ -75.562147940858495, 6.232916106600931 ], [ -75.561941753749906, 6.232929351853379 ], [ -75.561679154855298, 6.232914500857248 ], [ -75.561368952746705, 6.232784824148748 ], [ -75.560893467425203, 6.232546493636 ], [ -75.560736402980993, 6.232857720267679 ], [ -75.560611289887504, 6.233083123030832 ], [ -75.560538288339302, 6.233238233019201 ], [ -75.560431604219104, 6.233578544585521 ], [ -75.560371890549902, 6.233808634536389 ], [ -75.560304067178905, 6.234016340520741 ], [ -75.560229624277198, 6.234733595042882 ], [ -75.560018262567496, 6.23469521847319 ], [ -75.559675151947019, 6.23466890368985 ], [ -75.559383494034904, 6.234695051988251 ], [ -75.558920916560297, 6.23475577889313 ], [ -75.5584353463274, 6.234868204973479 ], [ -75.558312747417105, 6.234914339134898 ], [ -75.558121810530693, 6.234985019734359 ], [ -75.557838469946404, 6.235107595064278 ], [ -75.557593613322695, 6.235322616393941 ], [ -75.557465310790207, 6.235487624603891 ], [ -75.557009855649298, 6.235218059121729 ], [ -75.556814040924493, 6.23498381496435 ], [ -75.556761170088606, 6.234783266758193 ], [ -75.5566718578837, 6.234501959595989 ], [ -75.556339572691996, 6.23438987681487 ], [ -75.556072005109002, 6.234397446430632 ], [ -75.5557508351595, 6.234302868674511 ], [ -75.555469707721002, 6.234138032238081 ], [ -75.555171431122602, 6.23395570849975 ], [ -75.554928356941602, 6.233728414377777 ], [ -75.554785060168498, 6.233568063895191 ], [ -75.554668702251817, 6.233327749691392 ], [ -75.554404247701711, 6.233008935436881 ], [ -75.554117020890004, 6.232820733788146 ], [ -75.553211196906602, 6.232299118917131 ], [ -75.553294082689405, 6.232080654221111 ], [ -75.553393268788895, 6.231574741876923 ], [ -75.553469827299494, 6.231252051430706 ], [ -75.553651154497203, 6.230981677182399 ], [ -75.553809500365205, 6.230767874545029 ], [ -75.554052010761893, 6.230433027957829 ], [ -75.554199147666793, 6.23016762204107 ], [ -75.554294998310993, 6.229909176771226 ], [ -75.554395825625406, 6.229631233969861 ], [ -75.554484247966116, 6.229234467485121 ], [ -75.554676504054896, 6.228194405693392 ], [ -75.554825694471006, 6.227584108177579 ], [ -75.554977492871004, 6.227187164023109 ], [ -75.555123156937313, 6.226755164215138 ], [ -75.555171646708402, 6.226467625105371 ], [ -75.555225992204598, 6.22611576976879 ], [ -75.555258390210099, 6.225829248930658 ], [ -75.555250628167101, 6.225571095368988 ], [ -75.555270679054502, 6.22518621038719 ], [ -75.555155962546394, 6.2248124179855 ], [ -75.554980343712202, 6.22424297207647 ], [ -75.555051519125499, 6.22415411766701 ], [ -75.555192635639898, 6.223894572037389 ], [ -75.555247321244295, 6.223664496559992 ], [ -75.555202627306002, 6.223509715882252 ] ] ] } },
{ "type": "Feature", "properties": { "OBJECTID": 226, "BARRIO": "COLOMBIA", "area_total_ha": 40.296531397339635, "Alta": 0.0, "Media": 0.0, "Baja": 0.0, "high_share": 0.0, "medhigh_share": 0.0, "screening_score": 0.0, "screening_rank": 87, "barrio_code": "1401", "comuna_code": "14", "comuna_name": "El Poblado", "population_2026": 188.0, "imcv_ampi_2023": 116.59, "population_match": "fuzzy_name_variant", "population_density_km2_2026": 466.54139570040439, "hazard_weighted_population_proxy_2026": 0.0, "exposure_component": 0.0, "vulnerability_component": 0.034960819770946241, "priority_exposure": 0.0, "priority_balanced": 0.0087402049427365604, "priority_equity": 0.015732368896925808, "rank_exposure": 85.0, "rank_balanced": 213.0, "rank_equity": 213.0, "rank_hazard_only": 87 }, "geometry": { "type": "Polygon", "coordinates": [ [ [ -75.569170868811597, 6.223019438822158 ], [ -75.570331460006599, 6.223637732379629 ], [ -75.571365333501703, 6.224266122119602 ], [ -75.571365693692798, 6.224393747023437 ], [ -75.571424812175295, 6.224668316383972 ], [ -75.571580244078902, 6.224851034389633 ], [ -75.571787789251104, 6.224964435730881 ], [ -75.571983232453903, 6.2250671526864 ], [ -75.572320654640905, 6.225219155962569 ], [ -75.572601584467193, 6.225314810573358 ], [ -75.572888450616702, 6.225375377300178 ], [ -75.574152299877596, 6.22550916964425 ], [ -75.576314614496397, 6.225697894281221 ], [ -75.576158092466301, 6.22690736928467 ], [ -75.575860822091201, 6.229213265510349 ], [ -75.575614095898203, 6.231251102474879 ], [ -75.575178109484497, 6.23110717755989 ], [ -75.574878405246693, 6.231132381807619 ], [ -75.574718731171103, 6.231229285517841 ], [ -75.5745915385247, 6.231428390282161 ], [ -75.574569705600098, 6.231533671199238 ], [ -75.574504508670898, 6.23160107756084 ], [ -75.574380338723302, 6.231446525828252 ], [ -75.574154145363494, 6.23114320320781 ], [ -75.5739472796554, 6.230915816087672 ], [ -75.573653708849804, 6.23061950428862 ], [ -75.573319946048002, 6.2303398681764 ], [ -75.5730045387281, 6.23014786031084 ], [ -75.572359082766098, 6.229566115120499 ], [ -75.571692748690396, 6.229071135475911 ], [ -75.571325015463103, 6.228873430639552 ], [ -75.570992652241003, 6.228732129916579 ], [ -75.570613867951195, 6.228539326009731 ], [ -75.570304382890797, 6.228306381248689 ], [ -75.570063445695595, 6.228123903713681 ], [ -75.569815339524894, 6.227896632539081 ], [ -75.569709380595398, 6.227778073145922 ], [ -75.569658917871209, 6.227719760295942 ], [ -75.569514165447103, 6.227399643956089 ], [ -75.569385665339794, 6.227135985598428 ], [ -75.569222314797003, 6.225213290796122 ], [ -75.569170868811597, 6.223019438822158 ] ] ] } },
{ "type": "Feature", "properties": { "OBJECTID": 227, "BARRIO": "CASTROPOL", "area_total_ha": 63.282557807130992, "Alta": 0.0, "Media": 0.0, "Baja": 0.0, "high_share": 0.0, "medhigh_share": 0.0, "screening_score": 0.0, "screening_rank": 87, "barrio_code": "1404", "comuna_code": "14", "comuna_name": "El Poblado", "population_2026": 10554.0, "imcv_ampi_2023": 116.59, "population_match": "exact", "population_density_km2_2026": 16677.58125732826, "hazard_weighted_population_proxy_2026": 0.0, "exposure_component": 0.0, "vulnerability_component": 0.034960819770946241, "priority_exposure": 0.0, "priority_balanced": 0.0087402049427365604, "priority_equity": 0.015732368896925808, "rank_exposure": 85.0, "rank_balanced": 213.0, "rank_equity": 213.0, "rank_hazard_only": 87 }, "geometry": { "type": "Polygon", "coordinates": [ [ [ -75.5627687516577, 6.215382794444057 ], [ -75.562996294730297, 6.215095726841641 ], [ -75.563121628990203, 6.214950213924328 ], [ -75.563461895562895, 6.21468426324161 ], [ -75.563621624224695, 6.214607825304962 ], [ -75.563821639519801, 6.214548809007542 ], [ -75.564219480266402, 6.21436745595575 ], [ -75.564430625728804, 6.21433179156372 ], [ -75.564710204767906, 6.2143066503309 ], [ -75.564933450794697, 6.214281666747127 ], [ -75.565248335072098, 6.214291499574949 ], [ -75.565521942802704, 6.214289756845107 ], [ -75.565847745164305, 6.214246949697829 ], [ -75.566223486862796, 6.214077349360821 ], [ -75.566588133011393, 6.213897063940979 ], [ -75.566884681837706, 6.2138260831211 ], [ -75.567090893992315, 6.21382452969382 ], [ -75.567417225092001, 6.213970723274669 ], [ -75.569673079831702, 6.214528462250179 ], [ -75.5699086402728, 6.21459015063475 ], [ -75.5699274571123, 6.214842426006048 ], [ -75.569823768746204, 6.216244655012099 ], [ -75.569839029243198, 6.216663536291093 ], [ -75.569825492544993, 6.217214996107899 ], [ -75.569749184921093, 6.217623419692019 ], [ -75.569666933928502, 6.21806498364802 ], [ -75.569532077017712, 6.218400503418082 ], [ -75.569420529129701, 6.218797336408701 ], [ -75.5693602666543, 6.219188177032509 ], [ -75.569295218363905, 6.2196657405709 ], [ -75.569292406756205, 6.220096364561371 ], [ -75.569261334200903, 6.22049296867474 ], [ -75.569179052895706, 6.22092381682331 ], [ -75.569160327013094, 6.221418784712777 ], [ -75.569191408094397, 6.221739223989392 ], [ -75.569217655569503, 6.22212982252845 ], [ -75.569163994119407, 6.22272133841639 ], [ -75.569170868811597, 6.223019438822158 ], [ -75.569222314797003, 6.225213290796122 ], [ -75.569385665339794, 6.227135985598428 ], [ -75.569166456100405, 6.226810232322089 ], [ -75.568574989272705, 6.226465069781722 ], [ -75.567902755728198, 6.226015890574841 ], [ -75.567421147252105, 6.225744458592629 ], [ -75.567030407082896, 6.225591629085882 ], [ -75.566612589752097, 6.225468102428606 ], [ -75.566171575869205, 6.22532320699007 ], [ -75.565845313910799, 6.225204294253542 ], [ -75.565311429747993, 6.224944698075669 ], [ -75.565179375728604, 6.224130600233788 ], [ -75.565217552670205, 6.22303836452947 ], [ -75.565292247323299, 6.222412688679551 ], [ -75.565312368864497, 6.222055083349689 ], [ -75.565422641085902, 6.221560830830641 ], [ -75.565522022594706, 6.221128961315789 ], [ -75.5656057474432, 6.220853014659002 ], [ -75.565831955979206, 6.220449040129331 ], [ -75.566002171494304, 6.220166030667012 ], [ -75.566078837344094, 6.21988425807725 ], [ -75.566117372867794, 6.219636690995459 ], [ -75.566125381037097, 6.219264507495383 ], [ -75.566071306924997, 6.218993819101322 ], [ -75.565994830798601, 6.218626742995357 ], [ -75.565935827597102, 6.21839211654306 ], [ -75.565860891652306, 6.218215014480469 ], [ -75.565648188697693, 6.218054861882702 ], [ -75.565379403818, 6.21798352313873 ], [ -75.564800451832795, 6.217792248605769 ], [ -75.564598736862706, 6.217603810765508 ], [ -75.5644701991489, 6.217324563671342 ], [ -75.564341495411, 6.21698588755991 ], [ -75.564203823811198, 6.216677438083121 ], [ -75.563723009413707, 6.21596758726286 ], [ -75.5635103431255, 6.215820099352662 ], [ -75.563229114017403, 6.215615322452102 ], [ -75.562912729987104, 6.215429154917032 ], [ -75.5627687516577, 6.215382794444057 ] ] ] } },
{ "type": "Feature", "properties": { "OBJECTID": 228, "BARRIO": "LA ASOMADERA No.2", "area_total_ha": 74.349456792048684, "Alta": 10.286371839784954, "Media": 1.8387019514763614, "Baja": 19.757745455750754, "high_share": 0.1383516744252129, "medhigh_share": 0.16308221087847993, "screening_score": 0.14527622463212767, "screening_rank": 47, "barrio_code": "0915", "comuna_code": "09", "comuna_name": "Buenos Aires", "population_2026": 1210.0, "imcv_ampi_2023": 101.5, "population_match": "fuzzy_name_variant", "population_density_km2_2026": 1627.4496845139072, "hazard_weighted_population_proxy_2026": 182.36750060873416, "exposure_component": 0.5355982350449765, "vulnerability_component": 0.48975286317058458, "priority_exposure": 0.5355982350449765, "priority_balanced": 0.52413689207637848, "priority_equity": 0.51496781770150024, "rank_exposure": 72.0, "rank_balanced": 74.0, "rank_equity": 76.0, "rank_hazard_only": 47 }, "geometry": { "type": "Polygon", "coordinates": [ [ [ -75.558076590645399, 6.2148503516621 ], [ -75.558118632543, 6.214776190083368 ], [ -75.558255164857499, 6.21467740978018 ], [ -75.558437103733993, 6.214629162929979 ], [ -75.558654364253101, 6.214621736767469 ], [ -75.559003498245602, 6.21464803919118 ], [ -75.559340558966596, 6.214674374548411 ], [ -75.559729850156401, 6.214672311127041 ], [ -75.560180670429901, 6.21473047853357 ], [ -75.560484572890502, 6.214769572407663 ], [ -75.561881838200193, 6.215137821392011 ], [ -75.5621676756206, 6.215192552213911 ], [ -75.562541210623195, 6.215311337505549 ], [ -75.5627687516577, 6.215382794444057 ], [ -75.562912729987104, 6.215429154917032 ], [ -75.563229114017403, 6.215615322452102 ], [ -75.5635103431255, 6.215820099352662 ], [ -75.563723009413707, 6.21596758726286 ], [ -75.564203823811198, 6.216677438083121 ], [ -75.564341495411, 6.21698588755991 ], [ -75.5644701991489, 6.217324563671342 ], [ -75.564598736862706, 6.217603810765508 ], [ -75.564800451832795, 6.217792248605769 ], [ -75.565379403818, 6.21798352313873 ], [ -75.565648188697693, 6.218054861882702 ], [ -75.565860891652306, 6.218215014480469 ], [ -75.565935827597102, 6.21839211654306 ], [ -75.565994830798601, 6.218626742995357 ], [ -75.566071306924997, 6.218993819101322 ], [ -75.566125381037097, 6.219264507495383 ], [ -75.566117372867794, 6.219636690995459 ], [ -75.566078837344094, 6.21988425807725 ], [ -75.566002171494304, 6.220166030667012 ], [ -75.565831955979206, 6.220449040129331 ], [ -75.5656057474432, 6.220853014659002 ], [ -75.565522022594706, 6.221128961315789 ], [ -75.565422641085902, 6.221560830830641 ], [ -75.565312368864497, 6.222055083349689 ], [ -75.565292247323299, 6.222412688679551 ], [ -75.565217552670205, 6.22303836452947 ], [ -75.565179375728604, 6.224130600233788 ], [ -75.565311429747993, 6.224944698075669 ], [ -75.565235620693201, 6.225531408490382 ], [ -75.565078313631901, 6.225754953173919 ], [ -75.564941929313704, 6.22590634434797 ], [ -75.564907411062507, 6.226151951076808 ], [ -75.563130842043904, 6.226132589046009 ], [ -75.560878425588299, 6.226102864865418 ], [ -75.559279517339419, 6.225943675180639 ], [ -75.559252910775314, 6.225782023281159 ], [ -75.559198488351399, 6.22538663167469 ], [ -75.559184107786606, 6.224920981770982 ], [ -75.559193186345993, 6.224570226480941 ], [ -75.559213332201594, 6.224220414713768 ], [ -75.559204576733904, 6.22396713535576 ], [ -75.559255029614704, 6.22366302877459 ], [ -75.559326798607799, 6.223427060081629 ], [ -75.559422853399795, 6.223242657219671 ], [ -75.559559209271598, 6.22308055007026 ], [ -75.559752120868893, 6.222998173894261 ], [ -75.560118251959494, 6.222985455898369 ], [ -75.560358682567013, 6.222988680296329 ], [ -75.560602847885093, 6.222888621431239 ], [ -75.560664622026593, 6.222676062300018 ], [ -75.560707820012098, 6.222295984664441 ], [ -75.560816190223406, 6.221480235683832 ], [ -75.560931480822006, 6.220980123955341 ], [ -75.560986068236801, 6.220715950566017 ], [ -75.561340981015306, 6.220649680227622 ], [ -75.561682720892406, 6.220549349424018 ], [ -75.561887686895318, 6.220461092079631 ], [ -75.562058327132803, 6.220329090286807 ], [ -75.562182640287801, 6.220177732465282 ], [ -75.562279831075003, 6.22004009125189 ], [ -75.562300535637902, 6.21988999946513 ], [ -75.56228189982042, 6.219701047147409 ], [ -75.562252195150805, 6.219511152238821 ], [ -75.562205458981495, 6.219345661971161 ], [ -75.562106364262505, 6.21916278148279 ], [ -75.561826442172801, 6.219066141451718 ], [ -75.561649577074107, 6.219130938324752 ], [ -75.561415745552097, 6.219328392064662 ], [ -75.561212091673596, 6.219525759918877 ], [ -75.560996393468599, 6.219732905230639 ], [ -75.560797559687003, 6.219855243088251 ], [ -75.560614721715694, 6.219942464130346 ], [ -75.560398320499203, 6.219898254829522 ], [ -75.560157665007793, 6.21981416852417 ], [ -75.559978495710993, 6.219774727453018 ], [ -75.559690974088596, 6.219478386292157 ], [ -75.559603921305097, 6.219284754740931 ], [ -75.559485898231401, 6.218807703997699 ], [ -75.559182545140402, 6.217885938884738 ], [ -75.558834986607096, 6.21734328221303 ], [ -75.55840046600342, 6.21663914128836 ], [ -75.558206851337502, 6.216108717006702 ], [ -75.558161051516294, 6.215917892870648 ], [ -75.558073839773797, 6.21566677966195 ], [ -75.557996234299594, 6.215252940874149 ], [ -75.558033546132705, 6.214925488195311 ], [ -75.558076590645399, 6.2148503516621 ] ] ] } },
{ "type": "Feature", "properties": { "OBJECTID": 229, "BARRIO": "LA ASOMADERA No.3", "area_total_ha": 65.141239673258355, "Alta": 0.64207954558068403, "Media": 1.3327685215066216, "Baja": 60.604511997921719, "high_share": 0.0098567289907482251, "medhigh_share": 0.030316402896121367, "screening_score": 0.015585437684252705, "screening_rank": 73, "barrio_code": "0916", "comuna_code": "09", "comuna_name": "Buenos Aires", "population_2026": 153.0, "imcv_ampi_2023": 101.5, "population_match": "fuzzy_name_variant", "population_density_km2_2026": 234.87425288101977, "hazard_weighted_population_proxy_2026": 3.0732445893455238, "exposure_component": 0.14433783474509601, "vulnerability_component": 0.48975286317058458, "priority_exposure": 0.14433783474509601, "priority_balanced": 0.23069159185146815, "priority_equity": 0.29977459753656588, "rank_exposure": 84.0, "rank_balanced": 83.0, "rank_equity": 106.0, "rank_hazard_only": 73 }, "geometry": { "type": "Polygon", "coordinates": [ [ [ -75.558206851337502, 6.216108717006702 ], [ -75.55840046600342, 6.21663914128836 ], [ -75.558834986607096, 6.21734328221303 ], [ -75.559182545140402, 6.217885938884738 ], [ -75.559485898231401, 6.218807703997699 ], [ -75.559603921305097, 6.219284754740931 ], [ -75.559690974088596, 6.219478386292157 ], [ -75.559978495710993, 6.219774727453018 ], [ -75.560157665007793, 6.21981416852417 ], [ -75.560398320499203, 6.219898254829522 ], [ -75.560614721715694, 6.219942464130346 ], [ -75.560797559687003, 6.219855243088251 ], [ -75.560996393468599, 6.219732905230639 ], [ -75.561212091673596, 6.219525759918877 ], [ -75.561415745552097, 6.219328392064662 ], [ -75.561649577074107, 6.219130938324752 ], [ -75.561826442172801, 6.219066141451718 ], [ -75.562106364262505, 6.21916278148279 ], [ -75.562205458981495, 6.219345661971161 ], [ -75.562252195150805, 6.219511152238821 ], [ -75.56228189982042, 6.219701047147409 ], [ -75.562300535637902, 6.21988999946513 ], [ -75.562279831075003, 6.22004009125189 ], [ -75.562182640287801, 6.220177732465282 ], [ -75.562058327132803, 6.220329090286807 ], [ -75.561887686895318, 6.220461092079631 ], [ -75.561682720892406, 6.220549349424018 ], [ -75.561340981015306, 6.220649680227622 ], [ -75.560986068236801, 6.220715950566017 ], [ -75.560931480822006, 6.220980123955341 ], [ -75.560816190223406, 6.221480235683832 ], [ -75.560707820012098, 6.222295984664441 ], [ -75.560664622026593, 6.222676062300018 ], [ -75.560602847885093, 6.222888621431239 ], [ -75.560358682567013, 6.222988680296329 ], [ -75.560118251959494, 6.222985455898369 ], [ -75.559752120868893, 6.222998173894261 ], [ -75.559559209271598, 6.22308055007026 ], [ -75.559422853399795, 6.223242657219671 ], [ -75.559326798607799, 6.223427060081629 ], [ -75.559255029614704, 6.22366302877459 ], [ -75.559204576733904, 6.22396713535576 ], [ -75.559213332201594, 6.224220414713768 ], [ -75.559193186345993, 6.224570226480941 ], [ -75.559184107786606, 6.224920981770982 ], [ -75.559198488351399, 6.22538663167469 ], [ -75.559252910775314, 6.225782023281159 ], [ -75.559279517339419, 6.225943675180639 ], [ -75.559301023253894, 6.226080009069297 ], [ -75.559377304886894, 6.226377915056357 ], [ -75.559540129012504, 6.22668726987501 ], [ -75.559782390734895, 6.22698471074296 ], [ -75.560052672433898, 6.227229463782468 ], [ -75.560427912177005, 6.22759472741484 ], [ -75.560641144791219, 6.227942909885459 ], [ -75.5605753478889, 6.228155479733946 ], [ -75.560397523271405, 6.228237817079771 ], [ -75.560238904547205, 6.228353222472109 ], [ -75.56012555421421, 6.22846850200604 ], [ -75.560116967366397, 6.22863512176156 ], [ -75.559886287883501, 6.228522756253011 ], [ -75.5592892349256, 6.228337374507321 ], [ -75.558829609942904, 6.228013263659052 ], [ -75.558399140808703, 6.227683226263069 ], [ -75.558020091579607, 6.227393961363002 ], [ -75.557708632045006, 6.2271727053236 ], [ -75.557392903018894, 6.226863777538278 ], [ -75.557122608601503, 6.226614151330181 ], [ -75.556891542070304, 6.226362467690882 ], [ -75.556579570824098, 6.225958054227432 ], [ -75.556405665749111, 6.225642882900329 ], [ -75.556213591954304, 6.225305356123942 ], [ -75.556040566211493, 6.224944393000741 ], [ -75.555888716461496, 6.22460188104355 ], [ -75.555726867608001, 6.22428083101923 ], [ -75.555570052227495, 6.223960741945399 ], [ -75.555202627306002, 6.223509715882252 ], [ -75.555247321244295, 6.223664496559992 ], [ -75.555192635639898, 6.223894572037389 ], [ -75.555051519125499, 6.22415411766701 ], [ -75.554980343712202, 6.22424297207647 ], [ -75.555155962546394, 6.2248124179855 ], [ -75.555022908261193, 6.22507681130932 ], [ -75.554308667314899, 6.22543343373811 ], [ -75.554132576029403, 6.225415414413487 ], [ -75.553908213560504, 6.225403376166459 ], [ -75.553755263216701, 6.225387239990589 ], [ -75.5536003290552, 6.225380853258077 ], [ -75.5534059688067, 6.22530540499577 ], [ -75.553188378330006, 6.225196895800599 ], [ -75.552976741926699, 6.225058168788258 ], [ -75.5528002852611, 6.224909600185291 ], [ -75.55277106092241, 6.224891171382341 ], [ -75.552778531289704, 6.224683633847438 ], [ -75.5527690785392, 6.224540446318981 ], [ -75.552747487000204, 6.22437293480708 ], [ -75.552732045065696, 6.22424632584654 ], [ -75.552727639201606, 6.224108968848032 ], [ -75.552699810793001, 6.223869380833547 ], [ -75.552782292959193, 6.223867201491611 ], [ -75.552858270810901, 6.223696495538078 ], [ -75.552796537707906, 6.223564169744169 ], [ -75.552694533475105, 6.223419290962109 ], [ -75.552565286932307, 6.22324526098405 ], [ -75.552579625116095, 6.222975353240869 ], [ -75.552672813957599, 6.22284454346325 ], [ -75.552818152059004, 6.222656107939851 ], [ -75.552871019313997, 6.222495209464251 ], [ -75.552895612422006, 6.222295418618839 ], [ -75.552851923802393, 6.22213966154032 ], [ -75.552750876021605, 6.221977242064669 ], [ -75.552502589483296, 6.221681762020482 ], [ -75.552087631451897, 6.221499759825709 ], [ -75.5520412742746, 6.22146968754233 ], [ -75.552155964692304, 6.221474238326081 ], [ -75.552494009701803, 6.221490833594151 ], [ -75.552807935497697, 6.221515288954231 ], [ -75.553093670941209, 6.22153202928785 ], [ -75.553334188621506, 6.221566430190729 ], [ -75.553528289779905, 6.221549327413668 ], [ -75.553711374301699, 6.221549790331601 ], [ -75.553905363658103, 6.221492743859621 ], [ -75.553937569308403, 6.221498498100409 ], [ -75.554486436642705, 6.221361546206171 ], [ -75.554726549572294, 6.221250785091049 ], [ -75.555119434346594, 6.221092834257129 ], [ -75.555295007385794, 6.220924772566621 ], [ -75.555420249032295, 6.220745160585102 ], [ -75.555476035577399, 6.220549181664659 ], [ -75.555484065582306, 6.22018186648305 ], [ -75.555561645903495, 6.21986501957994 ], [ -75.555656218212803, 6.21950915444992 ], [ -75.5558311654123, 6.219117017377899 ], [ -75.556079417886508, 6.218678885551938 ], [ -75.556355802975602, 6.218228984501098 ], [ -75.556643171995802, 6.21774982517378 ], [ -75.556931852560595, 6.217380752633692 ], [ -75.557158434699403, 6.217108303549268 ], [ -75.557459298843398, 6.216779141318999 ], [ -75.557742068150802, 6.216454900015482 ], [ -75.557974737738604, 6.216200945499033 ], [ -75.558206851337502, 6.216108717006702 ] ] ] } },
{ "type": "Feature", "properties": { "OBJECTID": 230, "BARRIO": "ALTOS DEL POBLADO", "area_total_ha": 141.1372998571091, "Alta": 0.33467411946055625, "Media": 0.0, "Baja": 24.905630558100533, "high_share": 0.002371266276167878, "medhigh_share": 0.002371266276167878, "screening_score": 0.002371266276167878, "screening_rank": 82, "barrio_code": "1408", "comuna_code": "14", "comuna_name": "El Poblado", "population_2026": 4187.0, "imcv_ampi_2023": 116.59, "population_match": "exact", "population_density_km2_2026": 2966.6147816622697, "hazard_weighted_population_proxy_2026": 9.9284918983149044, "exposure_component": 0.24576747756933179, "vulnerability_component": 0.034960819770946241, "priority_exposure": 0.24576747756933179, "priority_balanced": 0.19306581311973539, "priority_equity": 0.15090448156005831, "rank_exposure": 80.0, "rank_balanced": 84.0, "rank_equity": 212.0, "rank_hazard_only": 82 }, "geometry": { "type": "Polygon", "coordinates": [ [ [ -75.548610330675103, 6.204179425609418 ], [ -75.549089969856794, 6.204476215782763 ], [ -75.5492280493349, 6.20457325898587 ], [ -75.549515319549997, 6.204783874771311 ], [ -75.549797606992698, 6.205011066669241 ], [ -75.550072822730101, 6.205227560683031 ], [ -75.5503197931139, 6.205414906686941 ], [ -75.550543626576797, 6.205602315232411 ], [ -75.550677874863794, 6.205768540258079 ], [ -75.550763869823697, 6.205945614786071 ], [ -75.550720133577002, 6.206134741830129 ], [ -75.550670493051513, 6.206371623197332 ], [ -75.550625768603794, 6.206566597344747 ], [ -75.550662603398095, 6.20679057242541 ], [ -75.550961050502806, 6.207041101413042 ], [ -75.551178468702304, 6.207091158988281 ], [ -75.551423974106896, 6.207112883781319 ], [ -75.551739810457605, 6.207104212214931 ], [ -75.552047504462493, 6.207061463423241 ], [ -75.552454112464304, 6.207139247665089 ], [ -75.552991696096299, 6.207290710210038 ], [ -75.553302037368297, 6.207476902745392 ], [ -75.553623336230203, 6.20762409428916 ], [ -75.553932404186, 6.207713839239899 ], [ -75.554276455022304, 6.207722624487661 ], [ -75.5545037428938, 6.207704454496199 ], [ -75.554835689392405, 6.207701582503862 ], [ -75.555459603162603, 6.207788500696889 ], [ -75.555396026718896, 6.208438501930502 ], [ -75.555490710147694, 6.208845475500849 ], [ -75.555464523432306, 6.209195302775101 ], [ -75.555414740906301, 6.209379575796838 ], [ -75.555262882286797, 6.209754111143069 ], [ -75.555076567363002, 6.210037162552051 ], [ -75.554934386856502, 6.210274301975362 ], [ -75.554856545352706, 6.21049762227635 ], [ -75.554778663104898, 6.210706328897857 ], [ -75.554739958918503, 6.210895442355487 ], [ -75.5547585740767, 6.211078549483788 ], [ -75.554839432952804, 6.211216667832148 ], [ -75.555092491972502, 6.211421528920752 ], [ -75.555655911457904, 6.21181842629406 ], [ -75.556056714100094, 6.211977084188081 ], [ -75.556384244252698, 6.212193428722533 ], [ -75.5566654999229, 6.212408927275767 ], [ -75.556941869375095, 6.212676073311968 ], [ -75.557162136116304, 6.213025214852209 ], [ -75.557364004619004, 6.213270161903697 ], [ -75.557867178999402, 6.214065692067051 ], [ -75.558076590645399, 6.2148503516621 ], [ -75.558033546132705, 6.214925488195311 ], [ -75.557996234299594, 6.215252940874149 ], [ -75.558073839773797, 6.21566677966195 ], [ -75.558161051516294, 6.215917892870648 ], [ -75.558206851337502, 6.216108717006702 ], [ -75.557974737738604, 6.216200945499033 ], [ -75.557742068150802, 6.216454900015482 ], [ -75.557459298843398, 6.216779141318999 ], [ -75.557158434699403, 6.217108303549268 ], [ -75.556931852560595, 6.217380752633692 ], [ -75.556643171995802, 6.21774982517378 ], [ -75.556355802975602, 6.218228984501098 ], [ -75.556079417886508, 6.218678885551938 ], [ -75.5558311654123, 6.219117017377899 ], [ -75.555656218212803, 6.21950915444992 ], [ -75.555561645903495, 6.21986501957994 ], [ -75.555484065582306, 6.22018186648305 ], [ -75.555476035577399, 6.220549181664659 ], [ -75.555420249032295, 6.220745160585102 ], [ -75.555295007385794, 6.220924772566621 ], [ -75.555119434346594, 6.221092834257129 ], [ -75.554726549572294, 6.221250785091049 ], [ -75.554486436642705, 6.221361546206171 ], [ -75.553937569308403, 6.221498498100409 ], [ -75.553905363658103, 6.221492743859621 ], [ -75.553711374301699, 6.221549790331601 ], [ -75.553528289779905, 6.221549327413668 ], [ -75.553334188621506, 6.221566430190729 ], [ -75.553093670941209, 6.22153202928785 ], [ -75.552807935497697, 6.221515288954231 ], [ -75.552494009701803, 6.221490833594151 ], [ -75.552155964692304, 6.221474238326081 ], [ -75.5520412742746, 6.22146968754233 ], [ -75.5515595420501, 6.221150499978942 ], [ -75.5512583052449, 6.22098571712806 ], [ -75.550998234463606, 6.220793538707149 ], [ -75.550544619908706, 6.220455762847889 ], [ -75.550313353950799, 6.22013100610875 ], [ -75.549928224765594, 6.219822265513452 ], [ -75.549725353265401, 6.219579265754 ], [ -75.549574666270601, 6.219290332108149 ], [ -75.549412064923999, 6.219058912639059 ], [ -75.549270606822105, 6.218833279394728 ], [ -75.548870679582095, 6.218266401889371 ], [ -75.549026383383904, 6.218188028238458 ], [ -75.549209530415993, 6.218211875753431 ], [ -75.549385609941496, 6.218226000228181 ], [ -75.549683314049901, 6.218205687622407 ], [ -75.549957850432705, 6.21817472158422 ], [ -75.550069306868807, 6.218101342303721 ], [ -75.550056140692107, 6.218069229732579 ], [ -75.550104838943994, 6.217855732634232 ], [ -75.550410242039604, 6.217348272128052 ], [ -75.550708094055096, 6.216657673112599 ], [ -75.550683232400701, 6.216398590262368 ], [ -75.550510777607201, 6.21624026832456 ], [ -75.550285896821705, 6.216040197483561 ], [ -75.550045116272798, 6.215910316525913 ], [ -75.5498496326327, 6.215791028009691 ], [ -75.549710146221301, 6.215550774737839 ], [ -75.5497036460701, 6.215383221311951 ], [ -75.549661557806502, 6.215079371420831 ], [ -75.549619647471104, 6.214838847743969 ], [ -75.549440900608801, 6.214587986918232 ], [ -75.549182138372302, 6.214502972301989 ], [ -75.548896489253906, 6.21451643037489 ], [ -75.5484228312623, 6.214566458644751 ], [ -75.547305379820301, 6.214982644176243 ], [ -75.546895569853007, 6.215203961891822 ], [ -75.546614777284105, 6.215155053718999 ], [ -75.546443482703793, 6.215052258046498 ], [ -75.546498010121397, 6.214763727091268 ], [ -75.546488580604503, 6.21426493619103 ], [ -75.546447755488401, 6.214052661561371 ], [ -75.546451143462903, 6.21382272817244 ], [ -75.546489932590802, 6.213662842514331 ], [ -75.546671619238595, 6.213523020980113 ], [ -75.546997616739105, 6.21354939640267 ], [ -75.5472086838965, 6.213484510104198 ], [ -75.547362191702604, 6.213339894187729 ], [ -75.547297272705705, 6.213145223108919 ], [ -75.547065770971997, 6.21273278187315 ], [ -75.547098075616006, 6.212411188327489 ], [ -75.547217382611905, 6.212266668691798 ], [ -75.547484575404098, 6.212127583212669 ], [ -75.547734425866295, 6.211900863094657 ], [ -75.547681593182006, 6.211712005943423 ], [ -75.547531266195094, 6.211551670411829 ], [ -75.547375910161506, 6.211392323719752 ], [ -75.547307159817706, 6.211266836032968 ], [ -75.547333794354103, 6.211076782074721 ], [ -75.547355368801817, 6.21087602619175 ], [ -75.547262299300499, 6.210687278720319 ], [ -75.547122895099903, 6.210475277542579 ], [ -75.546956490951999, 6.210321807128959 ], [ -75.546748796022001, 6.210150914508501 ], [ -75.546611704893905, 6.210048023072718 ], [ -75.546719004064897, 6.209926918236087 ], [ -75.546992438080196, 6.209861859621528 ], [ -75.547283977278596, 6.20979675162821 ], [ -75.547489006433594, 6.2097318813593 ], [ -75.547796290437503, 6.20954007632665 ], [ -75.547875328996994, 6.2093849513746 ], [ -75.547660945900105, 6.20897830678266 ], [ -75.547490522285301, 6.208462424920419 ], [ -75.547453356758297, 6.208118616873552 ], [ -75.547601548874098, 6.20787074475588 ], [ -75.5478220034408, 6.20756421872355 ], [ -75.547893602590108, 6.207264923921122 ], [ -75.547834560818202, 6.20701275665054 ], [ -75.547695142725104, 6.206795884950703 ], [ -75.547573955124193, 6.206623776260039 ], [ -75.547555345121495, 6.20644164419624 ], [ -75.547726938355694, 6.20629015749116 ], [ -75.547874425382503, 6.206151404584031 ], [ -75.547883783366402, 6.205898073317141 ], [ -75.547857954020699, 6.205651659771042 ], [ -75.547804979321398, 6.20541116503081 ], [ -75.548077962871503, 6.205184381648818 ], [ -75.548337553385295, 6.204843647767492 ], [ -75.548250316893004, 6.204580840260271 ], [ -75.548408482914994, 6.20430273955107 ], [ -75.548610330675103, 6.204179425609418 ] ] ] } },
{ "type": "Feature", "properties": { "OBJECTID": 231, "BARRIO": "SIMESA", "area_total_ha": 69.870957878584548, "Alta": 0.0, "Media": 0.0, "Baja": 0.0, "high_share": 0.0, "medhigh_share": 0.0, "screening_score": 0.0, "screening_rank": 87, "barrio_code": null, "comuna_code": null, "comuna_name": null, "population_2026": null, "imcv_ampi_2023": null, "population_match": "unmatched_or_nonresidential", "population_density_km2_2026": null, "hazard_weighted_population_proxy_2026": null, "exposure_component": null, "vulnerability_component": null, "priority_exposure": null, "priority_balanced": null, "priority_equity": null, "rank_exposure": null, "rank_balanced": null, "rank_equity": null, "rank_hazard_only": 87 }, "geometry": { "type": "Polygon", "coordinates": [ [ [ -75.577865339516094, 6.214879430641001 ], [ -75.577770301793194, 6.215776974585968 ], [ -75.577633933268103, 6.216642487018938 ], [ -75.576795028957804, 6.221992469883967 ], [ -75.576314614496397, 6.225697894281221 ], [ -75.574152299877596, 6.22550916964425 ], [ -75.572888450616702, 6.225375377300178 ], [ -75.572601584467193, 6.225314810573358 ], [ -75.572320654640905, 6.225219155962569 ], [ -75.571983232453903, 6.2250671526864 ], [ -75.571787789251104, 6.224964435730881 ], [ -75.571580244078902, 6.224851034389633 ], [ -75.571424812175295, 6.224668316383972 ], [ -75.571365693692798, 6.224393747023437 ], [ -75.571365333501703, 6.224266122119602 ], [ -75.571363909786598, 6.224118041956439 ], [ -75.571367300917913, 6.223893956853107 ], [ -75.571408826795704, 6.222566920306631 ], [ -75.571535821257697, 6.221226976407012 ], [ -75.571770000603806, 6.219726956803997 ], [ -75.5719184826701, 6.218158980606902 ], [ -75.571910550048202, 6.217842373825483 ], [ -75.571886603105995, 6.217555040788539 ], [ -75.571837398950194, 6.217228808462201 ], [ -75.571845368306199, 6.21684395859288 ], [ -75.571878954557505, 6.216625634708636 ], [ -75.571968820674897, 6.216388639435502 ], [ -75.572080981605396, 6.216210036482209 ], [ -75.572200197373803, 6.216036284871937 ], [ -75.572358565697002, 6.21583417026533 ], [ -75.572557155105301, 6.215627068990877 ], [ -75.572732619901601, 6.215423931757729 ], [ -75.573056914831, 6.215203812226737 ], [ -75.573388385217697, 6.215031408866828 ], [ -75.573404458604401, 6.215023569868439 ], [ -75.573710725631202, 6.21483175364894 ], [ -75.574024192794695, 6.21469642219905 ], [ -75.574458598676301, 6.21464161144576 ], [ -75.574903875273606, 6.214517599191489 ], [ -75.575222715250618, 6.214504032380522 ], [ -75.575669516481, 6.214564145653789 ], [ -75.576093148122993, 6.21461263284082 ], [ -75.577865339516094, 6.214879430641001 ] ] ] } },
{ "type": "Feature", "properties": { "OBJECTID": 232, "BARRIO": "VILLA CARLOTA", "area_total_ha": 26.077073543206588, "Alta": 0.0, "Media": 0.0, "Baja": 0.0, "high_share": 0.0, "medhigh_share": 0.0, "screening_score": 0.0, "screening_rank": 87, "barrio_code": "1403", "comuna_code": "14", "comuna_name": "El Poblado", "population_2026": 5096.0, "imcv_ampi_2023": 116.59, "population_match": "exact", "population_density_km2_2026": 19542.070131284243, "hazard_weighted_population_proxy_2026": 0.0, "exposure_component": 0.0, "vulnerability_component": 0.034960819770946241, "priority_exposure": 0.0, "priority_balanced": 0.0087402049427365604, "priority_equity": 0.015732368896925808, "rank_exposure": 85.0, "rank_balanced": 213.0, "rank_equity": 213.0, "rank_hazard_only": 87 }, "geometry": { "type": "Polygon", "coordinates": [ [ [ -75.5699086402728, 6.21459015063475 ], [ -75.569947899894501, 6.214599780775449 ], [ -75.570308112030105, 6.214631890036081 ], [ -75.570532448664196, 6.214637104472902 ], [ -75.570995098943499, 6.214609495972068 ], [ -75.571446787262005, 6.214618938496428 ], [ -75.571840063995893, 6.21460418950825 ], [ -75.572206376039006, 6.214658688225097 ], [ -75.572654503926202, 6.214832786979819 ], [ -75.573388385217697, 6.215031408866828 ], [ -75.573056914831, 6.215203812226737 ], [ -75.572732619901601, 6.215423931757729 ], [ -75.572557155105301, 6.215627068990877 ], [ -75.572358565697002, 6.21583417026533 ], [ -75.572200197373803, 6.216036284871937 ], [ -75.572080981605396, 6.216210036482209 ], [ -75.571968820674897, 6.216388639435502 ], [ -75.571878954557505, 6.216625634708636 ], [ -75.571845368306199, 6.21684395859288 ], [ -75.571837398950194, 6.217228808462201 ], [ -75.571886603105995, 6.217555040788539 ], [ -75.571910550048202, 6.217842373825483 ], [ -75.5719184826701, 6.218158980606902 ], [ -75.571770000603806, 6.219726956803997 ], [ -75.571535821257697, 6.221226976407012 ], [ -75.571408826795704, 6.222566920306631 ], [ -75.571367300917913, 6.223893956853107 ], [ -75.571363909786598, 6.224118041956439 ], [ -75.571365333501703, 6.224266122119602 ], [ -75.570331460006599, 6.223637732379629 ], [ -75.569170868811597, 6.223019438822158 ], [ -75.569163994119407, 6.22272133841639 ], [ -75.569217655569503, 6.22212982252845 ], [ -75.569191408094397, 6.221739223989392 ], [ -75.569160327013094, 6.221418784712777 ], [ -75.569179052895706, 6.22092381682331 ], [ -75.569261334200903, 6.22049296867474 ], [ -75.569292406756205, 6.220096364561371 ], [ -75.569295218363905, 6.2196657405709 ], [ -75.5693602666543, 6.219188177032509 ], [ -75.569420529129701, 6.218797336408701 ], [ -75.569532077017712, 6.218400503418082 ], [ -75.569666933928502, 6.21806498364802 ], [ -75.569749184921093, 6.217623419692019 ], [ -75.569825492544993, 6.217214996107899 ], [ -75.569839029243198, 6.216663536291093 ], [ -75.569823768746204, 6.216244655012099 ], [ -75.5699274571123, 6.214842426006048 ], [ -75.5699086402728, 6.21459015063475 ] ] ] } },
{ "type": "Feature", "properties": { "OBJECTID": 233, "BARRIO": "LAS LOMAS No.2", "area_total_ha": 30.604842330204306, "Alta": 0.0, "Media": 0.0, "Baja": 0.0, "high_share": 0.0, "medhigh_share": 0.0, "screening_score": 0.0, "screening_rank": 87, "barrio_code": "1407", "comuna_code": "14", "comuna_name": "El Poblado", "population_2026": 2719.0, "imcv_ampi_2023": 116.59, "population_match": "exact", "population_density_km2_2026": 8884.2150227860657, "hazard_weighted_population_proxy_2026": 0.0, "exposure_component": 0.0, "vulnerability_component": 0.034960819770946241, "priority_exposure": 0.0, "priority_balanced": 0.0087402049427365604, "priority_equity": 0.015732368896925808, "rank_exposure": 85.0, "rank_balanced": 213.0, "rank_equity": 213.0, "rank_hazard_only": 87 }, "geometry": { "type": "Polygon", "coordinates": [ [ [ -75.555459603162603, 6.207788500696889 ], [ -75.555468992068398, 6.207547834352182 ], [ -75.555928131653502, 6.207705356516142 ], [ -75.556178648344698, 6.207720246805742 ], [ -75.556704748363202, 6.207721701525492 ], [ -75.557283252971999, 6.20775711072032 ], [ -75.558596976599205, 6.207753443293409 ], [ -75.559744896448606, 6.207812588142971 ], [ -75.559746995750999, 6.207843756695761 ], [ -75.559784233972906, 6.208210945695503 ], [ -75.559761752109907, 6.208445801685849 ], [ -75.5596889488355, 6.208671055663836 ], [ -75.559556331527602, 6.209090354608978 ], [ -75.559455585399803, 6.20939557483766 ], [ -75.559376855243599, 6.209659816049693 ], [ -75.559333204259801, 6.209878169932571 ], [ -75.559311587815799, 6.21006236339477 ], [ -75.559365671379297, 6.210337925561399 ], [ -75.559389477682004, 6.210578498340311 ], [ -75.559437463518293, 6.210831668356098 ], [ -75.5595134808041, 6.211037022296209 ], [ -75.559533461807106, 6.211347751646051 ], [ -75.5594767489265, 6.211571986686761 ], [ -75.559404982173803, 6.211807956600959 ], [ -75.559355248147114, 6.212009764268421 ], [ -75.559321847466805, 6.212296286378011 ], [ -75.559347671910004, 6.21253880309855 ], [ -75.559417605327198, 6.212726636980791 ], [ -75.559521665083295, 6.212887096707647 ], [ -75.559717371921494, 6.213086270699527 ], [ -75.559866792614301, 6.213280702600701 ], [ -75.560080783976801, 6.213543150513609 ], [ -75.560208264960806, 6.213805841178041 ], [ -75.560234568657293, 6.213859350185358 ], [ -75.560330686641606, 6.21405782826035 ], [ -75.560282711491894, 6.21452852400463 ], [ -75.560180670429901, 6.21473047853357 ], [ -75.559729850156401, 6.214672311127041 ], [ -75.559340558966596, 6.214674374548411 ], [ -75.559003498245602, 6.21464803919118 ], [ -75.558654364253101, 6.214621736767469 ], [ -75.558437103733993, 6.214629162929979 ], [ -75.558255164857499, 6.21467740978018 ], [ -75.558118632543, 6.214776190083368 ], [ -75.558076590645399, 6.2148503516621 ], [ -75.557867178999402, 6.214065692067051 ], [ -75.557364004619004, 6.213270161903697 ], [ -75.557162136116304, 6.213025214852209 ], [ -75.556941869375095, 6.212676073311968 ], [ -75.5566654999229, 6.212408927275767 ], [ -75.556384244252698, 6.212193428722533 ], [ -75.556056714100094, 6.211977084188081 ], [ -75.555655911457904, 6.21181842629406 ], [ -75.555092491972502, 6.211421528920752 ], [ -75.554839432952804, 6.211216667832148 ], [ -75.5547585740767, 6.211078549483788 ], [ -75.554739958918503, 6.210895442355487 ], [ -75.554778663104898, 6.210706328897857 ], [ -75.554856545352706, 6.21049762227635 ], [ -75.554934386856502, 6.210274301975362 ], [ -75.555076567363002, 6.210037162552051 ], [ -75.555262882286797, 6.209754111143069 ], [ -75.555414740906301, 6.209379575796838 ], [ -75.555464523432306, 6.209195302775101 ], [ -75.555490710147694, 6.208845475500849 ], [ -75.555396026718896, 6.208438501930502 ], [ -75.555459603162603, 6.207788500696889 ] ] ] } },
{ "type": "Feature", "properties": { "OBJECTID": 234, "BARRIO": "LALINDE", "area_total_ha": 30.73889536550638, "Alta": 0.0, "Media": 0.0, "Baja": 0.0, "high_share": 0.0, "medhigh_share": 0.0, "screening_score": 0.0, "screening_rank": 87, "barrio_code": "1405", "comuna_code": "14", "comuna_name": "El Poblado", "population_2026": 2832.0, "imcv_ampi_2023": 116.59, "population_match": "exact", "population_density_km2_2026": 9213.0831844332497, "hazard_weighted_population_proxy_2026": 0.0, "exposure_component": 0.0, "vulnerability_component": 0.034960819770946241, "priority_exposure": 0.0, "priority_balanced": 0.0087402049427365604, "priority_equity": 0.015732368896925808, "rank_exposure": 85.0, "rank_balanced": 213.0, "rank_equity": 213.0, "rank_hazard_only": 87 }, "geometry": { "type": "Polygon", "coordinates": [ [ [ -75.565120426406196, 6.21100670137654 ], [ -75.565325631358803, 6.211005151260279 ], [ -75.565800500532603, 6.211031096513951 ], [ -75.566514675767394, 6.2110203232053 ], [ -75.567714585379704, 6.21096434275616 ], [ -75.568857001895395, 6.210852987757448 ], [ -75.569982035900594, 6.210999854540459 ], [ -75.569917185331505, 6.211190014412882 ], [ -75.569821472406801, 6.211494247913648 ], [ -75.569773152649105, 6.211839265971083 ], [ -75.569770033099104, 6.212160775779629 ], [ -75.569784402200995, 6.21262057884451 ], [ -75.569816925391194, 6.213096891799401 ], [ -75.569838578036396, 6.213642406963139 ], [ -75.5699086402728, 6.21459015063475 ], [ -75.569673079831702, 6.214528462250179 ], [ -75.567417225092001, 6.213970723274669 ], [ -75.567090893992315, 6.21382452969382 ], [ -75.566884681837706, 6.2138260831211 ], [ -75.566588133011393, 6.213897063940979 ], [ -75.566223486862796, 6.214077349360821 ], [ -75.565847745164305, 6.214246949697829 ], [ -75.565521942802704, 6.214289756845107 ], [ -75.565248335072098, 6.214291499574949 ], [ -75.564933450794697, 6.214281666747127 ], [ -75.564710204767906, 6.2143066503309 ], [ -75.564430625728804, 6.21433179156372 ], [ -75.564219480266402, 6.21436745595575 ], [ -75.563821639519801, 6.214548809007542 ], [ -75.563621624224695, 6.214607825304962 ], [ -75.563461895562895, 6.21468426324161 ], [ -75.563121628990203, 6.214950213924328 ], [ -75.562996294730297, 6.215095726841641 ], [ -75.5627687516577, 6.215382794444057 ], [ -75.562541210623195, 6.215311337505549 ], [ -75.5621676756206, 6.215192552213911 ], [ -75.561881838200193, 6.215137821392011 ], [ -75.560484572890502, 6.214769572407663 ], [ -75.560180670429901, 6.21473047853357 ], [ -75.560282711491894, 6.21452852400463 ], [ -75.560330686641606, 6.21405782826035 ], [ -75.560234568657293, 6.213859350185358 ], [ -75.560965873944397, 6.213496832385069 ], [ -75.561548641747194, 6.213256510279771 ], [ -75.561873181170895, 6.213122127808349 ], [ -75.562260166114896, 6.21301582468119 ], [ -75.562586115170305, 6.213025628374497 ], [ -75.562866795104895, 6.213034584600351 ], [ -75.563048798672995, 6.213009717953041 ], [ -75.563271742077006, 6.212876595197711 ], [ -75.563543587843398, 6.212604992701943 ], [ -75.563764113044797, 6.212326713793988 ], [ -75.564110169730299, 6.211974039959689 ], [ -75.564365999527197, 6.211730734598166 ], [ -75.564724288668302, 6.21143550713935 ], [ -75.564945136983795, 6.211273163108209 ], [ -75.565103425390305, 6.211041822947157 ], [ -75.565120426406196, 6.21100670137654 ] ] ] } },
{ "type": "Feature", "properties": { "OBJECTID": 235, "BARRIO": "LAS LOMAS No.1", "area_total_ha": 34.939184263852752, "Alta": 0.0, "Media": 0.0, "Baja": 0.0, "high_share": 0.0, "medhigh_share": 0.0, "screening_score": 0.0, "screening_rank": 87, "barrio_code": "1406", "comuna_code": "14", "comuna_name": "El Poblado", "population_2026": 3064.0, "imcv_ampi_2023": 116.59, "population_match": "exact", "population_density_km2_2026": 8769.5235723346341, "hazard_weighted_population_proxy_2026": 0.0, "exposure_component": 0.0, "vulnerability_component": 0.034960819770946241, "priority_exposure": 0.0, "priority_balanced": 0.0087402049427365604, "priority_equity": 0.015732368896925808, "rank_exposure": 85.0, "rank_balanced": 213.0, "rank_equity": 213.0, "rank_hazard_only": 87 }, "geometry": { "type": "Polygon", "coordinates": [ [ [ -75.563749249764101, 6.207376608652629 ], [ -75.563820642560898, 6.20772616266097 ], [ -75.563993389921094, 6.207988725022371 ], [ -75.564109569155093, 6.208166686956021 ], [ -75.564300260980801, 6.208371717721291 ], [ -75.564564303817704, 6.208547316021358 ], [ -75.564810894239599, 6.208597285379882 ], [ -75.565182329075299, 6.208686848588727 ], [ -75.565264400690694, 6.208898030088039 ], [ -75.565208650812195, 6.209105699709398 ], [ -75.565171231268195, 6.209393207733746 ], [ -75.565264417678407, 6.209621894567162 ], [ -75.565362457797704, 6.209788215105822 ], [ -75.565437472134505, 6.209993569480122 ], [ -75.565343786698904, 6.210304617397598 ], [ -75.565260466194317, 6.210724750917997 ], [ -75.565120426406196, 6.21100670137654 ], [ -75.565103425390305, 6.211041822947157 ], [ -75.564945136983795, 6.211273163108209 ], [ -75.564724288668302, 6.21143550713935 ], [ -75.564365999527197, 6.211730734598166 ], [ -75.564110169730299, 6.211974039959689 ], [ -75.563764113044797, 6.212326713793988 ], [ -75.563543587843398, 6.212604992701943 ], [ -75.563271742077006, 6.212876595197711 ], [ -75.563048798672995, 6.213009717953041 ], [ -75.562866795104895, 6.213034584600351 ], [ -75.562586115170305, 6.213025628374497 ], [ -75.562260166114896, 6.21301582468119 ], [ -75.561873181170895, 6.213122127808349 ], [ -75.561548641747194, 6.213256510279771 ], [ -75.560965873944397, 6.213496832385069 ], [ -75.560234568657293, 6.213859350185358 ], [ -75.560208264960806, 6.213805841178041 ], [ -75.560080783976801, 6.213543150513609 ], [ -75.559866792614301, 6.213280702600701 ], [ -75.559717371921494, 6.213086270699527 ], [ -75.559521665083295, 6.212887096707647 ], [ -75.559417605327198, 6.212726636980791 ], [ -75.559347671910004, 6.21253880309855 ], [ -75.559321847466805, 6.212296286378011 ], [ -75.559355248147114, 6.212009764268421 ], [ -75.559404982173803, 6.211807956600959 ], [ -75.5594767489265, 6.211571986686761 ], [ -75.559533461807106, 6.211347751646051 ], [ -75.5595134808041, 6.211037022296209 ], [ -75.559437463518293, 6.210831668356098 ], [ -75.559389477682004, 6.210578498340311 ], [ -75.559365671379297, 6.210337925561399 ], [ -75.559311587815799, 6.21006236339477 ], [ -75.559333204259801, 6.209878169932571 ], [ -75.559376855243599, 6.209659816049693 ], [ -75.559455585399803, 6.20939557483766 ], [ -75.559556331527602, 6.209090354608978 ], [ -75.5596889488355, 6.208671055663836 ], [ -75.559761752109907, 6.208445801685849 ], [ -75.559784233972906, 6.208210945695503 ], [ -75.559746995750999, 6.207843756695761 ], [ -75.559744896448606, 6.207812588142971 ], [ -75.560391551954496, 6.207758170041889 ], [ -75.560991992238897, 6.207724339791057 ], [ -75.561442537363703, 6.207686058073048 ], [ -75.561957446666, 6.207642724917731 ], [ -75.562459339309797, 6.207620859737882 ], [ -75.562842491320097, 6.207583739730549 ], [ -75.563253824045603, 6.207552386622008 ], [ -75.563749249764101, 6.207376608652629 ] ] ] } },
{ "type": "Feature", "properties": { "OBJECTID": 236, "BARRIO": "EL POBLADO", "area_total_ha": 26.013318620879271, "Alta": 0.0, "Media": 0.0, "Baja": 0.0, "high_share": 0.0, "medhigh_share": 0.0, "screening_score": 0.0, "screening_rank": 87, "barrio_code": "1418", "comuna_code": "14", "comuna_name": "El Poblado", "population_2026": 389.0, "imcv_ampi_2023": 116.59, "population_match": "exact", "population_density_km2_2026": 1495.3878267872133, "hazard_weighted_population_proxy_2026": 0.0, "exposure_component": 0.0, "vulnerability_component": 0.034960819770946241, "priority_exposure": 0.0, "priority_balanced": 0.0087402049427365604, "priority_equity": 0.015732368896925808, "rank_exposure": 85.0, "rank_balanced": 213.0, "rank_equity": 213.0, "rank_hazard_only": 87 }, "geometry": { "type": "Polygon", "coordinates": [ [ [ -75.563749249764101, 6.207376608652629 ], [ -75.563949085269101, 6.207254266958912 ], [ -75.564200577500102, 6.207258434276341 ], [ -75.564469198471301, 6.207273269003764 ], [ -75.564686695659503, 6.207351572111659 ], [ -75.564875983830902, 6.207414368371482 ], [ -75.565150575898102, 6.207405803827348 ], [ -75.565481385197401, 6.207357138397251 ], [ -75.566366160018305, 6.20720267219836 ], [ -75.567420568407201, 6.206918153934511 ], [ -75.567661872531801, 6.206876557851051 ], [ -75.567906413846302, 6.206913865962651 ], [ -75.568136113815399, 6.207038899531981 ], [ -75.568406079481605, 6.207174534079127 ], [ -75.568784974095706, 6.207413132518498 ], [ -75.569084161340498, 6.207566220960389 ], [ -75.569410312814114, 6.207650064010019 ], [ -75.5698097156709, 6.207669399295451 ], [ -75.570268728089999, 6.20778111924662 ], [ -75.571040314055907, 6.207798431120851 ], [ -75.571263287695999, 6.207677972823852 ], [ -75.571200431673105, 6.207861306888669 ], [ -75.570866586513205, 6.20897678241868 ], [ -75.570320964203503, 6.2102604226744 ], [ -75.570237023950995, 6.21045843061358 ], [ -75.570006986913597, 6.210929639083623 ], [ -75.569982035900594, 6.210999854540459 ], [ -75.568857001895395, 6.210852987757448 ], [ -75.567714585379704, 6.21096434275616 ], [ -75.566514675767394, 6.2110203232053 ], [ -75.565800500532603, 6.211031096513951 ], [ -75.565325631358803, 6.211005151260279 ], [ -75.565120426406196, 6.21100670137654 ], [ -75.565260466194317, 6.210724750917997 ], [ -75.565343786698904, 6.210304617397598 ], [ -75.565437472134505, 6.209993569480122 ], [ -75.565362457797704, 6.209788215105822 ], [ -75.565264417678407, 6.209621894567162 ], [ -75.565171231268195, 6.209393207733746 ], [ -75.565208650812195, 6.209105699709398 ], [ -75.565264400690694, 6.208898030088039 ], [ -75.565182329075299, 6.208686848588727 ], [ -75.564810894239599, 6.208597285379882 ], [ -75.564564303817704, 6.208547316021358 ], [ -75.564300260980801, 6.208371717721291 ], [ -75.564109569155093, 6.208166686956021 ], [ -75.563993389921094, 6.207988725022371 ], [ -75.563820642560898, 6.20772616266097 ], [ -75.563749249764101, 6.207376608652629 ] ] ] } },
{ "type": "Feature", "properties": { "OBJECTID": 237, "BARRIO": "MANILA", "area_total_ha": 28.143183902282988, "Alta": 0.0, "Media": 0.0, "Baja": 0.0, "high_share": 0.0, "medhigh_share": 0.0, "screening_score": 0.0, "screening_rank": 87, "barrio_code": "1419", "comuna_code": "14", "comuna_name": "El Poblado", "population_2026": 775.0, "imcv_ampi_2023": 116.59, "population_match": "exact", "population_density_km2_2026": 2753.7751332290859, "hazard_weighted_population_proxy_2026": 0.0, "exposure_component": 0.0, "vulnerability_component": 0.034960819770946241, "priority_exposure": 0.0, "priority_balanced": 0.0087402049427365604, "priority_equity": 0.015732368896925808, "rank_exposure": 85.0, "rank_balanced": 213.0, "rank_equity": 213.0, "rank_hazard_only": 87 }, "geometry": { "type": "Polygon", "coordinates": [ [ [ -75.570320964203503, 6.2102604226744 ], [ -75.571446045446706, 6.210782371501239 ], [ -75.572461480497495, 6.211302676358388 ], [ -75.573343277450206, 6.211519393550563 ], [ -75.573841736078194, 6.211706014700479 ], [ -75.574157993598604, 6.211847360928707 ], [ -75.574559022959804, 6.212085891055051 ], [ -75.574869518371301, 6.212323703727661 ], [ -75.575161780400805, 6.21251675230303 ], [ -75.575454902501406, 6.212658163141412 ], [ -75.575483097082198, 6.212667825118889 ], [ -75.575890912670701, 6.21281573119611 ], [ -75.576263308396094, 6.212887746082681 ], [ -75.576802097482599, 6.213107373905022 ], [ -75.578028907854105, 6.213316286046861 ], [ -75.577865339516094, 6.214879430641001 ], [ -75.576093148122993, 6.21461263284082 ], [ -75.575669516481, 6.214564145653789 ], [ -75.575222715250618, 6.214504032380522 ], [ -75.574903875273606, 6.214517599191489 ], [ -75.574458598676301, 6.21464161144576 ], [ -75.574024192794695, 6.21469642219905 ], [ -75.573710725631202, 6.21483175364894 ], [ -75.573404458604401, 6.215023569868439 ], [ -75.573388385217697, 6.215031408866828 ], [ -75.572654503926202, 6.214832786979819 ], [ -75.572206376039006, 6.214658688225097 ], [ -75.571840063995893, 6.21460418950825 ], [ -75.571446787262005, 6.214618938496428 ], [ -75.570995098943499, 6.214609495972068 ], [ -75.570532448664196, 6.214637104472902 ], [ -75.570308112030105, 6.214631890036081 ], [ -75.569947899894501, 6.214599780775449 ], [ -75.5699086402728, 6.21459015063475 ], [ -75.569838578036396, 6.213642406963139 ], [ -75.569816925391194, 6.213096891799401 ], [ -75.569784402200995, 6.21262057884451 ], [ -75.569770033099104, 6.212160775779629 ], [ -75.569773152649105, 6.211839265971083 ], [ -75.569821472406801, 6.211494247913648 ], [ -75.569917185331505, 6.211190014412882 ], [ -75.569982035900594, 6.210999854540459 ], [ -75.570006986913597, 6.210929639083623 ], [ -75.570237023950995, 6.21045843061358 ], [ -75.570320964203503, 6.2102604226744 ] ] ] } },
{ "type": "Feature", "properties": { "OBJECTID": 238, "BARRIO": "PATIO BONITO", "area_total_ha": 72.471446596829551, "Alta": 0.0, "Media": 0.0, "Baja": 0.0, "high_share": 0.0, "medhigh_share": 0.0, "screening_score": 0.0, "screening_rank": 87, "barrio_code": "1421", "comuna_code": "14", "comuna_name": "El Poblado", "population_2026": 6366.0, "imcv_ampi_2023": 116.59, "population_match": "exact", "population_density_km2_2026": 8784.1492048793971, "hazard_weighted_population_proxy_2026": 0.0, "exposure_component": 0.0, "vulnerability_component": 0.034960819770946241, "priority_exposure": 0.0, "priority_balanced": 0.0087402049427365604, "priority_equity": 0.015732368896925808, "rank_exposure": 85.0, "rank_balanced": 213.0, "rank_equity": 213.0, "rank_hazard_only": 87 }, "geometry": { "type": "Polygon", "coordinates": [ [ [ -75.572955847703199, 6.200030266545241 ], [ -75.573147986451801, 6.200034596429841 ], [ -75.573286083801705, 6.200137478683297 ], [ -75.573560104159895, 6.200284790712109 ], [ -75.573767592455795, 6.200381630679829 ], [ -75.574140475746802, 6.200630959035839 ], [ -75.574543541426095, 6.200881177193101 ], [ -75.5748590739326, 6.201124823006508 ], [ -75.576026877875805, 6.202178579257721 ], [ -75.576486500362904, 6.20250852330046 ], [ -75.576831063218194, 6.20270142323871 ], [ -75.577509158270004, 6.203098947596901 ], [ -75.578019915341912, 6.20336931627063 ], [ -75.579265691449194, 6.203890906553181 ], [ -75.579171749998807, 6.204464026825891 ], [ -75.578775969946193, 6.207149178553118 ], [ -75.578431504334105, 6.209483459011481 ], [ -75.578028907854105, 6.213316286046861 ], [ -75.576802097482599, 6.213107373905022 ], [ -75.576263308396094, 6.212887746082681 ], [ -75.575890912670701, 6.21281573119611 ], [ -75.575483097082198, 6.212667825118889 ], [ -75.575583661080699, 6.211589055272592 ], [ -75.575625101450996, 6.21094593925137 ], [ -75.575640641967297, 6.21075007272009 ], [ -75.575644067806294, 6.210537677945222 ], [ -75.575591954850395, 6.21025042417627 ], [ -75.575526589464204, 6.209900856575249 ], [ -75.575461338142418, 6.209591231829046 ], [ -75.575365761904493, 6.20923005816824 ], [ -75.575284398503001, 6.208914634332057 ], [ -75.575144387924396, 6.208491234358161 ], [ -75.574998761320998, 6.20821593569943 ], [ -75.574933720228103, 6.207981326271789 ], [ -75.574755048260997, 6.207759703979248 ], [ -75.574571474783895, 6.20758291019086 ], [ -75.574381083375002, 6.2074860238051 ], [ -75.574003843777703, 6.20747831918396 ], [ -75.573662079815819, 6.207565992003839 ], [ -75.573331710811203, 6.207770541268459 ], [ -75.573046422516299, 6.207909687204719 ], [ -75.572841236670399, 6.207917085574257 ], [ -75.572572388525103, 6.207821393838612 ], [ -75.572325715118296, 6.207742201275749 ], [ -75.572095985083905, 6.207606454943243 ], [ -75.571917701075293, 6.207522198398582 ], [ -75.571717445436505, 6.207494508998918 ], [ -75.5714270027715, 6.207588854473771 ], [ -75.571263287695999, 6.207677972823852 ], [ -75.571307189096103, 6.207550223049478 ], [ -75.571384855280897, 6.207267473811607 ], [ -75.571445199770906, 6.206905859183677 ], [ -75.571460627771316, 6.206669074524889 ], [ -75.571428123660397, 6.206199581478901 ], [ -75.571425109246206, 6.205843015934231 ], [ -75.571365880514406, 6.205527527905151 ], [ -75.5713114551166, 6.205132138352579 ], [ -75.571286630844995, 6.20488962119351 ], [ -75.571289770782897, 6.204574931150429 ], [ -75.571354965965995, 6.204149977816388 ], [ -75.571455652662195, 6.203826246609039 ], [ -75.571676121275502, 6.203172881806808 ], [ -75.571685102684611, 6.203147526366672 ], [ -75.572339860326295, 6.201327744359219 ], [ -75.572676598229407, 6.200526943965809 ], [ -75.572955847703199, 6.200030266545241 ] ] ] } },
{ "type": "Feature", "properties": { "OBJECTID": 239, "BARRIO": "ASTORGA", "area_total_ha": 21.638354480214332, "Alta": 0.0, "Media": 0.0, "Baja": 0.0, "high_share": 0.0, "medhigh_share": 0.0, "screening_score": 0.0, "screening_rank": 87, "barrio_code": "1420", "comuna_code": "14", "comuna_name": "El Poblado", "population_2026": 619.0, "imcv_ampi_2023": 116.59, "population_match": "exact", "population_density_km2_2026": 2860.6611494695726, "hazard_weighted_population_proxy_2026": 0.0, "exposure_component": 0.0, "vulnerability_component": 0.034960819770946241, "priority_exposure": 0.0, "priority_balanced": 0.0087402049427365604, "priority_equity": 0.015732368896925808, "rank_exposure": 85.0, "rank_balanced": 213.0, "rank_equity": 213.0, "rank_hazard_only": 87 }, "geometry": { "type": "Polygon", "coordinates": [ [ [ -75.571263287695999, 6.207677972823852 ], [ -75.5714270027715, 6.207588854473771 ], [ -75.571717445436505, 6.207494508998918 ], [ -75.571917701075293, 6.207522198398582 ], [ -75.572095985083905, 6.207606454943243 ], [ -75.572325715118296, 6.207742201275749 ], [ -75.572572388525103, 6.207821393838612 ], [ -75.572841236670399, 6.207917085574257 ], [ -75.573046422516299, 6.207909687204719 ], [ -75.573331710811203, 6.207770541268459 ], [ -75.573662079815819, 6.207565992003839 ], [ -75.574003843777703, 6.20747831918396 ], [ -75.574381083375002, 6.2074860238051 ], [ -75.574571474783895, 6.20758291019086 ], [ -75.574755048260997, 6.207759703979248 ], [ -75.574933720228103, 6.207981326271789 ], [ -75.574998761320998, 6.20821593569943 ], [ -75.575144387924396, 6.208491234358161 ], [ -75.575284398503001, 6.208914634332057 ], [ -75.575365761904493, 6.20923005816824 ], [ -75.575461338142418, 6.209591231829046 ], [ -75.575526589464204, 6.209900856575249 ], [ -75.575591954850395, 6.21025042417627 ], [ -75.575644067806294, 6.210537677945222 ], [ -75.575640641967297, 6.21075007272009 ], [ -75.575625101450996, 6.21094593925137 ], [ -75.575583661080699, 6.211589055272592 ], [ -75.575483097082198, 6.212667825118889 ], [ -75.575454902501406, 6.212658163141412 ], [ -75.575161780400805, 6.21251675230303 ], [ -75.574869518371301, 6.212323703727661 ], [ -75.574559022959804, 6.212085891055051 ], [ -75.574157993598604, 6.211847360928707 ], [ -75.573841736078194, 6.211706014700479 ], [ -75.573343277450206, 6.211519393550563 ], [ -75.572461480497495, 6.211302676358388 ], [ -75.571446045446706, 6.210782371501239 ], [ -75.570320964203503, 6.2102604226744 ], [ -75.570866586513205, 6.20897678241868 ], [ -75.571200431673105, 6.207861306888669 ], [ -75.571263287695999, 6.207677972823852 ] ] ] } },
{ "type": "Feature", "properties": { "OBJECTID": 240, "BARRIO": "LA FLORIDA", "area_total_ha": 79.585800091341326, "Alta": 0.0, "Media": 0.0, "Baja": 0.0, "high_share": 0.0, "medhigh_share": 0.0, "screening_score": 0.0, "screening_rank": 87, "barrio_code": "1417", "comuna_code": "14", "comuna_name": "El Poblado", "population_2026": 9441.0, "imcv_ampi_2023": 116.59, "population_match": "exact", "population_density_km2_2026": 11862.668954969957, "hazard_weighted_population_proxy_2026": 0.0, "exposure_component": 0.0, "vulnerability_component": 0.034960819770946241, "priority_exposure": 0.0, "priority_balanced": 0.0087402049427365604, "priority_equity": 0.015732368896925808, "rank_exposure": 85.0, "rank_balanced": 213.0, "rank_equity": 213.0, "rank_hazard_only": 87 }, "geometry": { "type": "Polygon", "coordinates": [ [ [ -75.564151652952006, 6.200197231033441 ], [ -75.564972016712602, 6.200394653500219 ], [ -75.566857137007204, 6.201132718681881 ], [ -75.567246913137893, 6.201307962977081 ], [ -75.567596373678597, 6.2014550672656 ], [ -75.567883585170904, 6.20164326495776 ], [ -75.568217061463798, 6.20182938364883 ], [ -75.568665308545704, 6.202050252573802 ], [ -75.569078173261104, 6.202207893295462 ], [ -75.569541378204903, 6.202381956124532 ], [ -75.570360911751393, 6.202640749836261 ], [ -75.571676121275502, 6.203172881806808 ], [ -75.571455652662195, 6.203826246609039 ], [ -75.571354965965995, 6.204149977816388 ], [ -75.571289770782897, 6.204574931150429 ], [ -75.571286630844995, 6.20488962119351 ], [ -75.5713114551166, 6.205132138352579 ], [ -75.571365880514406, 6.205527527905151 ], [ -75.571425109246206, 6.205843015934231 ], [ -75.571428123660397, 6.206199581478901 ], [ -75.571460627771316, 6.206669074524889 ], [ -75.571445199770906, 6.206905859183677 ], [ -75.571384855280897, 6.207267473811607 ], [ -75.571307189096103, 6.207550223049478 ], [ -75.571263287695999, 6.207677972823852 ], [ -75.571040314055907, 6.207798431120851 ], [ -75.570268728089999, 6.20778111924662 ], [ -75.5698097156709, 6.207669399295451 ], [ -75.569410312814114, 6.207650064010019 ], [ -75.569084161340498, 6.207566220960389 ], [ -75.568784974095706, 6.207413132518498 ], [ -75.568406079481605, 6.207174534079127 ], [ -75.568136113815399, 6.207038899531981 ], [ -75.567906413846302, 6.206913865962651 ], [ -75.567661872531801, 6.206876557851051 ], [ -75.567420568407201, 6.206918153934511 ], [ -75.566366160018305, 6.20720267219836 ], [ -75.565481385197401, 6.207357138397251 ], [ -75.565150575898102, 6.207405803827348 ], [ -75.564875983830902, 6.207414368371482 ], [ -75.564686695659503, 6.207351572111659 ], [ -75.564469198471301, 6.207273269003764 ], [ -75.564200577500102, 6.207258434276341 ], [ -75.563949085269101, 6.207254266958912 ], [ -75.563749249764101, 6.207376608652629 ], [ -75.563253824045603, 6.207552386622008 ], [ -75.562842491320097, 6.207583739730549 ], [ -75.562459339309797, 6.207620859737882 ], [ -75.561957446666, 6.207642724917731 ], [ -75.561442537363703, 6.207686058073048 ], [ -75.560991992238897, 6.207724339791057 ], [ -75.560391551954496, 6.207758170041889 ], [ -75.559744896448606, 6.207812588142971 ], [ -75.559732075844394, 6.20754372994251 ], [ -75.559730381471496, 6.20729725035735 ], [ -75.5597005198576, 6.207049874612947 ], [ -75.559687987080494, 6.206884287374749 ], [ -75.559708387513894, 6.206625080548542 ], [ -75.559753110098796, 6.206430106088041 ], [ -75.559848171262203, 6.206250578645791 ], [ -75.560035748333405, 6.206061049878542 ], [ -75.560262502691003, 6.205851926842301 ], [ -75.560462259491601, 6.205701334616011 ], [ -75.560676975343497, 6.205503936265831 ], [ -75.560819477674514, 6.20538273034144 ], [ -75.560938728419401, 6.20522067232555 ], [ -75.560895808640495, 6.204980152503881 ], [ -75.560798778578004, 6.204814802619852 ], [ -75.560710799503298, 6.204648451448711 ], [ -75.560634843062005, 6.20446453150114 ], [ -75.560629319347399, 6.204287233127219 ], [ -75.560769661111607, 6.204113424768328 ], [ -75.560980451891197, 6.203952084701702 ], [ -75.561201140371494, 6.203732261302163 ], [ -75.561303306992301, 6.20357609761363 ], [ -75.561359252223298, 6.20343759767297 ], [ -75.561466094233694, 6.20315476550459 ], [ -75.561521769353106, 6.202919816955299 ], [ -75.561512936799303, 6.202638283327291 ], [ -75.561583916966015, 6.202120760374372 ], [ -75.561706520342312, 6.201718052909566 ], [ -75.561772280976498, 6.201492817151801 ], [ -75.561857028374007, 6.20122271324277 ], [ -75.561940944168597, 6.20101496528909 ], [ -75.562002730541096, 6.20080727742611 ], [ -75.562098976620007, 6.200692047478279 ], [ -75.562291705864098, 6.200547319158832 ], [ -75.562594269429894, 6.20047048119298 ], [ -75.562851776776597, 6.20046878722325 ], [ -75.563176581198206, 6.200431830365278 ], [ -75.563440120125406, 6.20042914586312 ], [ -75.5636623747925, 6.200410986838249 ], [ -75.563850379490503, 6.200375387234552 ], [ -75.564113516440003, 6.200228512971961 ], [ -75.564151652952006, 6.200197231033441 ] ] ] } },
{ "type": "Feature", "properties": { "OBJECTID": 241, "BARRIO": "ELTESORO", "area_total_ha": 117.0608225750013, "Alta": 0.0, "Media": 0.0, "Baja": 0.0, "high_share": 0.0, "medhigh_share": 0.0, "screening_score": 0.0, "screening_rank": 87, "barrio_code": "1409", "comuna_code": "14", "comuna_name": "El Poblado", "population_2026": 11032.0, "imcv_ampi_2023": 116.59, "population_match": "fuzzy_name_variant", "population_density_km2_2026": 9424.1606690673616, "hazard_weighted_population_proxy_2026": 0.0, "exposure_component": 0.0, "vulnerability_component": 0.034960819770946241, "priority_exposure": 0.0, "priority_balanced": 0.0087402049427365604, "priority_equity": 0.015732368896925808, "rank_exposure": 85.0, "rank_balanced": 213.0, "rank_equity": 213.0, "rank_hazard_only": 87 }, "geometry": { "type": "Polygon", "coordinates": [ [ [ -75.551440035627905, 6.198394256752672 ], [ -75.552004002477304, 6.19826896121684 ], [ -75.552145610076906, 6.198187705186342 ], [ -75.5523797280824, 6.198094501331802 ], [ -75.552556570510404, 6.198023864096469 ], [ -75.552836016174496, 6.197952942056207 ], [ -75.553000982206797, 6.197952484158581 ], [ -75.553276691451202, 6.197984842901252 ], [ -75.553494199979397, 6.198068997829999 ], [ -75.55375090630811, 6.19814135316372 ], [ -75.554032808586101, 6.198231175242452 ], [ -75.554255142525605, 6.198241272315199 ], [ -75.554576049479607, 6.19825012355724 ], [ -75.555090040442707, 6.198239925858071 ], [ -75.555289174799896, 6.198227681056488 ], [ -75.555479287116, 6.198226177037149 ], [ -75.555828598306803, 6.198320681480759 ], [ -75.556027906535505, 6.198370787754899 ], [ -75.556345448900103, 6.198616390074701 ], [ -75.556545074447797, 6.19878048169982 ], [ -75.556769196712693, 6.198710686305451 ], [ -75.557151767211394, 6.198104610324591 ], [ -75.557434245200099, 6.197678076414828 ], [ -75.557561383185003, 6.19781996309043 ], [ -75.55768852412902, 6.197962823408008 ], [ -75.557844053500702, 6.1981854924538 ], [ -75.557995558442698, 6.198408173604121 ], [ -75.558105857923096, 6.198643634232212 ], [ -75.558174895881805, 6.198872390414881 ], [ -75.558245755963895, 6.199032944284988 ], [ -75.558338890653204, 6.19924507061913 ], [ -75.558545654762199, 6.199444215627472 ], [ -75.5589989114373, 6.199659234172438 ], [ -75.559314263206105, 6.199839563998929 ], [ -75.559532974765403, 6.199993860701157 ], [ -75.5596976826359, 6.19990084557771 ], [ -75.559792617402309, 6.199675530247139 ], [ -75.5599163841772, 6.19932932604962 ], [ -75.560046460785898, 6.199081504230941 ], [ -75.560332214286802, 6.199108958930339 ], [ -75.560601201295299, 6.199256293765239 ], [ -75.560802682463503, 6.199363871711649 ], [ -75.561082541232196, 6.19944200466121 ], [ -75.561668543783796, 6.199644959689291 ], [ -75.562183827032499, 6.199738021444938 ], [ -75.562657919525194, 6.199849708359412 ], [ -75.563178138655999, 6.199909629890932 ], [ -75.563802200310505, 6.200053046632962 ], [ -75.564151652952006, 6.200197231033441 ], [ -75.564113516440003, 6.200228512971961 ], [ -75.563850379490503, 6.200375387234552 ], [ -75.5636623747925, 6.200410986838249 ], [ -75.563440120125406, 6.20042914586312 ], [ -75.563176581198206, 6.200431830365278 ], [ -75.562851776776597, 6.20046878722325 ], [ -75.562594269429894, 6.20047048119298 ], [ -75.562291705864098, 6.200547319158832 ], [ -75.562098976620007, 6.200692047478279 ], [ -75.562002730541096, 6.20080727742611 ], [ -75.561940944168597, 6.20101496528909 ], [ -75.561857028374007, 6.20122271324277 ], [ -75.561772280976498, 6.201492817151801 ], [ -75.561706520342312, 6.201718052909566 ], [ -75.561583916966015, 6.202120760374372 ], [ -75.561512936799303, 6.202638283327291 ], [ -75.561521769353106, 6.202919816955299 ], [ -75.561466094233694, 6.20315476550459 ], [ -75.561359252223298, 6.20343759767297 ], [ -75.561303306992301, 6.20357609761363 ], [ -75.561201140371494, 6.203732261302163 ], [ -75.560980451891197, 6.203952084701702 ], [ -75.560769661111607, 6.204113424768328 ], [ -75.560629319347399, 6.204287233127219 ], [ -75.560634843062005, 6.20446453150114 ], [ -75.560710799503298, 6.204648451448711 ], [ -75.560798778578004, 6.204814802619852 ], [ -75.560895808640495, 6.204980152503881 ], [ -75.560938728419401, 6.20522067232555 ], [ -75.560819477674514, 6.20538273034144 ], [ -75.560676975343497, 6.205503936265831 ], [ -75.560462259491601, 6.205701334616011 ], [ -75.560262502691003, 6.205851926842301 ], [ -75.560035748333405, 6.206061049878542 ], [ -75.559848171262203, 6.206250578645791 ], [ -75.559753110098796, 6.206430106088041 ], [ -75.559708387513894, 6.206625080548542 ], [ -75.559687987080494, 6.206884287374749 ], [ -75.5597005198576, 6.207049874612947 ], [ -75.559730381471496, 6.20729725035735 ], [ -75.559732075844394, 6.20754372994251 ], [ -75.559744896448606, 6.207812588142971 ], [ -75.558596976599205, 6.207753443293409 ], [ -75.557283252971999, 6.20775711072032 ], [ -75.556704748363202, 6.207721701525492 ], [ -75.556178648344698, 6.207720246805742 ], [ -75.555928131653502, 6.207705356516142 ], [ -75.555468992068398, 6.207547834352182 ], [ -75.555459603162603, 6.207788500696889 ], [ -75.554835689392405, 6.207701582503862 ], [ -75.5545037428938, 6.207704454496199 ], [ -75.554276455022304, 6.207722624487661 ], [ -75.553932404186, 6.207713839239899 ], [ -75.553623336230203, 6.20762409428916 ], [ -75.553302037368297, 6.207476902745392 ], [ -75.552991696096299, 6.207290710210038 ], [ -75.552454112464304, 6.207139247665089 ], [ -75.552047504462493, 6.207061463423241 ], [ -75.551739810457605, 6.207104212214931 ], [ -75.551423974106896, 6.207112883781319 ], [ -75.551178468702304, 6.207091158988281 ], [ -75.550961050502806, 6.207041101413042 ], [ -75.550662603398095, 6.20679057242541 ], [ -75.550625768603794, 6.206566597344747 ], [ -75.550670493051513, 6.206371623197332 ], [ -75.550720133577002, 6.206134741830129 ], [ -75.550763869823697, 6.205945614786071 ], [ -75.550677874863794, 6.205768540258079 ], [ -75.550543626576797, 6.205602315232411 ], [ -75.5503197931139, 6.205414906686941 ], [ -75.550072822730101, 6.205227560683031 ], [ -75.549797606992698, 6.205011066669241 ], [ -75.549515319549997, 6.204783874771311 ], [ -75.5492280493349, 6.20457325898587 ], [ -75.549089969856794, 6.204476215782763 ], [ -75.548610330675103, 6.204179425609418 ], [ -75.548938977789305, 6.20407524378786 ], [ -75.549463820040899, 6.203986104771568 ], [ -75.549679990496102, 6.203949457758789 ], [ -75.549810584148219, 6.203885768091179 ], [ -75.549993210890406, 6.20372353612678 ], [ -75.550105266455603, 6.203504017507318 ], [ -75.549999571911201, 6.203114610927481 ], [ -75.549867161204702, 6.202885053916528 ], [ -75.549773871890693, 6.20261641828866 ], [ -75.549744240394404, 6.202449904692448 ], [ -75.549828307261294, 6.202294763987518 ], [ -75.549906351989904, 6.202144512766559 ], [ -75.550317126380193, 6.201911501594351 ], [ -75.550716259300799, 6.201834402142102 ], [ -75.551011512127005, 6.201659192453249 ], [ -75.551256639761107, 6.200819679051481 ], [ -75.551215577993503, 6.200521672747983 ], [ -75.551126102516704, 6.2001770345644 ], [ -75.551095992058094, 6.199838080099589 ], [ -75.551076181010103, 6.19958580307016 ], [ -75.551178400233994, 6.19944717527887 ], [ -75.551667709744606, 6.199242198108699 ], [ -75.551764914132306, 6.19910943044359 ], [ -75.551808631156405, 6.198913484099692 ], [ -75.551727667195607, 6.198736395089303 ], [ -75.551480811499005, 6.198588993206578 ], [ -75.551422105289618, 6.198457634009432 ], [ -75.551440035627905, 6.198394256752672 ] ] ] } },
{ "type": "Feature", "properties": { "OBJECTID": 242, "BARRIO": "ALEJANDRIA", "area_total_ha": 43.385529240396551, "Alta": 0.0, "Media": 0.0, "Baja": 0.0, "high_share": 0.0, "medhigh_share": 0.0, "screening_score": 0.0, "screening_rank": 87, "barrio_code": "1416", "comuna_code": "14", "comuna_name": "El Poblado", "population_2026": 5503.0, "imcv_ampi_2023": 116.59, "population_match": "exact", "population_density_km2_2026": 12683.952682721041, "hazard_weighted_population_proxy_2026": 0.0, "exposure_component": 0.0, "vulnerability_component": 0.034960819770946241, "priority_exposure": 0.0, "priority_balanced": 0.0087402049427365604, "priority_equity": 0.015732368896925808, "rank_exposure": 85.0, "rank_balanced": 213.0, "rank_equity": 213.0, "rank_hazard_only": 87 }, "geometry": { "type": "Polygon", "coordinates": [ [ [ -75.565784065775802, 6.195822189999639 ], [ -75.566041191188702, 6.196044571439983 ], [ -75.566363796940806, 6.196301841781248 ], [ -75.566599574228704, 6.196443421573461 ], [ -75.567029723867805, 6.196669215011547 ], [ -75.567354720503502, 6.19670240336536 ], [ -75.567784049317297, 6.196634950331201 ], [ -75.568217613946302, 6.196643475348091 ], [ -75.568613149661502, 6.196721279613748 ], [ -75.568898880919406, 6.196741911463811 ], [ -75.569128622306707, 6.196883506382179 ], [ -75.569387842892596, 6.19713510722805 ], [ -75.569751002624102, 6.197504299601851 ], [ -75.570204403297197, 6.197770942903169 ], [ -75.570370552842107, 6.197833800891811 ], [ -75.571105077232602, 6.19827014620019 ], [ -75.571621719840493, 6.198489846851562 ], [ -75.571867671365396, 6.198672312891956 ], [ -75.572335833786696, 6.199179550371141 ], [ -75.573153014078997, 6.199676061074719 ], [ -75.573065947358117, 6.1998351083403 ], [ -75.572955847703199, 6.200030266545241 ], [ -75.572676598229407, 6.200526943965809 ], [ -75.572339860326295, 6.201327744359219 ], [ -75.571685102684611, 6.203147526366672 ], [ -75.571676121275502, 6.203172881806808 ], [ -75.570360911751393, 6.202640749836261 ], [ -75.569541378204903, 6.202381956124532 ], [ -75.569078173261104, 6.202207893295462 ], [ -75.568665308545704, 6.202050252573802 ], [ -75.568217061463798, 6.20182938364883 ], [ -75.567883585170904, 6.20164326495776 ], [ -75.567596373678597, 6.2014550672656 ], [ -75.567246913137893, 6.201307962977081 ], [ -75.566857137007204, 6.201132718681881 ], [ -75.564972016712602, 6.200394653500219 ], [ -75.564151652952006, 6.200197231033441 ], [ -75.564322260613196, 6.20005548713488 ], [ -75.564481649920594, 6.199859218261479 ], [ -75.564650758708694, 6.199541139761741 ], [ -75.564761481332795, 6.19920763723971 ], [ -75.564846083126696, 6.198885898760579 ], [ -75.564945255696003, 6.198379012579379 ], [ -75.565060512180196, 6.197868185362603 ], [ -75.565195290998005, 6.197504413135162 ], [ -75.565273971920107, 6.197223611010649 ], [ -75.5653165946526, 6.196998439754429 ], [ -75.565389348985406, 6.196756622875482 ], [ -75.565489980885914, 6.196411458731809 ], [ -75.565692090836393, 6.196025090048647 ], [ -75.565784065775802, 6.195822189999639 ] ] ] } },
{ "type": "Feature", "properties": { "OBJECTID": 243, "BARRIO": "LOS NARANJOS", "area_total_ha": 101.32337149455975, "Alta": 0.0, "Media": 0.0, "Baja": 0.0, "high_share": 0.0, "medhigh_share": 0.0, "screening_score": 0.0, "screening_rank": 87, "barrio_code": "1410", "comuna_code": "14", "comuna_name": "El Poblado", "population_2026": 6734.0, "imcv_ampi_2023": 116.59, "population_match": "exact", "population_density_km2_2026": 6646.048094009152, "hazard_weighted_population_proxy_2026": 0.0, "exposure_component": 0.0, "vulnerability_component": 0.034960819770946241, "priority_exposure": 0.0, "priority_balanced": 0.0087402049427365604, "priority_equity": 0.015732368896925808, "rank_exposure": 85.0, "rank_balanced": 213.0, "rank_equity": 213.0, "rank_hazard_only": 87 }, "geometry": { "type": "Polygon", "coordinates": [ [ [ -75.553952581746501, 6.188526879326428 ], [ -75.554120046503499, 6.18870275354971 ], [ -75.554254704029702, 6.18901803816629 ], [ -75.554296869316303, 6.1893511151333 ], [ -75.554408436259806, 6.189683025129592 ], [ -75.554685269165105, 6.190122617588181 ], [ -75.5549051384168, 6.190333419192991 ], [ -75.555060599875603, 6.190533683567451 ], [ -75.555090295162302, 6.190722604362929 ], [ -75.555161505167604, 6.191009811569528 ], [ -75.555284076156099, 6.191319283330933 ], [ -75.555433485232697, 6.191512743387658 ], [ -75.555634899899403, 6.191597917127131 ], [ -75.555851368035604, 6.191670384290038 ], [ -75.556229848184003, 6.191765782076748 ], [ -75.556670674541721, 6.19185418763711 ], [ -75.558305278850199, 6.191865224331533 ], [ -75.558631114216794, 6.19183898629494 ], [ -75.558871533735399, 6.191843189073338 ], [ -75.559065810008406, 6.19189330851994 ], [ -75.559311513846794, 6.191989074369122 ], [ -75.559536080590405, 6.192080027439034 ], [ -75.559879385236201, 6.19218623690077 ], [ -75.560188396056404, 6.19225844403614 ], [ -75.560554753976106, 6.192335362779029 ], [ -75.561191042912498, 6.19253817820668 ], [ -75.56164296653462, 6.192638238882118 ], [ -75.561894624786007, 6.192704760349598 ], [ -75.562301445975805, 6.192863400458492 ], [ -75.5625957674022, 6.193078860410993 ], [ -75.562792488289205, 6.193283878669908 ], [ -75.563056924806304, 6.19360366616643 ], [ -75.563241578080707, 6.19380969085771 ], [ -75.563529197163106, 6.194145975814331 ], [ -75.563937554099297, 6.194493614005182 ], [ -75.564311564870607, 6.1947887389665 ], [ -75.564794277478512, 6.195106942368809 ], [ -75.565247805132699, 6.19542035364744 ], [ -75.565621722724401, 6.195681377848778 ], [ -75.565784065775802, 6.195822189999639 ], [ -75.565692090836393, 6.196025090048647 ], [ -75.565489980885914, 6.196411458731809 ], [ -75.565389348985406, 6.196756622875482 ], [ -75.5653165946526, 6.196998439754429 ], [ -75.565273971920107, 6.197223611010649 ], [ -75.565195290998005, 6.197504413135162 ], [ -75.565060512180196, 6.197868185362603 ], [ -75.564945255696003, 6.198379012579379 ], [ -75.564846083126696, 6.198885898760579 ], [ -75.564761481332795, 6.19920763723971 ], [ -75.564650758708694, 6.199541139761741 ], [ -75.564481649920594, 6.199859218261479 ], [ -75.564322260613196, 6.20005548713488 ], [ -75.564151652952006, 6.200197231033441 ], [ -75.563802200310505, 6.200053046632962 ], [ -75.563178138655999, 6.199909629890932 ], [ -75.562657919525194, 6.199849708359412 ], [ -75.562183827032499, 6.199738021444938 ], [ -75.561668543783796, 6.199644959689291 ], [ -75.561082541232196, 6.19944200466121 ], [ -75.560802682463503, 6.199363871711649 ], [ -75.560601201295299, 6.199256293765239 ], [ -75.560332214286802, 6.199108958930339 ], [ -75.560046460785898, 6.199081504230941 ], [ -75.5599163841772, 6.19932932604962 ], [ -75.559792617402309, 6.199675530247139 ], [ -75.5596976826359, 6.19990084557771 ], [ -75.559532974765403, 6.199993860701157 ], [ -75.559314263206105, 6.199839563998929 ], [ -75.5589989114373, 6.199659234172438 ], [ -75.558545654762199, 6.199444215627472 ], [ -75.558338890653204, 6.19924507061913 ], [ -75.558245755963895, 6.199032944284988 ], [ -75.558174895881805, 6.198872390414881 ], [ -75.558105857923096, 6.198643634232212 ], [ -75.557995558442698, 6.198408173604121 ], [ -75.557844053500702, 6.1981854924538 ], [ -75.55768852412902, 6.197962823408008 ], [ -75.557561383185003, 6.19781996309043 ], [ -75.557434245200099, 6.197678076414828 ], [ -75.557151767211394, 6.198104610324591 ], [ -75.556769196712693, 6.198710686305451 ], [ -75.556545074447797, 6.19878048169982 ], [ -75.556345448900103, 6.198616390074701 ], [ -75.556027906535505, 6.198370787754899 ], [ -75.555828598306803, 6.198320681480759 ], [ -75.555479287116, 6.198226177037149 ], [ -75.555289174799896, 6.198227681056488 ], [ -75.555090040442707, 6.198239925858071 ], [ -75.554576049479607, 6.19825012355724 ], [ -75.554255142525605, 6.198241272315199 ], [ -75.554032808586101, 6.198231175242452 ], [ -75.55375090630811, 6.19814135316372 ], [ -75.553494199979397, 6.198068997829999 ], [ -75.553276691451202, 6.197984842901252 ], [ -75.553000982206797, 6.197952484158581 ], [ -75.552836016174496, 6.197952942056207 ], [ -75.552556570510404, 6.198023864096469 ], [ -75.5523797280824, 6.198094501331802 ], [ -75.552145610076906, 6.198187705186342 ], [ -75.552004002477304, 6.19826896121684 ], [ -75.551440035627905, 6.198394256752672 ], [ -75.551483882001193, 6.198245073643309 ], [ -75.551699669970304, 6.1980710582459 ], [ -75.552050695254593, 6.1976949967862 ], [ -75.5520585191272, 6.19725169079363 ], [ -75.552039586510006, 6.196953622285721 ], [ -75.551929277278902, 6.19671328788157 ], [ -75.551894569947521, 6.196530224943401 ], [ -75.552098190844006, 6.1963221438419 ], [ -75.5523933624861, 6.196118681043831 ], [ -75.552717655956997, 6.195897599745373 ], [ -75.552837054554303, 6.195788151503119 ], [ -75.552983131434601, 6.19550521210648 ], [ -75.552934950411895, 6.195178971835458 ], [ -75.552927395749805, 6.19499388595507 ], [ -75.553186565458603, 6.194504091879768 ], [ -75.553074631733196, 6.194040658294969 ], [ -75.553142330629299, 6.193787165339281 ], [ -75.5533801022125, 6.193561452585422 ], [ -75.553679920349197, 6.193220605417938 ], [ -75.553820759258812, 6.192862665452488 ], [ -75.553862980873404, 6.192490384200982 ], [ -75.553867033833299, 6.192138668012849 ], [ -75.553848260593497, 6.191898080107001 ], [ -75.553823722650407, 6.191754933361018 ], [ -75.553833303859705, 6.19158246406111 ], [ -75.553919410518901, 6.191438034856411 ], [ -75.554081804588506, 6.191235914491902 ], [ -75.554143659423502, 6.191051609163472 ], [ -75.554064103740203, 6.190293862068909 ], [ -75.554037861268299, 6.189898388618929 ], [ -75.554088186504103, 6.18954654455549 ], [ -75.5539818088521, 6.18927307498709 ], [ -75.553838641613595, 6.189153639003262 ], [ -75.553694402496305, 6.189009850691649 ], [ -75.553869683019215, 6.18873949657789 ], [ -75.553953761356595, 6.188589227770709 ], [ -75.553952581746501, 6.188526879326428 ] ] ] } },
{ "type": "Feature", "properties": { "OBJECTID": 244, "BARRIO": "LA AGUACATALA", "area_total_ha": 61.46726457234017, "Alta": 0.0, "Media": 0.0, "Baja": 0.0, "high_share": 0.0, "medhigh_share": 0.0, "screening_score": 0.0, "screening_rank": 87, "barrio_code": "1422", "comuna_code": "14", "comuna_name": "El Poblado", "population_2026": 2249.0, "imcv_ampi_2023": 116.59, "population_match": "exact", "population_density_km2_2026": 3658.8581184594209, "hazard_weighted_population_proxy_2026": 0.0, "exposure_component": 0.0, "vulnerability_component": 0.034960819770946241, "priority_exposure": 0.0, "priority_balanced": 0.0087402049427365604, "priority_equity": 0.015732368896925808, "rank_exposure": 85.0, "rank_balanced": 213.0, "rank_equity": 213.0, "rank_hazard_only": 87 }, "geometry": { "type": "Polygon", "coordinates": [ [ [ -75.576349261752398, 6.19342898008162 ], [ -75.577106692687593, 6.193785364584009 ], [ -75.577811415981003, 6.19399965659288 ], [ -75.578212121926796, 6.194128099120269 ], [ -75.578488259504596, 6.19431437322991 ], [ -75.578741251273797, 6.194496816126951 ], [ -75.579039571811094, 6.194701539085409 ], [ -75.579228982764803, 6.194809143529221 ], [ -75.579446378500194, 6.194853343826421 ], [ -75.579663404192502, 6.19476602416813 ], [ -75.579999186545393, 6.194700774490468 ], [ -75.580245606468097, 6.194693257871112 ], [ -75.580570533292104, 6.194702081674522 ], [ -75.580846187396006, 6.194716888887828 ], [ -75.581395299504393, 6.195036834507272 ], [ -75.581139785125004, 6.19574193326109 ], [ -75.580375215408594, 6.198201129647265 ], [ -75.580168833322901, 6.198851530348597 ], [ -75.579979647287203, 6.199535981971049 ], [ -75.579790780838593, 6.20069001789822 ], [ -75.579265691449194, 6.203890906553181 ], [ -75.578019915341912, 6.20336931627063 ], [ -75.577509158270004, 6.203098947596901 ], [ -75.576831063218194, 6.20270142323871 ], [ -75.576486500362904, 6.20250852330046 ], [ -75.576026877875805, 6.202178579257721 ], [ -75.5748590739326, 6.201124823006508 ], [ -75.574543541426095, 6.200881177193101 ], [ -75.574140475746802, 6.200630959035839 ], [ -75.573767592455795, 6.200381630679829 ], [ -75.573560104159895, 6.200284790712109 ], [ -75.573286083801705, 6.200137478683297 ], [ -75.573147986451801, 6.200034596429841 ], [ -75.572955847703199, 6.200030266545241 ], [ -75.573065947358117, 6.1998351083403 ], [ -75.573153014078997, 6.199676061074719 ], [ -75.573973625207401, 6.198174389267338 ], [ -75.574522914208501, 6.196768957737527 ], [ -75.574584615961996, 6.1965330182562 ], [ -75.574632949916705, 6.196193845404702 ], [ -75.574666551945597, 6.195981366159939 ], [ -75.574703901631196, 6.195670476851212 ], [ -75.574787861403394, 6.195480262892591 ], [ -75.5751182884282, 6.19529909722625 ], [ -75.575327917748297, 6.195085147786591 ], [ -75.575543697753105, 6.194912099172231 ], [ -75.575691186960199, 6.19477821209227 ], [ -75.575883649498394, 6.194540927482258 ], [ -75.576036901847402, 6.194310574337782 ], [ -75.576211081808296, 6.194010992103482 ], [ -75.576344704477904, 6.193596561118587 ], [ -75.576349261752398, 6.19342898008162 ] ] ] } },
{ "type": "Feature", "properties": { "OBJECTID": 245, "BARRIO": "LOS BALSOS No.2", "area_total_ha": 48.90567238715186, "Alta": 0.0, "Media": 0.0, "Baja": 0.0, "high_share": 0.0, "medhigh_share": 0.0, "screening_score": 0.0, "screening_rank": 87, "barrio_code": "1415", "comuna_code": "14", "comuna_name": "El Poblado", "population_2026": 6946.0, "imcv_ampi_2023": 116.59, "population_match": "exact", "population_density_km2_2026": 14202.851450468559, "hazard_weighted_population_proxy_2026": 0.0, "exposure_component": 0.0, "vulnerability_component": 0.034960819770946241, "priority_exposure": 0.0, "priority_balanced": 0.0087402049427365604, "priority_equity": 0.015732368896925808, "rank_exposure": 85.0, "rank_balanced": 213.0, "rank_equity": 213.0, "rank_hazard_only": 87 }, "geometry": { "type": "Polygon", "coordinates": [ [ [ -75.567191344109403, 6.191519873943451 ], [ -75.567603345696497, 6.19173207923246 ], [ -75.567872039705406, 6.191776140739911 ], [ -75.5684502845547, 6.19172580797294 ], [ -75.568786100710497, 6.191672256287498 ], [ -75.569003236091206, 6.19162390844546 ], [ -75.569254623572206, 6.191593976341972 ], [ -75.569459997583394, 6.191655753042538 ], [ -75.5695810395422, 6.191775244207693 ], [ -75.569715574722395, 6.19204375908469 ], [ -75.5698480817302, 6.192306433327889 ], [ -75.570010749351795, 6.192563176886569 ], [ -75.570149199513594, 6.192792709793872 ], [ -75.570396104036703, 6.192957637470308 ], [ -75.570574236935101, 6.192990261163649 ], [ -75.570825833209994, 6.19303436936733 ], [ -75.571088684179799, 6.193146643684413 ], [ -75.572013622899107, 6.19369254260663 ], [ -75.572473392985799, 6.194078998208431 ], [ -75.5727776667309, 6.19425545586447 ], [ -75.573145418435999, 6.19446972866531 ], [ -75.573513061817195, 6.194645031782041 ], [ -75.57390888448252, 6.19482610046262 ], [ -75.574281718612994, 6.195058868579251 ], [ -75.574787861403394, 6.195480262892591 ], [ -75.574703901631196, 6.195670476851212 ], [ -75.574666551945597, 6.195981366159939 ], [ -75.574632949916705, 6.196193845404702 ], [ -75.574584615961996, 6.1965330182562 ], [ -75.574522914208501, 6.196768957737527 ], [ -75.573973625207401, 6.198174389267338 ], [ -75.573153014078997, 6.199676061074719 ], [ -75.572335833786696, 6.199179550371141 ], [ -75.571867671365396, 6.198672312891956 ], [ -75.571621719840493, 6.198489846851562 ], [ -75.571105077232602, 6.19827014620019 ], [ -75.570370552842107, 6.197833800891811 ], [ -75.570204403297197, 6.197770942903169 ], [ -75.569751002624102, 6.197504299601851 ], [ -75.569387842892596, 6.19713510722805 ], [ -75.569128622306707, 6.196883506382179 ], [ -75.568898880919406, 6.196741911463811 ], [ -75.568613149661502, 6.196721279613748 ], [ -75.568217613946302, 6.196643475348091 ], [ -75.567784049317297, 6.196634950331201 ], [ -75.567354720503502, 6.19670240336536 ], [ -75.567029723867805, 6.196669215011547 ], [ -75.566599574228704, 6.196443421573461 ], [ -75.566363796940806, 6.196301841781248 ], [ -75.566041191188702, 6.196044571439983 ], [ -75.565784065775802, 6.195822189999639 ], [ -75.565860687991503, 6.19552483045243 ], [ -75.565871283826098, 6.195357229764358 ], [ -75.565935062079305, 6.194783220076059 ], [ -75.565953779286602, 6.1942824052435 ], [ -75.566070216923194, 6.193834900933259 ], [ -75.566251104432496, 6.193413519424572 ], [ -75.566577750218499, 6.192957630890609 ], [ -75.566981279020993, 6.191938413902811 ], [ -75.567191344109403, 6.191519873943451 ] ] ] } },
{ "type": "Feature", "properties": { "OBJECTID": 246, "BARRIO": "LOS BALSOS No.1", "area_total_ha": 129.68283831770492, "Alta": 0.0, "Media": 0.0, "Baja": 0.0, "high_share": 0.0, "medhigh_share": 0.0, "screening_score": 0.0, "screening_rank": 87, "barrio_code": "1411", "comuna_code": "14", "comuna_name": "El Poblado", "population_2026": 11036.0, "imcv_ampi_2023": 116.59, "population_match": "exact", "population_density_km2_2026": 8509.9926429458101, "hazard_weighted_population_proxy_2026": 0.0, "exposure_component": 0.0, "vulnerability_component": 0.034960819770946241, "priority_exposure": 0.0, "priority_balanced": 0.0087402049427365604, "priority_equity": 0.015732368896925808, "rank_exposure": 85.0, "rank_balanced": 213.0, "rank_equity": 213.0, "rank_hazard_only": 87 }, "geometry": { "type": "Polygon", "coordinates": [ [ [ -75.557499995388397, 6.181518009006467 ], [ -75.557870075610694, 6.181851147587992 ], [ -75.558121939465806, 6.181993661719751 ], [ -75.558432075717107, 6.182111658717102 ], [ -75.558700765674402, 6.182155726305061 ], [ -75.559096289421916, 6.182233540034709 ], [ -75.559382112700703, 6.182289251716361 ], [ -75.559686038182406, 6.18234393749841 ], [ -75.559972212744697, 6.18252629952902 ], [ -75.560203091965505, 6.182718558415968 ], [ -75.560353909324405, 6.18305717708526 ], [ -75.560626910602593, 6.18356594878503 ], [ -75.560811939741896, 6.18390934297058 ], [ -75.561019848115507, 6.184160120254931 ], [ -75.561192247525497, 6.18430187907033 ], [ -75.561438206178906, 6.18449019732822 ], [ -75.561650871583694, 6.184643535640302 ], [ -75.561979164886694, 6.18477901580175 ], [ -75.562254371820202, 6.184995504977123 ], [ -75.562524661202602, 6.18525195250236 ], [ -75.562808234014, 6.185582405523438 ], [ -75.563255667847997, 6.185878302415579 ], [ -75.563698008175606, 6.186150830763149 ], [ -75.563955922987205, 6.186298195321972 ], [ -75.5641403314999, 6.18641751275592 ], [ -75.564489777421102, 6.18656267344828 ], [ -75.564840329875295, 6.186744852066771 ], [ -75.565286534921299, 6.186959887391447 ], [ -75.565590705846105, 6.18710127621583 ], [ -75.5659412247593, 6.187270789416529 ], [ -75.566341939554505, 6.1874050891409 ], [ -75.566674146787804, 6.1875006088363 ], [ -75.567420873786304, 6.18763101572645 ], [ -75.567396994551999, 6.18772460997902 ], [ -75.567385501730797, 6.187931183032118 ], [ -75.567394577635298, 6.188299422273571 ], [ -75.567442782967504, 6.188631504582391 ], [ -75.567531384613403, 6.189020955809731 ], [ -75.567625895591505, 6.189365573328049 ], [ -75.567674054799497, 6.189681093655859 ], [ -75.567705468235701, 6.19012331321233 ], [ -75.567604810055002, 6.190457762492161 ], [ -75.5675491204221, 6.19068686524948 ], [ -75.567433422772694, 6.19103889154158 ], [ -75.567191344109403, 6.191519873943451 ], [ -75.566981279020993, 6.191938413902811 ], [ -75.566577750218499, 6.192957630890609 ], [ -75.566251104432496, 6.193413519424572 ], [ -75.566070216923194, 6.193834900933259 ], [ -75.565953779286602, 6.1942824052435 ], [ -75.565935062079305, 6.194783220076059 ], [ -75.565871283826098, 6.195357229764358 ], [ -75.565860687991503, 6.19552483045243 ], [ -75.565784065775802, 6.195822189999639 ], [ -75.565621722724401, 6.195681377848778 ], [ -75.565247805132699, 6.19542035364744 ], [ -75.564794277478512, 6.195106942368809 ], [ -75.564311564870607, 6.1947887389665 ], [ -75.563937554099297, 6.194493614005182 ], [ -75.563529197163106, 6.194145975814331 ], [ -75.563241578080707, 6.19380969085771 ], [ -75.563056924806304, 6.19360366616643 ], [ -75.562792488289205, 6.193283878669908 ], [ -75.5625957674022, 6.193078860410993 ], [ -75.562301445975805, 6.192863400458492 ], [ -75.561894624786007, 6.192704760349598 ], [ -75.56164296653462, 6.192638238882118 ], [ -75.561191042912498, 6.19253817820668 ], [ -75.560554753976106, 6.192335362779029 ], [ -75.560188396056404, 6.19225844403614 ], [ -75.559879385236201, 6.19218623690077 ], [ -75.559536080590405, 6.192080027439034 ], [ -75.559311513846794, 6.191989074369122 ], [ -75.559065810008406, 6.19189330851994 ], [ -75.558871533735399, 6.191843189073338 ], [ -75.558631114216794, 6.19183898629494 ], [ -75.558305278850199, 6.191865224331533 ], [ -75.556670674541721, 6.19185418763711 ], [ -75.556229848184003, 6.191765782076748 ], [ -75.555851368035604, 6.191670384290038 ], [ -75.555634899899403, 6.191597917127131 ], [ -75.555433485232697, 6.191512743387658 ], [ -75.555284076156099, 6.191319283330933 ], [ -75.555161505167604, 6.191009811569528 ], [ -75.555090295162302, 6.190722604362929 ], [ -75.555060599875603, 6.190533683567451 ], [ -75.5549051384168, 6.190333419192991 ], [ -75.554685269165105, 6.190122617588181 ], [ -75.554408436259806, 6.189683025129592 ], [ -75.554296869316303, 6.1893511151333 ], [ -75.554254704029702, 6.18901803816629 ], [ -75.554120046503499, 6.18870275354971 ], [ -75.553952581746501, 6.188526879326428 ], [ -75.553947024134104, 6.188335941606399 ], [ -75.553894148181001, 6.188130521945951 ], [ -75.553835043361005, 6.187854971193912 ], [ -75.5540215132052, 6.187629403195609 ], [ -75.554260496836903, 6.18747870511798 ], [ -75.554630130361005, 6.187286725881512 ], [ -75.554696694554593, 6.186987445131969 ], [ -75.554781619098605, 6.186779694051871 ], [ -75.554955779600505, 6.1864684240296 ], [ -75.555365452675005, 6.186206187637449 ], [ -75.555604625962999, 6.186124660324329 ], [ -75.556083016451595, 6.185977193757748 ], [ -75.556374189755601, 6.185785430963699 ], [ -75.556365188727796, 6.185441545392109 ], [ -75.556430538521496, 6.18506725209522 ], [ -75.556428354952004, 6.184642484491678 ], [ -75.556437791717201, 6.184418381204392 ], [ -75.556366807827899, 6.18421203661689 ], [ -75.555701985250707, 6.183871921817169 ], [ -75.555351678282193, 6.183777418173747 ], [ -75.555180189040897, 6.183600579558441 ], [ -75.555178340841394, 6.183296618668882 ], [ -75.555122876788403, 6.182882715776 ], [ -75.555006378954602, 6.182585892969 ], [ -75.555079261553402, 6.182388892000912 ], [ -75.555330137652902, 6.182174833893368 ], [ -75.555959168552505, 6.181578794721729 ], [ -75.556850096651004, 6.18147987087857 ], [ -75.557499995388397, 6.181518009006467 ] ] ] } },
{ "type": "Feature", "properties": { "OBJECTID": 247, "BARRIO": "SANLUCAS", "area_total_ha": 123.89861487346883, "Alta": 0.0, "Media": 0.0, "Baja": 0.0, "high_share": 0.0, "medhigh_share": 0.0, "screening_score": 0.0, "screening_rank": 87, "barrio_code": "1412", "comuna_code": "14", "comuna_name": "El Poblado", "population_2026": 9473.0, "imcv_ampi_2023": 116.59, "population_match": "fuzzy_name_variant", "population_density_km2_2026": 7645.7674766374739, "hazard_weighted_population_proxy_2026": 0.0, "exposure_component": 0.0, "vulnerability_component": 0.034960819770946241, "priority_exposure": 0.0, "priority_balanced": 0.0087402049427365604, "priority_equity": 0.015732368896925808, "rank_exposure": 85.0, "rank_balanced": 213.0, "rank_equity": 213.0, "rank_hazard_only": 87 }, "geometry": { "type": "Polygon", "coordinates": [ [ [ -75.568998569762101, 6.17917112108486 ], [ -75.5691359856323, 6.179752360862881 ], [ -75.569218086114404, 6.17997620748904 ], [ -75.569322215075601, 6.180163944770388 ], [ -75.569461728950102, 6.180415883054092 ], [ -75.569691832336403, 6.18068997529114 ], [ -75.570009830544706, 6.181101190448639 ], [ -75.570211737864199, 6.181363670911188 ], [ -75.570373346041293, 6.181602882403311 ], [ -75.570483726831199, 6.18186756680902 ], [ -75.570513538168996, 6.18209643144498 ], [ -75.5704930711712, 6.182331281356309 ], [ -75.570433783353394, 6.182711403213911 ], [ -75.570341292678606, 6.183447216929653 ], [ -75.569982648933305, 6.185045984345729 ], [ -75.569887820224494, 6.185306373386769 ], [ -75.569803133110199, 6.185596935303101 ], [ -75.569781220317296, 6.185673962408729 ], [ -75.569748748923402, 6.185932228691903 ], [ -75.569750448502901, 6.186179681116519 ], [ -75.569769244887695, 6.186426113197401 ], [ -75.569725501204502, 6.186610367306921 ], [ -75.569601258964198, 6.186784132345079 ], [ -75.569401237915514, 6.186837302333291 ], [ -75.568303717543003, 6.18679848635898 ], [ -75.568030352914505, 6.186882062030532 ], [ -75.567802181895104, 6.186940182033259 ], [ -75.567654787251996, 6.187108165171535 ], [ -75.567552687293812, 6.187286737538371 ], [ -75.567456703332795, 6.18749452139232 ], [ -75.567420873786304, 6.18763101572645 ], [ -75.566674146787804, 6.1875006088363 ], [ -75.566341939554505, 6.1874050891409 ], [ -75.5659412247593, 6.187270789416529 ], [ -75.565590705846105, 6.18710127621583 ], [ -75.565286534921299, 6.186959887391447 ], [ -75.564840329875295, 6.186744852066771 ], [ -75.564489777421102, 6.18656267344828 ], [ -75.5641403314999, 6.18641751275592 ], [ -75.563955922987205, 6.186298195321972 ], [ -75.563698008175606, 6.186150830763149 ], [ -75.563255667847997, 6.185878302415579 ], [ -75.562808234014, 6.185582405523438 ], [ -75.562524661202602, 6.18525195250236 ], [ -75.562254371820202, 6.184995504977123 ], [ -75.561979164886694, 6.18477901580175 ], [ -75.561650871583694, 6.184643535640302 ], [ -75.561438206178906, 6.18449019732822 ], [ -75.561192247525497, 6.18430187907033 ], [ -75.561019848115507, 6.184160120254931 ], [ -75.560811939741896, 6.18390934297058 ], [ -75.560626910602593, 6.18356594878503 ], [ -75.560353909324405, 6.18305717708526 ], [ -75.560203091965505, 6.182718558415968 ], [ -75.559972212744697, 6.18252629952902 ], [ -75.559686038182406, 6.18234393749841 ], [ -75.559382112700703, 6.182289251716361 ], [ -75.559096289421916, 6.182233540034709 ], [ -75.558700765674402, 6.182155726305061 ], [ -75.558432075717107, 6.182111658717102 ], [ -75.558121939465806, 6.181993661719751 ], [ -75.557870075610694, 6.181851147587992 ], [ -75.557499995388397, 6.181518009006467 ], [ -75.557547282314701, 6.181521774678451 ], [ -75.5577120007747, 6.18143363445502 ], [ -75.557820025278403, 6.181214127633969 ], [ -75.557932126149794, 6.181013120770329 ], [ -75.55760589878652, 6.180171299598331 ], [ -75.557540791295807, 6.179907459493359 ], [ -75.557549880762494, 6.17955767911197 ], [ -75.5575529793703, 6.179224475316329 ], [ -75.557640141236007, 6.178736134634321 ], [ -75.557862127560696, 6.17862445381798 ], [ -75.558015018648106, 6.178261607687919 ], [ -75.558034195951194, 6.17792251503846 ], [ -75.558159147388494, 6.177640610106859 ], [ -75.5585322853902, 6.177264485695152 ], [ -75.558719595430318, 6.176981433425868 ], [ -75.558671428210502, 6.176660064566011 ], [ -75.558730695367402, 6.176269225516573 ], [ -75.558947414675799, 6.176071825346031 ], [ -75.559444491188898, 6.176137666036421 ], [ -75.560011195150693, 6.176283201629108 ], [ -75.560664351675797, 6.176409984852691 ], [ -75.561384662386502, 6.176450847168041 ], [ -75.561904852985606, 6.1765088275788 ], [ -75.562258847526707, 6.176484460748501 ], [ -75.562966415250102, 6.176283742624229 ], [ -75.563326425252995, 6.176252536501223 ], [ -75.563828337331714, 6.176248213335351 ], [ -75.564206755029005, 6.176325099199151 ], [ -75.564744096206994, 6.17640153970213 ], [ -75.565134811580606, 6.176560225818911 ], [ -75.565608882683307, 6.176671914829338 ], [ -75.565942550204298, 6.17693305449462 ], [ -75.567347472015399, 6.17755946706267 ], [ -75.567614265728395, 6.178005899317368 ], [ -75.5678052690714, 6.178326866809238 ], [ -75.5680083071844, 6.178634160326282 ], [ -75.568204147092104, 6.178885941917882 ], [ -75.568427909349595, 6.179050937426827 ], [ -75.5686685461189, 6.179135022626747 ], [ -75.568998569762101, 6.17917112108486 ] ] ] } },
{ "type": "Feature", "properties": { "OBJECTID": 248, "BARRIO": "EL CASTILLO", "area_total_ha": 72.28490360848717, "Alta": 0.0, "Media": 0.0, "Baja": 0.0, "high_share": 0.0, "medhigh_share": 0.0, "screening_score": 0.0, "screening_rank": 87, "barrio_code": "1414", "comuna_code": "14", "comuna_name": "El Poblado", "population_2026": 2150.0, "imcv_ampi_2023": 116.59, "population_match": "exact", "population_density_km2_2026": 2974.3416573465038, "hazard_weighted_population_proxy_2026": 0.0, "exposure_component": 0.0, "vulnerability_component": 0.034960819770946241, "priority_exposure": 0.0, "priority_balanced": 0.0087402049427365604, "priority_equity": 0.015732368896925808, "rank_exposure": 85.0, "rank_balanced": 213.0, "rank_equity": 213.0, "rank_hazard_only": 87 }, "geometry": { "type": "Polygon", "coordinates": [ [ [ -75.576904771518102, 6.189591823842519 ], [ -75.576886884617096, 6.189669813155992 ], [ -75.576736213212399, 6.190101826986302 ], [ -75.576680759598901, 6.190412766742561 ], [ -75.576553155730309, 6.190821334099081 ], [ -75.5763796698362, 6.191367398246902 ], [ -75.576286253361602, 6.19177099797604 ], [ -75.5762186928131, 6.19206930692175 ], [ -75.576192309924394, 6.19234509116708 ], [ -75.576188949699301, 6.19258086799612 ], [ -75.576218784506693, 6.192816549495 ], [ -75.576249687498503, 6.193074637192071 ], [ -75.576274297769004, 6.193241162442771 ], [ -75.576349261752398, 6.19342898008162 ], [ -75.576344704477904, 6.193596561118587 ], [ -75.576211081808296, 6.194010992103482 ], [ -75.576036901847402, 6.194310574337782 ], [ -75.575883649498394, 6.194540927482258 ], [ -75.575691186960199, 6.19477821209227 ], [ -75.575543697753105, 6.194912099172231 ], [ -75.575327917748297, 6.195085147786591 ], [ -75.5751182884282, 6.19529909722625 ], [ -75.574787861403394, 6.195480262892591 ], [ -75.574281718612994, 6.195058868579251 ], [ -75.57390888448252, 6.19482610046262 ], [ -75.573513061817195, 6.194645031782041 ], [ -75.573145418435999, 6.19446972866531 ], [ -75.5727776667309, 6.19425545586447 ], [ -75.572473392985799, 6.194078998208431 ], [ -75.572013622899107, 6.19369254260663 ], [ -75.571088684179799, 6.193146643684413 ], [ -75.570825833209994, 6.19303436936733 ], [ -75.570574236935101, 6.192990261163649 ], [ -75.570396104036703, 6.192957637470308 ], [ -75.570149199513594, 6.192792709793872 ], [ -75.570010749351795, 6.192563176886569 ], [ -75.5698480817302, 6.192306433327889 ], [ -75.569715574722395, 6.19204375908469 ], [ -75.5695810395422, 6.191775244207693 ], [ -75.569459997583394, 6.191655753042538 ], [ -75.569254623572206, 6.191593976341972 ], [ -75.569003236091206, 6.19162390844546 ], [ -75.568786100710497, 6.191672256287498 ], [ -75.5684502845547, 6.19172580797294 ], [ -75.567872039705406, 6.191776140739911 ], [ -75.567603345696497, 6.19173207923246 ], [ -75.567191344109403, 6.191519873943451 ], [ -75.567433422772694, 6.19103889154158 ], [ -75.5675491204221, 6.19068686524948 ], [ -75.567604810055002, 6.190457762492161 ], [ -75.567705468235701, 6.19012331321233 ], [ -75.567674054799497, 6.189681093655859 ], [ -75.567625895591505, 6.189365573328049 ], [ -75.567531384613403, 6.189020955809731 ], [ -75.567442782967504, 6.188631504582391 ], [ -75.567394577635298, 6.188299422273571 ], [ -75.567385501730797, 6.187931183032118 ], [ -75.567396994551999, 6.18772460997902 ], [ -75.567420873786304, 6.18763101572645 ], [ -75.567456703332795, 6.18749452139232 ], [ -75.567552687293812, 6.187286737538371 ], [ -75.567654787251996, 6.187108165171535 ], [ -75.567802181895104, 6.186940182033259 ], [ -75.568030352914505, 6.186882062030532 ], [ -75.568303717543003, 6.18679848635898 ], [ -75.569401237915514, 6.186837302333291 ], [ -75.569601258964198, 6.186784132345079 ], [ -75.569725501204502, 6.186610367306921 ], [ -75.569769244887695, 6.186426113197401 ], [ -75.569750448502901, 6.186179681116519 ], [ -75.569748748923402, 6.185932228691903 ], [ -75.569781220317296, 6.185673962408729 ], [ -75.569803133110199, 6.185596935303101 ], [ -75.570197370263799, 6.185573421955491 ], [ -75.570609882467593, 6.185610260083543 ], [ -75.571037336575401, 6.185595422704912 ], [ -75.571478159484201, 6.185684788931479 ], [ -75.571811419064204, 6.185796865103449 ], [ -75.572309925802898, 6.186010773178278 ], [ -75.572986987874799, 6.186408310513449 ], [ -75.573503845872906, 6.186708873548119 ], [ -75.573808062757806, 6.186866819491182 ], [ -75.574135626308603, 6.18709971655731 ], [ -75.574325455132694, 6.187357357508242 ], [ -75.574424735751506, 6.187608432845159 ], [ -75.574558348402405, 6.187906174168911 ], [ -75.574743180191618, 6.188175519828873 ], [ -75.574922902083799, 6.188415651953781 ], [ -75.575112550331909, 6.188608992624491 ], [ -75.575349651011607, 6.188865524506238 ], [ -75.575682117383295, 6.18905261756075 ], [ -75.5759581758699, 6.189211614928852 ], [ -75.576421323272299, 6.189369112010972 ], [ -75.576904771518102, 6.189591823842519 ] ] ] } },
{ "type": "Feature", "properties": { "OBJECTID": 249, "BARRIO": "SANTA MARIA DE LOS ANGELES", "area_total_ha": 55.71242297088142, "Alta": 0.0, "Media": 0.0, "Baja": 0.0, "high_share": 0.0, "medhigh_share": 0.0, "screening_score": 0.0, "screening_rank": 87, "barrio_code": "1423", "comuna_code": "14", "comuna_name": "El Poblado", "population_2026": 7521.0, "imcv_ampi_2023": 116.59, "population_match": "exact", "population_density_km2_2026": 13499.682115658326, "hazard_weighted_population_proxy_2026": 0.0, "exposure_component": 0.0, "vulnerability_component": 0.034960819770946241, "priority_exposure": 0.0, "priority_balanced": 0.0087402049427365604, "priority_equity": 0.015732368896925808, "rank_exposure": 85.0, "rank_balanced": 213.0, "rank_equity": 213.0, "rank_hazard_only": 87 }, "geometry": { "type": "Polygon", "coordinates": [ [ [ -75.576904771518102, 6.189591823842519 ], [ -75.577037021868705, 6.189047823626242 ], [ -75.577440526490705, 6.18802860445889 ], [ -75.578018013615306, 6.186640630751642 ], [ -75.578588718468311, 6.18498768146867 ], [ -75.579036281912295, 6.183899167387107 ], [ -75.579382859383699, 6.184097909069183 ], [ -75.579560291953797, 6.184239648104382 ], [ -75.579661131592601, 6.18468653883116 ], [ -75.579688805057501, 6.18522618976898 ], [ -75.579765358425703, 6.18562151641437 ], [ -75.579852788168296, 6.185949587724339 ], [ -75.579970031326994, 6.186148976745821 ], [ -75.580183073701704, 6.186433826749488 ], [ -75.580378875845099, 6.186669039413708 ], [ -75.580541319063101, 6.186845892833728 ], [ -75.580903584490798, 6.187255997818951 ], [ -75.5811846554722, 6.18740913377429 ], [ -75.581494942811204, 6.187578748917107 ], [ -75.581873728377701, 6.187783242652097 ], [ -75.582218249334105, 6.187964450880549 ], [ -75.582608079945999, 6.188162092299899 ], [ -75.582791678673104, 6.188349601916229 ], [ -75.582879675926307, 6.188521792566561 ], [ -75.582955665537398, 6.188716424914518 ], [ -75.583038276506002, 6.189117577889171 ], [ -75.583013571922507, 6.18963009753972 ], [ -75.582819294458503, 6.19029118189777 ], [ -75.582310818062794, 6.191891347339501 ], [ -75.582019218480895, 6.193352557279171 ], [ -75.581649809007715, 6.194331739884851 ], [ -75.581395299504393, 6.195036834507272 ], [ -75.580846187396006, 6.194716888887828 ], [ -75.580570533292104, 6.194702081674522 ], [ -75.580245606468097, 6.194693257871112 ], [ -75.579999186545393, 6.194700774490468 ], [ -75.579663404192502, 6.19476602416813 ], [ -75.579446378500194, 6.194853343826421 ], [ -75.579228982764803, 6.194809143529221 ], [ -75.579039571811094, 6.194701539085409 ], [ -75.578741251273797, 6.194496816126951 ], [ -75.578488259504596, 6.19431437322991 ], [ -75.578212121926796, 6.194128099120269 ], [ -75.577811415981003, 6.19399965659288 ], [ -75.577106692687593, 6.193785364584009 ], [ -75.576349261752398, 6.19342898008162 ], [ -75.576274297769004, 6.193241162442771 ], [ -75.576249687498503, 6.193074637192071 ], [ -75.576218784506693, 6.192816549495 ], [ -75.576188949699301, 6.19258086799612 ], [ -75.576192309924394, 6.19234509116708 ], [ -75.5762186928131, 6.19206930692175 ], [ -75.576286253361602, 6.19177099797604 ], [ -75.5763796698362, 6.191367398246902 ], [ -75.576553155730309, 6.190821334099081 ], [ -75.576680759598901, 6.190412766742561 ], [ -75.576736213212399, 6.190101826986302 ], [ -75.576886884617096, 6.189669813155992 ], [ -75.576904771518102, 6.189591823842519 ] ] ] } },
{ "type": "Feature", "properties": { "OBJECTID": 250, "BARRIO": "EL DIAMANTE No.2", "area_total_ha": 63.863407011687954, "Alta": 0.0, "Media": 0.0, "Baja": 0.0, "high_share": 0.0, "medhigh_share": 0.0, "screening_score": 0.0, "screening_rank": 87, "barrio_code": "1413", "comuna_code": "14", "comuna_name": "El Poblado", "population_2026": 7571.0, "imcv_ampi_2023": 116.59, "population_match": "exact", "population_density_km2_2026": 11854.989193755971, "hazard_weighted_population_proxy_2026": 0.0, "exposure_component": 0.0, "vulnerability_component": 0.034960819770946241, "priority_exposure": 0.0, "priority_balanced": 0.0087402049427365604, "priority_equity": 0.015732368896925808, "rank_exposure": 85.0, "rank_balanced": 213.0, "rank_equity": 213.0, "rank_hazard_only": 87 }, "geometry": { "type": "Polygon", "coordinates": [ [ [ -75.579036281912295, 6.183899167387107 ], [ -75.578588718468311, 6.18498768146867 ], [ -75.578018013615306, 6.186640630751642 ], [ -75.577440526490705, 6.18802860445889 ], [ -75.577037021868705, 6.189047823626242 ], [ -75.576904771518102, 6.189591823842519 ], [ -75.576421323272299, 6.189369112010972 ], [ -75.5759581758699, 6.189211614928852 ], [ -75.575682117383295, 6.18905261756075 ], [ -75.575349651011607, 6.188865524506238 ], [ -75.575112550331909, 6.188608992624491 ], [ -75.574922902083799, 6.188415651953781 ], [ -75.574743180191618, 6.188175519828873 ], [ -75.574558348402405, 6.187906174168911 ], [ -75.574424735751506, 6.187608432845159 ], [ -75.574325455132694, 6.187357357508242 ], [ -75.574135626308603, 6.18709971655731 ], [ -75.573808062757806, 6.186866819491182 ], [ -75.573503845872906, 6.186708873548119 ], [ -75.572986987874799, 6.186408310513449 ], [ -75.572309925802898, 6.186010773178278 ], [ -75.571811419064204, 6.185796865103449 ], [ -75.571478159484201, 6.185684788931479 ], [ -75.571037336575401, 6.185595422704912 ], [ -75.570609882467593, 6.185610260083543 ], [ -75.570197370263799, 6.185573421955491 ], [ -75.569803133110199, 6.185596935303101 ], [ -75.569887820224494, 6.185306373386769 ], [ -75.569982648933305, 6.185045984345729 ], [ -75.570341292678606, 6.183447216929653 ], [ -75.570433783353394, 6.182711403213911 ], [ -75.5704930711712, 6.182331281356309 ], [ -75.570513538168996, 6.18209643144498 ], [ -75.570483726831199, 6.18186756680902 ], [ -75.570373346041293, 6.181602882403311 ], [ -75.570211737864199, 6.181363670911188 ], [ -75.570009830544706, 6.181101190448639 ], [ -75.569691832336403, 6.18068997529114 ], [ -75.569461728950102, 6.180415883054092 ], [ -75.569322215075601, 6.180163944770388 ], [ -75.569218086114404, 6.17997620748904 ], [ -75.5691359856323, 6.179752360862881 ], [ -75.568998569762101, 6.17917112108486 ], [ -75.569017685829806, 6.179173015835282 ], [ -75.569355935930901, 6.179273390455972 ], [ -75.569784746905796, 6.17938520196535 ], [ -75.570288880821195, 6.179455882227181 ], [ -75.570899265476996, 6.179393769316261 ], [ -75.571425643891402, 6.17950530601302 ], [ -75.5718101332277, 6.17959483280021 ], [ -75.572192606831806, 6.179682415277679 ], [ -75.5725099471166, 6.179858836804812 ], [ -75.572802171310599, 6.18004604615779 ], [ -75.573187110281197, 6.180295345565267 ], [ -75.573605097038907, 6.180492917891929 ], [ -75.573972780464103, 6.180686732963499 ], [ -75.5743162549131, 6.180856259152099 ], [ -75.574678760644105, 6.180996506088109 ], [ -75.574941703939501, 6.18114385246649 ], [ -75.575120415864802, 6.181383986791509 ], [ -75.575357709495506, 6.181709691751158 ], [ -75.575692971992893, 6.182178333026807 ], [ -75.575848275969093, 6.18232110891874 ], [ -75.576111871352197, 6.18234180120972 ], [ -75.576391592044899, 6.182374137506228 ], [ -75.576660329418104, 6.182434758855069 ], [ -75.576981663345293, 6.182599474420842 ], [ -75.577223725992596, 6.1828326106185 ], [ -75.5774426579748, 6.18306678650507 ], [ -75.577798367999094, 6.18329375702641 ], [ -75.578332096778695, 6.183514378418328 ], [ -75.578727989635695, 6.183722725798609 ], [ -75.579036281912295, 6.183899167387107 ] ] ] } },
{ "type": "Feature", "properties": { "OBJECTID": 251, "BARRIO": "LAS BRISAS", "area_total_ha": 38.781203589800903, "Alta": 0.66335246942802817, "Media": 0.54139732437336752, "Baja": 32.599556683884323, "high_share": 0.017104999536488953, "medhigh_share": 0.031065301803016598, "screening_score": 0.021013884171116694, "screening_rank": 72, "barrio_code": "0502", "comuna_code": "05", "comuna_name": "Castilla", "population_2026": 8597.0, "imcv_ampi_2023": 98.62, "population_match": "exact", "population_density_km2_2026": 22167.955618223594, "hazard_weighted_population_proxy_2026": 207.0600403078646, "exposure_component": 0.54858193582477555, "vulnerability_component": 0.5765521398432788, "priority_exposure": 0.54858193582477555, "priority_balanced": 0.55557448682940136, "priority_equity": 0.56116852763310199, "rank_exposure": 69.0, "rank_balanced": 71.0, "rank_equity": 70.0, "rank_hazard_only": 72 }, "geometry": { "type": "Polygon", "coordinates": [ [ [ -75.562634107113396, 6.303207502688441 ], [ -75.562894363648297, 6.303447400983847 ], [ -75.5630104544434, 6.303584438207552 ], [ -75.563103795544293, 6.303858909977518 ], [ -75.563105458029995, 6.3040898007787 ], [ -75.563079059442302, 6.30435974181459 ], [ -75.563029652571501, 6.304675536849049 ], [ -75.562962946060097, 6.304923184235679 ], [ -75.563009846711196, 6.30514128192193 ], [ -75.563143269965494, 6.30535815816097 ], [ -75.563345041912697, 6.305552432811202 ], [ -75.563564093833605, 6.30580803725887 ], [ -75.563845693103502, 6.306122889751321 ], [ -75.564154065793403, 6.306653948485708 ], [ -75.5642240274763, 6.306843726358291 ], [ -75.564260105055496, 6.307147587571862 ], [ -75.564274180223109, 6.30749730147391 ], [ -75.564272223372299, 6.30857774163657 ], [ -75.564272467241295, 6.308663475470131 ], [ -75.564113178003893, 6.310318193381109 ], [ -75.564076558034699, 6.3119452836984 ], [ -75.564010152970297, 6.31194449893597 ], [ -75.563730522622905, 6.311969650981119 ], [ -75.563480201017001, 6.312040510420578 ], [ -75.562789404182197, 6.312183742592852 ], [ -75.562395014372001, 6.312186814486652 ], [ -75.562074067055605, 6.31218870167323 ], [ -75.561719890508797, 6.312180941968371 ], [ -75.561371876833405, 6.312217003841299 ], [ -75.561138689489297, 6.312299504063009 ], [ -75.560743423651004, 6.31234836600122 ], [ -75.5603268018167, 6.312317399967697 ], [ -75.559966519686895, 6.312285299263649 ], [ -75.559519890792799, 6.312316769640499 ], [ -75.558937606252101, 6.312408053777219 ], [ -75.558651579128394, 6.31230657184315 ], [ -75.558462076406101, 6.312182405004308 ], [ -75.558829700251806, 6.311610453491671 ], [ -75.559337820345206, 6.310911451932559 ], [ -75.5595410166856, 6.310542609607931 ], [ -75.559749095954999, 6.310122118568149 ], [ -75.559991429620496, 6.30971809352223 ], [ -75.560155432746498, 6.309365925735693 ], [ -75.560273208527505, 6.309032399067711 ], [ -75.560361903074806, 6.30873305373414 ], [ -75.560479447693098, 6.308318666044621 ], [ -75.560589525316502, 6.307754264374061 ], [ -75.560637782387602, 6.307386838098658 ], [ -75.560704317105404, 6.306369537533103 ], [ -75.560741499132703, 6.305289969008559 ], [ -75.560817614106895, 6.304812372142047 ], [ -75.560868305907107, 6.30459399747891 ], [ -75.560935029598099, 6.304352194863789 ], [ -75.561006898535894, 6.304151298026699 ], [ -75.561165223834706, 6.303925797029681 ], [ -75.561186284963597, 6.303902356094901 ], [ -75.5613697956816, 6.303688474546099 ], [ -75.561603853468796, 6.303560182732748 ], [ -75.561821021527294, 6.303506957643037 ], [ -75.562132418739495, 6.303332657548569 ], [ -75.562406849960198, 6.303250040647501 ], [ -75.562634107113396, 6.303207502688441 ] ] ] } },
{ "type": "Feature", "properties": { "OBJECTID": 252, "BARRIO": "TENCHE", "area_total_ha": 21.785791506540622, "Alta": 0.0, "Media": 0.0, "Baja": 0.0, "high_share": 0.0, "medhigh_share": 0.0, "screening_score": 0.0, "screening_rank": 87, "barrio_code": "1502", "comuna_code": "15", "comuna_name": "Guayabal", "population_2026": 29.0, "imcv_ampi_2023": 98.33, "population_match": "exact", "population_density_km2_2026": 133.11428226646481, "hazard_weighted_population_proxy_2026": 0.0, "exposure_component": 0.0, "vulnerability_component": 0.58529234478601555, "priority_exposure": 0.0, "priority_balanced": 0.14632308619650389, "priority_equity": 0.26338155515370698, "rank_exposure": 85.0, "rank_balanced": 108.0, "rank_equity": 107.0, "rank_hazard_only": 87 }, "geometry": { "type": "Polygon", "coordinates": [ [ [ -75.582755488509605, 6.233055551413809 ], [ -75.582772997137894, 6.233198716297178 ], [ -75.580979242858305, 6.233153164756019 ], [ -75.578510210406108, 6.232655530582629 ], [ -75.578288759065799, 6.23260647315 ], [ -75.578002905656405, 6.232549804690988 ], [ -75.577637430391306, 6.23243977964843 ], [ -75.577611925908599, 6.23231417610643 ], [ -75.577620043065295, 6.231983885109469 ], [ -75.577777325174196, 6.231753516918712 ], [ -75.577700920173911, 6.231415673610781 ], [ -75.577618623136701, 6.231128505897999 ], [ -75.577577992320798, 6.230990280259948 ], [ -75.577939866856198, 6.230540128228402 ], [ -75.578166478646594, 6.23028131026944 ], [ -75.578512839332603, 6.230036767708809 ], [ -75.578940828863907, 6.229843625972742 ], [ -75.579304422466805, 6.229645795992488 ], [ -75.579679893978593, 6.229379736232891 ], [ -75.579969710943402, 6.229061310763129 ], [ -75.580230370188005, 6.22874881323775 ], [ -75.581477368399703, 6.228968367049391 ], [ -75.582727037823304, 6.22941977770159 ], [ -75.582707167291204, 6.230568460481241 ], [ -75.582788819157898, 6.231688602765451 ], [ -75.582681196248004, 6.231693780063809 ], [ -75.582755488509605, 6.233055551413809 ] ] ] } },
{ "type": "Feature", "properties": { "OBJECTID": 253, "BARRIO": "NARANJAL", "area_total_ha": 45.327413142438694, "Alta": 0.0, "Media": 0.0, "Baja": 0.0, "high_share": 0.0, "medhigh_share": 0.0, "screening_score": 0.0, "screening_rank": 87, "barrio_code": "1103", "comuna_code": "11", "comuna_name": "Laureles Estadio", "population_2026": 2000.0, "imcv_ampi_2023": 117.75, "population_match": "exact", "population_density_km2_2026": 4412.3409242771459, "hazard_weighted_population_proxy_2026": 0.0, "exposure_component": 0.0, "vulnerability_component": 0.0, "priority_exposure": 0.0, "priority_balanced": 0.0, "priority_equity": 0.0, "rank_exposure": 85.0, "rank_balanced": 234.0, "rank_equity": 234.0, "rank_hazard_only": 87 }, "geometry": { "type": "Polygon", "coordinates": [ [ [ -75.580309764272997, 6.24782515107745 ], [ -75.580959043615096, 6.247971382895372 ], [ -75.581164456902798, 6.2480389937575 ], [ -75.581354812511705, 6.24811736473255 ], [ -75.581595402309802, 6.248173182416719 ], [ -75.581806785705993, 6.24821739403218 ], [ -75.582167117750302, 6.248283588656019 ], [ -75.583488344699504, 6.24841133575745 ], [ -75.585554447242004, 6.248694774569121 ], [ -75.587555984708999, 6.248915063311289 ], [ -75.587655610701304, 6.24892646940753 ], [ -75.588924567288203, 6.24906896583857 ], [ -75.588814162127505, 6.24950866225346 ], [ -75.588496910897703, 6.25078581969218 ], [ -75.588025377228703, 6.252638217244137 ], [ -75.587949203826497, 6.25308755816299 ], [ -75.587882677057706, 6.253392683845512 ], [ -75.587855147323395, 6.253615862553459 ], [ -75.587345847467304, 6.253522822570221 ], [ -75.587133176905198, 6.253381194498662 ], [ -75.586926506335004, 6.253226884165281 ], [ -75.586616255126899, 6.253085534940412 ], [ -75.586376634794405, 6.253018024389911 ], [ -75.586117836767599, 6.25292816351522 ], [ -75.585855212202915, 6.252907482411471 ], [ -75.5855805674816, 6.252904372358788 ], [ -75.585260813413299, 6.252957896065989 ], [ -75.584907849346394, 6.2530066441145 ], [ -75.584484514927595, 6.253073130109052 ], [ -75.584131583566304, 6.25313356818635 ], [ -75.583810578161817, 6.253101362492279 ], [ -75.583501708800299, 6.253091529808792 ], [ -75.583175576677206, 6.253025240689438 ], [ -75.582820386946594, 6.252999952377149 ], [ -75.582483482021402, 6.253035986274003 ], [ -75.582197608156307, 6.252976402035152 ], [ -75.581927366629799, 6.252754073952371 ], [ -75.581656004954397, 6.252491804310391 ], [ -75.581219467686495, 6.252161809720719 ], [ -75.580863554173305, 6.251882246719001 ], [ -75.580172942588206, 6.251354232357953 ], [ -75.579196397342102, 6.250744220793569 ], [ -75.580262184911305, 6.248780040557651 ], [ -75.580380138216299, 6.248515685334158 ], [ -75.580419852779599, 6.248331440844538 ], [ -75.580376783254394, 6.248044164118761 ], [ -75.580331097174806, 6.247898158563531 ], [ -75.580309764272997, 6.24782515107745 ] ] ] } },
{ "type": "Feature", "properties": { "OBJECTID": 254, "BARRIO": "AEROPARQUE JUAN PABLO II", "area_total_ha": 138.08931291092676, "Alta": 0.0, "Media": 0.0, "Baja": 0.0, "high_share": 0.0, "medhigh_share": 0.0, "screening_score": 0.0, "screening_rank": 87, "barrio_code": null, "comuna_code": null, "comuna_name": null, "population_2026": null, "imcv_ampi_2023": null, "population_match": "unmatched_or_nonresidential", "population_density_km2_2026": null, "hazard_weighted_population_proxy_2026": null, "exposure_component": null, "vulnerability_component": null, "priority_exposure": null, "priority_balanced": null, "priority_equity": null, "rank_exposure": null, "rank_balanced": null, "rank_equity": null, "rank_hazard_only": 87 }, "geometry": { "type": "Polygon", "coordinates": [ [ [ -75.585582157617793, 6.217840628997799 ], [ -75.586313661116804, 6.214018564544692 ], [ -75.586525650196904, 6.212512764153659 ], [ -75.588632739109102, 6.21311078645348 ], [ -75.588737808247402, 6.212563940423969 ], [ -75.588984204798805, 6.211838406471752 ], [ -75.589342915243506, 6.210991747506421 ], [ -75.589514147932206, 6.211071146354642 ], [ -75.589697252409394, 6.211081340453542 ], [ -75.589954431546502, 6.210963698521886 ], [ -75.590696500969102, 6.209448593043131 ], [ -75.591127721645506, 6.208985575580962 ], [ -75.591405433339801, 6.208661335653619 ], [ -75.591580941541906, 6.208476704928798 ], [ -75.591757371669203, 6.208262843630361 ], [ -75.591852437425814, 6.20808915773739 ], [ -75.5919812305536, 6.207749755891591 ], [ -75.592415773712105, 6.20774656717351 ], [ -75.592621091036705, 6.207785923948122 ], [ -75.592931260721301, 6.207908765901839 ], [ -75.593173085106912, 6.208051287254841 ], [ -75.593420183269302, 6.208279524979031 ], [ -75.593725899051194, 6.208604044535889 ], [ -75.593932875598796, 6.208872341957711 ], [ -75.594159310375701, 6.209261386747598 ], [ -75.594275840701002, 6.209559169193101 ], [ -75.594269828529008, 6.210271351938081 ], [ -75.594072626809805, 6.21131239594571 ], [ -75.593635334585997, 6.213170537234061 ], [ -75.593341120600599, 6.215113026748581 ], [ -75.593001398883104, 6.216970886643378 ], [ -75.592848585077306, 6.217704922719658 ], [ -75.592609469570505, 6.218863971395939 ], [ -75.592422008892697, 6.219794900957779 ], [ -75.592250270295494, 6.220595238530908 ], [ -75.592108428596802, 6.221297093165237 ], [ -75.592050339730093, 6.222090284692868 ], [ -75.591986249552804, 6.222543486810991 ], [ -75.591893550150502, 6.223193567071879 ], [ -75.591616199198, 6.224349802445881 ], [ -75.591420310404402, 6.225499958424609 ], [ -75.591223694724206, 6.226747541367479 ], [ -75.591160461440396, 6.22750080585004 ], [ -75.591089218743704, 6.227915058893482 ], [ -75.591036343889101, 6.228420838871392 ], [ -75.591005304548702, 6.228823286015601 ], [ -75.590945917832897, 6.22916248870737 ], [ -75.590934041143598, 6.229230719805662 ], [ -75.590827411946705, 6.229582723232481 ], [ -75.5906987126492, 6.229956223812938 ], [ -75.590531079085594, 6.23043407892054 ], [ -75.590446267289494, 6.230676905696331 ], [ -75.590334309958493, 6.23092468195493 ], [ -75.590169975877998, 6.23114922602324 ], [ -75.590074742797796, 6.231265433093211 ], [ -75.589938115114919, 6.23132914867534 ], [ -75.589737093008196, 6.231388178514111 ], [ -75.5896978949865, 6.231399981336111 ], [ -75.587668995980295, 6.231437935094441 ], [ -75.587308940453994, 6.23146429432846 ], [ -75.586586815264297, 6.231517018372119 ], [ -75.586882744155702, 6.230168803463788 ], [ -75.587070654650702, 6.229392775004561 ], [ -75.587215866065193, 6.228811715483491 ], [ -75.587340827857105, 6.228184925013061 ], [ -75.587389452608207, 6.227598296860057 ], [ -75.587440769405305, 6.22689767389855 ], [ -75.587498232700696, 6.22623600374715 ], [ -75.587589965134313, 6.225597618166232 ], [ -75.587689050293093, 6.225068325092428 ], [ -75.587737908674598, 6.224563531296938 ], [ -75.587802988791296, 6.22410350743194 ], [ -75.5878853804996, 6.223717474277221 ], [ -75.587991058674504, 6.223383984012489 ], [ -75.588223432326004, 6.222326274791928 ], [ -75.588341190345503, 6.221290325919912 ], [ -75.588386111193401, 6.220463071813859 ], [ -75.588390669046902, 6.220297437840821 ], [ -75.588246038796811, 6.220023116795791 ], [ -75.587931140562603, 6.22000842819198 ], [ -75.587525886583293, 6.22005634767546 ], [ -75.586844737584798, 6.220009578007169 ], [ -75.586564965132993, 6.219966537178281 ], [ -75.586279383220599, 6.22000242271324 ], [ -75.586225304404806, 6.219733688041861 ], [ -75.586206296198199, 6.219417114850779 ], [ -75.586129923231795, 6.219090963703342 ], [ -75.5860073408668, 6.218787351540501 ], [ -75.585897092645098, 6.218575281991161 ], [ -75.585735656518196, 6.218404275945399 ], [ -75.585545989628699, 6.218209967993271 ], [ -75.585509798681201, 6.218217866069171 ], [ -75.585582157617793, 6.217840628997799 ] ] ] } },
{ "type": "Feature", "properties": { "OBJECTID": 255, "BARRIO": "LAS ACACIAS", "area_total_ha": 33.519348099473483, "Alta": 0.0, "Media": 0.0, "Baja": 0.0, "high_share": 0.0, "medhigh_share": 0.0, "screening_score": 0.0, "screening_rank": 87, "barrio_code": "1109", "comuna_code": "11", "comuna_name": "Laureles Estadio", "population_2026": 5861.0, "imcv_ampi_2023": 117.75, "population_match": "exact", "population_density_km2_2026": 17485.423590598002, "hazard_weighted_population_proxy_2026": 0.0, "exposure_component": 0.0, "vulnerability_component": 0.0, "priority_exposure": 0.0, "priority_balanced": 0.0, "priority_equity": 0.0, "rank_exposure": 85.0, "rank_balanced": 234.0, "rank_equity": 234.0, "rank_hazard_only": 87 }, "geometry": { "type": "Polygon", "coordinates": [ [ [ -75.600098151341598, 6.237598361198889 ], [ -75.601839013682806, 6.23744135760866 ], [ -75.603085311712505, 6.237412426547129 ], [ -75.603097008702903, 6.238328167432901 ], [ -75.603008668243007, 6.239437094117151 ], [ -75.602874000105501, 6.2412242188017 ], [ -75.602995705278701, 6.242959940712922 ], [ -75.602950397695494, 6.242946434004649 ], [ -75.602792598313201, 6.244038999450041 ], [ -75.602722772974602, 6.244940363325678 ], [ -75.601019761785096, 6.244626715644062 ], [ -75.599606651986903, 6.244375548709247 ], [ -75.599616490737603, 6.244298556563981 ], [ -75.599688738397504, 6.243188698865898 ], [ -75.5997166338841, 6.242396570379939 ], [ -75.598492214235705, 6.242342623562362 ], [ -75.598524861539502, 6.239706261646091 ], [ -75.598393090560506, 6.23866129132881 ], [ -75.600241878985003, 6.23860237793174 ], [ -75.6001395157231, 6.23798890893001 ], [ -75.600110278347302, 6.237617811095568 ], [ -75.600098151341598, 6.237598361198889 ] ] ] } },
{ "type": "Feature", "properties": { "OBJECTID": 256, "BARRIO": "FLORIDA NUEVA", "area_total_ha": 26.378815273233126, "Alta": 0.0, "Media": 0.0, "Baja": 0.0, "high_share": 0.0, "medhigh_share": 0.0, "screening_score": 0.0, "screening_rank": 87, "barrio_code": "1117", "comuna_code": "11", "comuna_name": "Laureles Estadio", "population_2026": 5765.0, "imcv_ampi_2023": 117.75, "population_match": "exact", "population_density_km2_2026": 21854.658521566769, "hazard_weighted_population_proxy_2026": 0.0, "exposure_component": 0.0, "vulnerability_component": 0.0, "priority_exposure": 0.0, "priority_balanced": 0.0, "priority_equity": 0.0, "rank_exposure": 85.0, "rank_balanced": 234.0, "rank_equity": 234.0, "rank_hazard_only": 87 }, "geometry": { "type": "Polygon", "coordinates": [ [ [ -75.588924567288203, 6.24906896583857 ], [ -75.589954020500898, 6.24918389365665 ], [ -75.592172749213304, 6.24936846825346 ], [ -75.592424341664298, 6.249401842911698 ], [ -75.594839652256496, 6.249731001839701 ], [ -75.594653490599697, 6.250061803746229 ], [ -75.594557661660303, 6.250321224176358 ], [ -75.594434655192899, 6.250574879791332 ], [ -75.594259384425698, 6.250845244975212 ], [ -75.594032663299799, 6.25106510060315 ], [ -75.593800024710205, 6.251325891112697 ], [ -75.593590505311198, 6.251580768714339 ], [ -75.593357795879001, 6.251817203825539 ], [ -75.593080115923698, 6.252158008415091 ], [ -75.592917017614894, 6.252463413273798 ], [ -75.592759115875296, 6.252827256219651 ], [ -75.592653341604517, 6.253126649867362 ], [ -75.592496460174701, 6.253495361705382 ], [ -75.592418920236, 6.25381805591132 ], [ -75.592323411310204, 6.254189512398238 ], [ -75.592238934319198, 6.2541985245739 ], [ -75.591939778992199, 6.254067864031219 ], [ -75.591676672917103, 6.253879619292602 ], [ -75.591297885319506, 6.253693655836772 ], [ -75.590969377820997, 6.253500728401942 ], [ -75.590515931508193, 6.25323996235784 ], [ -75.590160527339805, 6.253139663732812 ], [ -75.589760926239506, 6.253061898103002 ], [ -75.589319091376495, 6.25299107304624 ], [ -75.588913583959396, 6.252959113697858 ], [ -75.588531349378698, 6.252973850556518 ], [ -75.588137387965304, 6.25310942598711 ], [ -75.587949203826497, 6.25308755816299 ], [ -75.588025377228703, 6.252638217244137 ], [ -75.588496910897703, 6.25078581969218 ], [ -75.588814162127505, 6.24950866225346 ], [ -75.588924567288203, 6.24906896583857 ] ] ] } },
{ "type": "Feature", "properties": { "OBJECTID": 257, "BARRIO": "GRANADA", "area_total_ha": 18.5522011332957, "Alta": 0.0, "Media": 0.0, "Baja": 0.0, "high_share": 0.0, "medhigh_share": 0.0, "screening_score": 0.0, "screening_rank": 87, "barrio_code": "1604", "comuna_code": "16", "comuna_name": "Belén", "population_2026": 3688.0, "imcv_ampi_2023": 104.58, "population_match": "exact", "population_density_km2_2026": 19879.042780433927, "hazard_weighted_population_proxy_2026": 0.0, "exposure_component": 0.0, "vulnerability_component": 0.39692585895117538, "priority_exposure": 0.0, "priority_balanced": 0.099231464737793845, "priority_equity": 0.17861663652802892, "rank_exposure": 85.0, "rank_balanced": 179.0, "rank_equity": 178.0, "rank_hazard_only": 87 }, "geometry": { "type": "Polygon", "coordinates": [ [ [ -75.590945917832897, 6.22916248870737 ], [ -75.5916790905477, 6.22875413317128 ], [ -75.592300345526596, 6.228607192762978 ], [ -75.592847979057694, 6.228395188786317 ], [ -75.593285855884901, 6.228145502872739 ], [ -75.593691058345399, 6.228078093198042 ], [ -75.593971811902193, 6.228111385625827 ], [ -75.594276027991597, 6.228258596775591 ], [ -75.5946024909871, 6.22844568621908 ], [ -75.594883753081803, 6.228656287710792 ], [ -75.595126787234904, 6.228866024844372 ], [ -75.595378746437305, 6.229030920147191 ], [ -75.595671865126803, 6.229166470692959 ], [ -75.595814886454406, 6.229228410344929 ], [ -75.596115552850094, 6.229189551431868 ], [ -75.596100962397401, 6.230064453802079 ], [ -75.596081370456403, 6.231299836036299 ], [ -75.594202378719899, 6.231342254536033 ], [ -75.593677472835097, 6.231411958182552 ], [ -75.593094244112706, 6.231489620395051 ], [ -75.591881836933993, 6.231407364954599 ], [ -75.589737093008196, 6.231388178514111 ], [ -75.589938115114919, 6.23132914867534 ], [ -75.590074742797796, 6.231265433093211 ], [ -75.590169975877998, 6.23114922602324 ], [ -75.590334309958493, 6.23092468195493 ], [ -75.590446267289494, 6.230676905696331 ], [ -75.590531079085594, 6.23043407892054 ], [ -75.5906987126492, 6.229956223812938 ], [ -75.590827411946705, 6.229582723232481 ], [ -75.590934041143598, 6.229230719805662 ], [ -75.590945917832897, 6.22916248870737 ] ] ] } },
{ "type": "Feature", "properties": { "OBJECTID": 258, "BARRIO": "U.P.B", "area_total_ha": 21.700153632426222, "Alta": 0.0, "Media": 0.0, "Baja": 0.0, "high_share": 0.0, "medhigh_share": 0.0, "screening_score": 0.0, "screening_rank": 87, "barrio_code": null, "comuna_code": null, "comuna_name": null, "population_2026": null, "imcv_ampi_2023": null, "population_match": "unmatched_or_nonresidential", "population_density_km2_2026": null, "hazard_weighted_population_proxy_2026": null, "exposure_component": null, "vulnerability_component": null, "priority_exposure": null, "priority_balanced": null, "priority_equity": null, "rank_exposure": null, "rank_balanced": null, "rank_equity": null, "rank_hazard_only": 87 }, "geometry": { "type": "Polygon", "coordinates": [ [ [ -75.591985570226498, 6.241280924053727 ], [ -75.591996424654099, 6.241909271864472 ], [ -75.592026421923194, 6.24219658532127 ], [ -75.592000052304797, 6.242472368445359 ], [ -75.591916325403304, 6.24274247188999 ], [ -75.5918226381187, 6.24304767721785 ], [ -75.591703686194904, 6.24331203533409 ], [ -75.591551476369901, 6.243556029459643 ], [ -75.591444249956396, 6.243699549967269 ], [ -75.591239613407396, 6.243902778270051 ], [ -75.590967590432996, 6.244111071450428 ], [ -75.590687260567094, 6.244228784624129 ], [ -75.590328594031803, 6.244391535926828 ], [ -75.58981588484771, 6.244509915320959 ], [ -75.589230783079103, 6.24429044133696 ], [ -75.588996250832395, 6.244241429037964 ], [ -75.588789731070094, 6.244138751035511 ], [ -75.588594263627897, 6.244031171752068 ], [ -75.588319209889903, 6.243883875663662 ], [ -75.588134630676606, 6.24371391365707 ], [ -75.5880196343183, 6.243604155124201 ], [ -75.587795939479108, 6.243475221690089 ], [ -75.587498092076899, 6.243447822870119 ], [ -75.587217086854196, 6.243329770505031 ], [ -75.586855685843304, 6.243240200410118 ], [ -75.586547714589003, 6.243190421501779 ], [ -75.586163027681906, 6.243049284635781 ], [ -75.586600396495101, 6.242616447072471 ], [ -75.588551193513297, 6.240580555354741 ], [ -75.589939184353099, 6.23908794782444 ], [ -75.591985570226498, 6.241280924053727 ] ] ] } },
{ "type": "Feature", "properties": { "OBJECTID": 259, "BARRIO": "CAMPO AMOR", "area_total_ha": 48.795343533607557, "Alta": 0.0, "Media": 0.0, "Baja": 0.0, "high_share": 0.0, "medhigh_share": 0.0, "screening_score": 0.0, "screening_rank": 87, "barrio_code": "1507", "comuna_code": "15", "comuna_name": "Guayabal", "population_2026": 7431.0, "imcv_ampi_2023": 98.33, "population_match": "exact", "population_density_km2_2026": 15228.912149951224, "hazard_weighted_population_proxy_2026": 0.0, "exposure_component": 0.0, "vulnerability_component": 0.58529234478601555, "priority_exposure": 0.0, "priority_balanced": 0.14632308619650389, "priority_equity": 0.26338155515370698, "rank_exposure": 85.0, "rank_balanced": 108.0, "rank_equity": 107.0, "rank_hazard_only": 87 }, "geometry": { "type": "Polygon", "coordinates": [ [ [ -75.589342915243506, 6.210991747506421 ], [ -75.588984204798805, 6.211838406471752 ], [ -75.588737808247402, 6.212563940423969 ], [ -75.588632739109102, 6.21311078645348 ], [ -75.586525650196904, 6.212512764153659 ], [ -75.586313661116804, 6.214018564544692 ], [ -75.585582157617793, 6.217840628997799 ], [ -75.585509798681201, 6.218217866069171 ], [ -75.585340900339006, 6.218252445183081 ], [ -75.584355740283996, 6.21812762522928 ], [ -75.584225876602702, 6.218092921293949 ], [ -75.582219541526896, 6.217557926443789 ], [ -75.581264479217495, 6.217404760674581 ], [ -75.58060043327491, 6.217357934754438 ], [ -75.580667141947799, 6.217115158999138 ], [ -75.580738351010098, 6.216685318266731 ], [ -75.580821901165194, 6.21635091643329 ], [ -75.580899631100394, 6.216092523091431 ], [ -75.581045694547797, 6.21580957997507 ], [ -75.581203600978498, 6.215446714154128 ], [ -75.581552952315107, 6.214840719934841 ], [ -75.581794949557107, 6.214334402968649 ], [ -75.582246426659211, 6.213560549746661 ], [ -75.583742364860001, 6.211126549328061 ], [ -75.584470047845699, 6.209852125724151 ], [ -75.584706247107206, 6.20943058444521 ], [ -75.584904333927597, 6.209049094053 ], [ -75.584937307346507, 6.208971061707989 ], [ -75.585853100430697, 6.209116540559101 ], [ -75.586989364162903, 6.20967739097836 ], [ -75.588763643204601, 6.210685540584289 ], [ -75.589342915243506, 6.210991747506421 ] ] ] } },
{ "type": "Feature", "properties": { "OBJECTID": 260, "BARRIO": "CRISTO REY", "area_total_ha": 77.891836863552911, "Alta": 0.0, "Media": 0.0, "Baja": 0.0, "high_share": 0.0, "medhigh_share": 0.0, "screening_score": 0.0, "screening_rank": 87, "barrio_code": "1509", "comuna_code": "15", "comuna_name": "Guayabal", "population_2026": 14285.0, "imcv_ampi_2023": 98.33, "population_match": "exact", "population_density_km2_2026": 18339.534122200457, "hazard_weighted_population_proxy_2026": 0.0, "exposure_component": 0.0, "vulnerability_component": 0.58529234478601555, "priority_exposure": 0.0, "priority_balanced": 0.14632308619650389, "priority_equity": 0.26338155515370698, "rank_exposure": 85.0, "rank_balanced": 108.0, "rank_equity": 107.0, "rank_hazard_only": 87 }, "geometry": { "type": "Polygon", "coordinates": [ [ [ -75.579790780838593, 6.20069001789822 ], [ -75.5809813075346, 6.201240014863399 ], [ -75.583532379546199, 6.20234536347231 ], [ -75.584594091461597, 6.202872335346109 ], [ -75.58551759085141, 6.203256484845739 ], [ -75.586005104729097, 6.203487940252089 ], [ -75.586595022139704, 6.203649935848268 ], [ -75.587097979581017, 6.203652401658672 ], [ -75.587276376933403, 6.203776596074732 ], [ -75.587472284719198, 6.204044928802781 ], [ -75.587616600136499, 6.20421111143809 ], [ -75.587778031304595, 6.20438211852717 ], [ -75.588046908567804, 6.204488519812548 ], [ -75.588484081060301, 6.204703555190352 ], [ -75.588599438716599, 6.204943863321329 ], [ -75.588715656529899, 6.205133506279831 ], [ -75.588767461492594, 6.205310670779388 ], [ -75.588855721998996, 6.205573462853507 ], [ -75.588967268604506, 6.205888797090091 ], [ -75.589102881352204, 6.206531406968309 ], [ -75.589168318950001, 6.20690337843209 ], [ -75.589239142175003, 6.207047363124278 ], [ -75.589365579766707, 6.207293484839917 ], [ -75.589550195712107, 6.207480985129631 ], [ -75.589722695336505, 6.207652933035389 ], [ -75.589906999297995, 6.207731320699379 ], [ -75.590129430785595, 6.20777550113052 ], [ -75.590415120258598, 6.207779556969102 ], [ -75.590764158032997, 6.207775639354902 ], [ -75.5911765606307, 6.207768616536532 ], [ -75.591592993805094, 6.207764504660339 ], [ -75.5919812305536, 6.207749755891591 ], [ -75.591852437425814, 6.20808915773739 ], [ -75.591757371669203, 6.208262843630361 ], [ -75.591580941541906, 6.208476704928798 ], [ -75.591405433339801, 6.208661335653619 ], [ -75.591127721645506, 6.208985575580962 ], [ -75.590696500969102, 6.209448593043131 ], [ -75.589954431546502, 6.210963698521886 ], [ -75.589697252409394, 6.211081340453542 ], [ -75.589514147932206, 6.211071146354642 ], [ -75.589342915243506, 6.210991747506421 ], [ -75.588763643204601, 6.210685540584289 ], [ -75.586989364162903, 6.20967739097836 ], [ -75.585853100430697, 6.209116540559101 ], [ -75.584937307346507, 6.208971061707989 ], [ -75.585056203427399, 6.208686246672708 ], [ -75.585198821452593, 6.2082542535099 ], [ -75.584141971662703, 6.208027337285722 ], [ -75.582235807429598, 6.207684946436237 ], [ -75.580565124012395, 6.207376954499989 ], [ -75.579403952812598, 6.20725359279233 ], [ -75.578775969946193, 6.207149178553118 ], [ -75.579171749998807, 6.204464026825891 ], [ -75.579265691449194, 6.203890906553181 ], [ -75.579790780838593, 6.20069001789822 ] ] ] } },
{ "type": "Feature", "properties": { "OBJECTID": 261, "BARRIO": "CERRO NUTIBARA", "area_total_ha": 54.174738715025654, "Alta": 0.0, "Media": 0.0, "Baja": 0.0, "high_share": 0.0, "medhigh_share": 0.0, "screening_score": 0.0, "screening_rank": 87, "barrio_code": "1621", "comuna_code": "16", "comuna_name": "Belén", "population_2026": 2325.0, "imcv_ampi_2023": 104.58, "population_match": "exact", "population_density_km2_2026": 4291.6681374877571, "hazard_weighted_population_proxy_2026": 0.0, "exposure_component": 0.0, "vulnerability_component": 0.39692585895117538, "priority_exposure": 0.0, "priority_balanced": 0.099231464737793845, "priority_equity": 0.17861663652802892, "rank_exposure": 85.0, "rank_balanced": 179.0, "rank_equity": 178.0, "rank_hazard_only": 87 }, "geometry": { "type": "Polygon", "coordinates": [ [ [ -75.577401188380705, 6.231785761599468 ], [ -75.577490782767995, 6.231808888236541 ], [ -75.577610560981896, 6.231832905063051 ], [ -75.577611925908599, 6.23231417610643 ], [ -75.577637430391306, 6.23243977964843 ], [ -75.578002905656405, 6.232549804690988 ], [ -75.578288759065799, 6.23260647315 ], [ -75.578510210406108, 6.232655530582629 ], [ -75.580979242858305, 6.233153164756019 ], [ -75.582772997137894, 6.233198716297178 ], [ -75.582741833185395, 6.233559271984839 ], [ -75.582734738187398, 6.233894430637819 ], [ -75.582724440745906, 6.234164322208638 ], [ -75.582702436582295, 6.234561874100571 ], [ -75.582694439661196, 6.234933081989938 ], [ -75.582652411000495, 6.235364789753199 ], [ -75.582644858002695, 6.235891873514752 ], [ -75.582667082365006, 6.236277607294299 ], [ -75.5826686079523, 6.2368134341674 ], [ -75.582681557625804, 6.237122230018281 ], [ -75.582807467363196, 6.237532999780211 ], [ -75.582894803791902, 6.237822099480949 ], [ -75.5830642131167, 6.238671150961621 ], [ -75.583094174442905, 6.239300422142669 ], [ -75.5829734608932, 6.23930174068246 ], [ -75.579557778444197, 6.239511194321951 ], [ -75.577542084872306, 6.239608507084403 ], [ -75.577388988714006, 6.239188071114751 ], [ -75.576896852124605, 6.23769303724959 ], [ -75.576295470089406, 6.235985927981499 ], [ -75.576036466570301, 6.235109846189269 ], [ -75.575848461213994, 6.23443912780307 ], [ -75.575749113227999, 6.23416954610696 ], [ -75.575730551250999, 6.234008848827489 ], [ -75.575725019054104, 6.233831552085218 ], [ -75.575710267372202, 6.233595828669706 ], [ -75.5757098289086, 6.233440924725863 ], [ -75.575684662270604, 6.233079552635762 ], [ -75.575664539928496, 6.232723037925819 ], [ -75.575603937598203, 6.232281878070281 ], [ -75.575614095898203, 6.231251102474879 ], [ -75.576104401799498, 6.231393900645501 ], [ -75.576329912273096, 6.231455612009211 ], [ -75.576594694838406, 6.231531825292481 ], [ -75.576789987679106, 6.231579982781691 ], [ -75.577035699805094, 6.231670863819819 ], [ -75.577205840059193, 6.231718118919729 ], [ -75.577401188380705, 6.231785761599468 ] ] ] } },
{ "type": "Feature", "properties": { "OBJECTID": 262, "BARRIO": "SANTA FE", "area_total_ha": 65.288311266897026, "Alta": 0.0, "Media": 0.0, "Baja": 0.0, "high_share": 0.0, "medhigh_share": 0.0, "screening_score": 0.0, "screening_rank": 87, "barrio_code": "1504", "comuna_code": "15", "comuna_name": "Guayabal", "population_2026": 8528.0, "imcv_ampi_2023": 98.33, "population_match": "exact", "population_density_km2_2026": 13062.062464960602, "hazard_weighted_population_proxy_2026": 0.0, "exposure_component": 0.0, "vulnerability_component": 0.58529234478601555, "priority_exposure": 0.0, "priority_balanced": 0.14632308619650389, "priority_equity": 0.26338155515370698, "rank_exposure": 85.0, "rank_balanced": 108.0, "rank_equity": 107.0, "rank_hazard_only": 87 }, "geometry": { "type": "Polygon", "coordinates": [ [ [ -75.58060043327491, 6.217357934754438 ], [ -75.581264479217495, 6.217404760674581 ], [ -75.582219541526896, 6.217557926443789 ], [ -75.584225876602702, 6.218092921293949 ], [ -75.584355740283996, 6.21812762522928 ], [ -75.585340900339006, 6.218252445183081 ], [ -75.585509798681201, 6.218217866069171 ], [ -75.585545989628699, 6.218209967993271 ], [ -75.585735656518196, 6.218404275945399 ], [ -75.585897092645098, 6.218575281991161 ], [ -75.5860073408668, 6.218787351540501 ], [ -75.586129923231795, 6.219090963703342 ], [ -75.586206296198199, 6.219417114850779 ], [ -75.586225304404806, 6.219733688041861 ], [ -75.586279383220599, 6.22000242271324 ], [ -75.586564965132993, 6.219966537178281 ], [ -75.586844737584798, 6.220009578007169 ], [ -75.587525886583293, 6.22005634767546 ], [ -75.587931140562603, 6.22000842819198 ], [ -75.588246038796811, 6.220023116795791 ], [ -75.588390669046902, 6.220297437840821 ], [ -75.588386111193401, 6.220463071813859 ], [ -75.588341190345503, 6.221290325919912 ], [ -75.588223432326004, 6.222326274791928 ], [ -75.587991058674504, 6.223383984012489 ], [ -75.5878853804996, 6.223717474277221 ], [ -75.586016764632205, 6.223157749388573 ], [ -75.585772486033704, 6.223215925479408 ], [ -75.585481115878295, 6.223339510077738 ], [ -75.585248250412221, 6.223519433972881 ], [ -75.584982402457115, 6.223774466766559 ], [ -75.584607103870795, 6.224098983703663 ], [ -75.584316718457501, 6.224215745469751 ], [ -75.5839178438045, 6.22438542466072 ], [ -75.583558081559204, 6.22451407473856 ], [ -75.583285690338101, 6.224590839133299 ], [ -75.582873425651215, 6.224651442684421 ], [ -75.582474091790502, 6.224660373144171 ], [ -75.582239778627397, 6.224685394480979 ], [ -75.581988460904, 6.224744563868371 ], [ -75.581777476460204, 6.224837717249228 ], [ -75.581516393258795, 6.225000183158542 ], [ -75.581397113310999, 6.225150555350408 ], [ -75.580785727849602, 6.226648723960088 ], [ -75.578281352446695, 6.225737130571349 ], [ -75.578510793792503, 6.22505743382925 ], [ -75.579166119623395, 6.223444182709591 ], [ -75.579333454914504, 6.22285721452629 ], [ -75.579462307415895, 6.22253534915831 ], [ -75.579546023983198, 6.222259402300629 ], [ -75.579635448739694, 6.221867504157502 ], [ -75.579745672761803, 6.221361561822119 ], [ -75.579845287639102, 6.221016397545652 ], [ -75.579950792705603, 6.220619583154559 ], [ -75.580128716821505, 6.219865017117199 ], [ -75.580344518119801, 6.218278342338069 ], [ -75.58060043327491, 6.217357934754438 ] ] ] } },
{ "type": "Feature", "properties": { "OBJECTID": 263, "BARRIO": "TRINIDAD", "area_total_ha": 67.256986322540968, "Alta": 0.0, "Media": 0.0, "Baja": 0.0, "high_share": 0.0, "medhigh_share": 0.0, "screening_score": 0.0, "screening_rank": 87, "barrio_code": "1503", "comuna_code": "15", "comuna_name": "Guayabal", "population_2026": 11396.0, "imcv_ampi_2023": 98.33, "population_match": "exact", "population_density_km2_2026": 16943.964669110763, "hazard_weighted_population_proxy_2026": 0.0, "exposure_component": 0.0, "vulnerability_component": 0.58529234478601555, "priority_exposure": 0.0, "priority_balanced": 0.14632308619650389, "priority_equity": 0.26338155515370698, "rank_exposure": 85.0, "rank_balanced": 108.0, "rank_equity": 107.0, "rank_hazard_only": 87 }, "geometry": { "type": "Polygon", "coordinates": [ [ [ -75.578281352446695, 6.225737130571349 ], [ -75.580785727849602, 6.226648723960088 ], [ -75.581397113310999, 6.225150555350408 ], [ -75.581516393258795, 6.225000183158542 ], [ -75.581777476460204, 6.224837717249228 ], [ -75.581988460904, 6.224744563868371 ], [ -75.582239778627397, 6.224685394480979 ], [ -75.582474091790502, 6.224660373144171 ], [ -75.582873425651215, 6.224651442684421 ], [ -75.583285690338101, 6.224590839133299 ], [ -75.583558081559204, 6.22451407473856 ], [ -75.5839178438045, 6.22438542466072 ], [ -75.584316718457501, 6.224215745469751 ], [ -75.584607103870795, 6.224098983703663 ], [ -75.584982402457115, 6.223774466766559 ], [ -75.585248250412221, 6.223519433972881 ], [ -75.585481115878295, 6.223339510077738 ], [ -75.585772486033704, 6.223215925479408 ], [ -75.586016764632205, 6.223157749388573 ], [ -75.5878853804996, 6.223717474277221 ], [ -75.587802988791296, 6.22410350743194 ], [ -75.587737908674598, 6.224563531296938 ], [ -75.587689050293093, 6.225068325092428 ], [ -75.587589965134313, 6.225597618166232 ], [ -75.587498232700696, 6.22623600374715 ], [ -75.587440769405305, 6.22689767389855 ], [ -75.587389452608207, 6.227598296860057 ], [ -75.587340827857105, 6.228184925013061 ], [ -75.587215866065193, 6.228811715483491 ], [ -75.587070654650702, 6.229392775004561 ], [ -75.586882744155702, 6.230168803463788 ], [ -75.586586815264297, 6.231517018372119 ], [ -75.586081931493311, 6.2315535318439 ], [ -75.583669897821196, 6.2316403017498 ], [ -75.582788819157898, 6.231688602765451 ], [ -75.582707167291204, 6.230568460481241 ], [ -75.582727037823304, 6.22941977770159 ], [ -75.581477368399703, 6.228968367049391 ], [ -75.580230370188005, 6.22874881323775 ], [ -75.579969710943402, 6.229061310763129 ], [ -75.579679893978593, 6.229379736232891 ], [ -75.579304422466805, 6.229645795992488 ], [ -75.578940828863907, 6.229843625972742 ], [ -75.578512839332603, 6.230036767708809 ], [ -75.578166478646594, 6.23028131026944 ], [ -75.577939866856198, 6.230540128228402 ], [ -75.577577992320798, 6.230990280259948 ], [ -75.577525167929906, 6.230808247161808 ], [ -75.577378083503106, 6.23037804996406 ], [ -75.577216027133801, 6.22998881489588 ], [ -75.577139753721099, 6.229696759791311 ], [ -75.577079428557695, 6.229353024188057 ], [ -75.577133598644409, 6.228944662528961 ], [ -75.577239022038299, 6.228518621341371 ], [ -75.577412850772703, 6.228092384058269 ], [ -75.577580529878503, 6.22762622267514 ], [ -75.577782344268698, 6.227136580818301 ], [ -75.578281352446695, 6.225737130571349 ] ] ] } },
{ "type": "Feature", "properties": { "OBJECTID": 264, "BARRIO": "LORENA", "area_total_ha": 40.537063847229533, "Alta": 0.0, "Media": 0.0, "Baja": 0.0, "high_share": 0.0, "medhigh_share": 0.0, "screening_score": 0.0, "screening_rank": 87, "barrio_code": "1111", "comuna_code": "11", "comuna_name": "Laureles Estadio", "population_2026": 9272.0, "imcv_ampi_2023": 117.75, "population_match": "exact", "population_density_km2_2026": 22872.894877002018, "hazard_weighted_population_proxy_2026": 0.0, "exposure_component": 0.0, "vulnerability_component": 0.0, "priority_exposure": 0.0, "priority_balanced": 0.0, "priority_equity": 0.0, "rank_exposure": 85.0, "rank_balanced": 234.0, "rank_equity": 234.0, "rank_hazard_only": 87 }, "geometry": { "type": "Polygon", "coordinates": [ [ [ -75.602722772974602, 6.244940363325678 ], [ -75.602594835441195, 6.24661932981245 ], [ -75.602455076053715, 6.249080633247699 ], [ -75.602424440887305, 6.24961849772821 ], [ -75.602344158703602, 6.250382523639639 ], [ -75.602307940258498, 6.250381655258603 ], [ -75.601600687110604, 6.250365191380962 ], [ -75.600512445797506, 6.250097503574288 ], [ -75.598675889458505, 6.249876788623878 ], [ -75.596993927323496, 6.249891385976287 ], [ -75.595177791960296, 6.249775817094298 ], [ -75.594839652256496, 6.249731001839701 ], [ -75.592424341664298, 6.249401842911698 ], [ -75.592482914821304, 6.248780113421409 ], [ -75.592541986612403, 6.248331797330148 ], [ -75.5925849626542, 6.24788352632391 ], [ -75.592633298829995, 6.24755019995435 ], [ -75.592653629255594, 6.247273460319878 ], [ -75.595189655470605, 6.24760519388 ], [ -75.597386340731006, 6.247823910847258 ], [ -75.597666064108907, 6.247845511437682 ], [ -75.597866182844697, 6.247820577852761 ], [ -75.598099450170807, 6.247778987362571 ], [ -75.598321220237807, 6.247587397940799 ], [ -75.598496683747797, 6.247385226592567 ], [ -75.598672066339802, 6.247154801658739 ], [ -75.598904552259995, 6.246842377334321 ], [ -75.599096751296202, 6.246513506514969 ], [ -75.599253643430103, 6.246150640118539 ], [ -75.599336012271493, 6.245759735520326 ], [ -75.599464354523604, 6.2452644566836 ], [ -75.599535672158396, 6.244878455328493 ], [ -75.599606651986903, 6.244375548709247 ], [ -75.601019761785096, 6.244626715644062 ], [ -75.602722772974602, 6.244940363325678 ] ] ] } },
{ "type": "Feature", "properties": { "OBJECTID": 265, "BARRIO": "EL NOGAL  LOS ALMENDROS", "area_total_ha": 24.731849153736281, "Alta": 0.0, "Media": 0.0, "Baja": 0.0, "high_share": 0.0, "medhigh_share": 0.0, "screening_score": 0.0, "screening_rank": 87, "barrio_code": "1620", "comuna_code": "16", "comuna_name": "Belén", "population_2026": 3483.0, "imcv_ampi_2023": 104.58, "population_match": "exact", "population_density_km2_2026": 14083.055328169092, "hazard_weighted_population_proxy_2026": 0.0, "exposure_component": 0.0, "vulnerability_component": 0.39692585895117538, "priority_exposure": 0.0, "priority_balanced": 0.099231464737793845, "priority_equity": 0.17861663652802892, "rank_exposure": 85.0, "rank_balanced": 179.0, "rank_equity": 178.0, "rank_hazard_only": 87 }, "geometry": { "type": "Polygon", "coordinates": [ [ [ -75.600098151341598, 6.237598361198889 ], [ -75.600110278347302, 6.237617811095568 ], [ -75.6001395157231, 6.23798890893001 ], [ -75.600241878985003, 6.23860237793174 ], [ -75.598393090560506, 6.23866129132881 ], [ -75.596761573761114, 6.238714703578942 ], [ -75.591151460367797, 6.239118570463662 ], [ -75.589939184353099, 6.23908794782444 ], [ -75.590677947425803, 6.23851980117485 ], [ -75.5909338900601, 6.238317399803633 ], [ -75.591145034077599, 6.23827977326375 ], [ -75.591419593643906, 6.238255604362661 ], [ -75.593808705477997, 6.238237055352829 ], [ -75.594060042379994, 6.23818372298481 ], [ -75.594264992099696, 6.238090582308761 ], [ -75.594516049785796, 6.237939829176851 ], [ -75.594765983458601, 6.237748161393831 ], [ -75.595076766428704, 6.237377060669812 ], [ -75.595387372371107, 6.236944582450339 ], [ -75.595664633909706, 6.236460564789349 ], [ -75.5956716339644, 6.236445931321039 ], [ -75.595878732708798, 6.236050772820537 ], [ -75.596323157635098, 6.235277902835331 ], [ -75.596707784207993, 6.234700051250913 ], [ -75.597007221311998, 6.234232532267568 ], [ -75.597188506061698, 6.233956303435221 ], [ -75.597455143103701, 6.233627220282141 ], [ -75.597750113146205, 6.233355535145781 ], [ -75.597994204564401, 6.23323208006897 ], [ -75.598200385977194, 6.233218821005739 ], [ -75.598256671291196, 6.23320209740819 ], [ -75.598318885903396, 6.235946325849561 ], [ -75.598598536131604, 6.235944546014509 ], [ -75.598753597931321, 6.235994759316631 ], [ -75.598952938130196, 6.23605068919503 ], [ -75.599218010323497, 6.236226260853422 ], [ -75.599356352685206, 6.236409017089518 ], [ -75.599587688461099, 6.236746408906992 ], [ -75.599813103601306, 6.237123759755201 ], [ -75.600098151341598, 6.237598361198889 ] ] ] } },
{ "type": "Feature", "properties": { "OBJECTID": 266, "BARRIO": "ROSALES", "area_total_ha": 60.329601157195597, "Alta": 0.0, "Media": 0.0, "Baja": 0.0, "high_share": 0.0, "medhigh_share": 0.0, "screening_score": 0.0, "screening_rank": 87, "barrio_code": "1602", "comuna_code": "16", "comuna_name": "Belén", "population_2026": 7106.0, "imcv_ampi_2023": 104.58, "population_match": "exact", "population_density_km2_2026": 11778.629169923588, "hazard_weighted_population_proxy_2026": 0.0, "exposure_component": 0.0, "vulnerability_component": 0.39692585895117538, "priority_exposure": 0.0, "priority_balanced": 0.099231464737793845, "priority_equity": 0.17861663652802892, "rank_exposure": 85.0, "rank_balanced": 179.0, "rank_equity": 178.0, "rank_hazard_only": 87 }, "geometry": { "type": "Polygon", "coordinates": [ [ [ -75.593677472835097, 6.231411958182552 ], [ -75.593699140465702, 6.23370718721113 ], [ -75.593840279901599, 6.234866118856518 ], [ -75.5946341418081, 6.235623739787931 ], [ -75.5956716339644, 6.236445931321039 ], [ -75.595664633909706, 6.236460564789349 ], [ -75.595387372371107, 6.236944582450339 ], [ -75.595076766428704, 6.237377060669812 ], [ -75.594765983458601, 6.237748161393831 ], [ -75.594516049785796, 6.237939829176851 ], [ -75.594264992099696, 6.238090582308761 ], [ -75.594060042379994, 6.23818372298481 ], [ -75.593808705477997, 6.238237055352829 ], [ -75.591419593643906, 6.238255604362661 ], [ -75.591145034077599, 6.23827977326375 ], [ -75.5909338900601, 6.238317399803633 ], [ -75.590677947425803, 6.23851980117485 ], [ -75.589939184353099, 6.23908794782444 ], [ -75.5895629279578, 6.239079284243422 ], [ -75.587614576351498, 6.239152086268491 ], [ -75.587577138427903, 6.238020132037448 ], [ -75.587467766043204, 6.236356450847709 ], [ -75.587440006076804, 6.234385651753528 ], [ -75.587334135242699, 6.232537829080541 ], [ -75.587308940453994, 6.23146429432846 ], [ -75.587668995980295, 6.231437935094441 ], [ -75.5896978949865, 6.231399981336111 ], [ -75.589737093008196, 6.231388178514111 ], [ -75.591881836933993, 6.231407364954599 ], [ -75.593094244112706, 6.231489620395051 ], [ -75.593677472835097, 6.231411958182552 ] ] ] } },
{ "type": "Feature", "properties": { "OBJECTID": 267, "BARRIO": "FÁTIMA", "area_total_ha": 43.907181018260651, "Alta": 0.0, "Media": 0.0, "Baja": 0.0, "high_share": 0.0, "medhigh_share": 0.0, "screening_score": 0.0, "screening_rank": 87, "barrio_code": "1601", "comuna_code": "16", "comuna_name": "Belén", "population_2026": 8870.0, "imcv_ampi_2023": 104.58, "population_match": "exact", "population_density_km2_2026": 20201.70686045874, "hazard_weighted_population_proxy_2026": 0.0, "exposure_component": 0.0, "vulnerability_component": 0.39692585895117538, "priority_exposure": 0.0, "priority_balanced": 0.099231464737793845, "priority_equity": 0.17861663652802892, "rank_exposure": 85.0, "rank_balanced": 179.0, "rank_equity": 178.0, "rank_hazard_only": 87 }, "geometry": { "type": "Polygon", "coordinates": [ [ [ -75.582755488509605, 6.233055551413809 ], [ -75.582681196248004, 6.231693780063809 ], [ -75.582788819157898, 6.231688602765451 ], [ -75.583669897821196, 6.2316403017498 ], [ -75.586081931493311, 6.2315535318439 ], [ -75.586586815264297, 6.231517018372119 ], [ -75.587308940453994, 6.23146429432846 ], [ -75.587334135242699, 6.232537829080541 ], [ -75.587440006076804, 6.234385651753528 ], [ -75.587467766043204, 6.236356450847709 ], [ -75.587577138427903, 6.238020132037448 ], [ -75.587614576351498, 6.239152086268491 ], [ -75.5857165179752, 6.239223762610509 ], [ -75.583094174442905, 6.239300422142669 ], [ -75.5830642131167, 6.238671150961621 ], [ -75.582894803791902, 6.237822099480949 ], [ -75.582807467363196, 6.237532999780211 ], [ -75.582681557625804, 6.237122230018281 ], [ -75.5826686079523, 6.2368134341674 ], [ -75.582667082365006, 6.236277607294299 ], [ -75.582644858002695, 6.235891873514752 ], [ -75.582652411000495, 6.235364789753199 ], [ -75.582694439661196, 6.234933081989938 ], [ -75.582702436582295, 6.234561874100571 ], [ -75.582724440745906, 6.234164322208638 ], [ -75.582734738187398, 6.233894430637819 ], [ -75.582741833185395, 6.233559271984839 ], [ -75.582772997137894, 6.233198716297178 ], [ -75.582755488509605, 6.233055551413809 ] ] ] } },
{ "type": "Feature", "properties": { "OBJECTID": 268, "BARRIO": "BOLIVARIANA", "area_total_ha": 31.527059314351455, "Alta": 0.0, "Media": 0.0, "Baja": 0.0, "high_share": 0.0, "medhigh_share": 0.0, "screening_score": 0.0, "screening_rank": 87, "barrio_code": "1107", "comuna_code": "11", "comuna_name": "Laureles Estadio", "population_2026": 3925.0, "imcv_ampi_2023": 117.75, "population_match": "exact", "population_density_km2_2026": 12449.622912382756, "hazard_weighted_population_proxy_2026": 0.0, "exposure_component": 0.0, "vulnerability_component": 0.0, "priority_exposure": 0.0, "priority_balanced": 0.0, "priority_equity": 0.0, "rank_exposure": 85.0, "rank_balanced": 234.0, "rank_equity": 234.0, "rank_hazard_only": 87 }, "geometry": { "type": "Polygon", "coordinates": [ [ [ -75.592653629255594, 6.247273460319878 ], [ -75.592633298829995, 6.24755019995435 ], [ -75.5925849626542, 6.24788352632391 ], [ -75.592541986612403, 6.248331797330148 ], [ -75.592482914821304, 6.248780113421409 ], [ -75.592424341664298, 6.249401842911698 ], [ -75.592172749213304, 6.24936846825346 ], [ -75.589954020500898, 6.24918389365665 ], [ -75.588924567288203, 6.24906896583857 ], [ -75.587655610701304, 6.24892646940753 ], [ -75.587705960634906, 6.248241437206979 ], [ -75.587753973480901, 6.247794125560482 ], [ -75.587842337231805, 6.247385668661301 ], [ -75.587914947742405, 6.247097086813721 ], [ -75.588026744240594, 6.246791830706102 ], [ -75.588172760372899, 6.24649232330568 ], [ -75.588459977198596, 6.245968334495588 ], [ -75.589230783079103, 6.24429044133696 ], [ -75.58981588484771, 6.244509915320959 ], [ -75.590328594031803, 6.244391535926828 ], [ -75.590687260567094, 6.244228784624129 ], [ -75.590967590432996, 6.244111071450428 ], [ -75.591239613407396, 6.243902778270051 ], [ -75.591444249956396, 6.243699549967269 ], [ -75.591551476369901, 6.243556029459643 ], [ -75.591703686194904, 6.24331203533409 ], [ -75.5918226381187, 6.24304767721785 ], [ -75.591916325403304, 6.24274247188999 ], [ -75.592000052304797, 6.242472368445359 ], [ -75.592026421923194, 6.24219658532127 ], [ -75.591996424654099, 6.241909271864472 ], [ -75.591985570226498, 6.241280924053727 ], [ -75.592216647451806, 6.241528689679471 ], [ -75.593864524075201, 6.24331459345288 ], [ -75.593701707163703, 6.243717419764568 ], [ -75.593606865750601, 6.243970018205822 ], [ -75.593493736926106, 6.244160319486999 ], [ -75.593313540355197, 6.244466747104171 ], [ -75.593091999283402, 6.244738220149401 ], [ -75.592769090209003, 6.24509182013632 ], [ -75.592621674121204, 6.245252992228349 ], [ -75.592412071767896, 6.245478643059768 ], [ -75.59254111582861, 6.24662689288111 ], [ -75.5925894004003, 6.246976502343289 ], [ -75.592659419880604, 6.247187710192319 ], [ -75.592653629255594, 6.247273460319878 ] ] ] } },
{ "type": "Feature", "properties": { "OBJECTID": 269, "BARRIO": "SAN JOAQUÍN", "area_total_ha": 31.694039275698067, "Alta": 0.0, "Media": 0.0, "Baja": 0.0, "high_share": 0.0, "medhigh_share": 0.0, "screening_score": 0.0, "screening_rank": 87, "barrio_code": "1104", "comuna_code": "11", "comuna_name": "Laureles Estadio", "population_2026": 7168.0, "imcv_ampi_2023": 117.75, "population_match": "exact", "population_density_km2_2026": 22616.2400369592, "hazard_weighted_population_proxy_2026": 0.0, "exposure_component": 0.0, "vulnerability_component": 0.0, "priority_exposure": 0.0, "priority_balanced": 0.0, "priority_equity": 0.0, "rank_exposure": 85.0, "rank_balanced": 234.0, "rank_equity": 234.0, "rank_hazard_only": 87 }, "geometry": { "type": "Polygon", "coordinates": [ [ [ -75.586163027681906, 6.243049284635781 ], [ -75.586547714589003, 6.243190421501779 ], [ -75.586855685843304, 6.243240200410118 ], [ -75.587217086854196, 6.243329770505031 ], [ -75.587498092076899, 6.243447822870119 ], [ -75.587795939479108, 6.243475221690089 ], [ -75.5880196343183, 6.243604155124201 ], [ -75.588134630676606, 6.24371391365707 ], [ -75.588319209889903, 6.243883875663662 ], [ -75.588594263627897, 6.244031171752068 ], [ -75.588789731070094, 6.244138751035511 ], [ -75.588996250832395, 6.244241429037964 ], [ -75.589230783079103, 6.24429044133696 ], [ -75.588459977198596, 6.245968334495588 ], [ -75.588172760372899, 6.24649232330568 ], [ -75.588026744240594, 6.246791830706102 ], [ -75.587914947742405, 6.247097086813721 ], [ -75.587842337231805, 6.247385668661301 ], [ -75.587753973480901, 6.247794125560482 ], [ -75.587705960634906, 6.248241437206979 ], [ -75.587655610701304, 6.24892646940753 ], [ -75.587555984708999, 6.248915063311289 ], [ -75.585554447242004, 6.248694774569121 ], [ -75.583488344699504, 6.24841133575745 ], [ -75.582167117750302, 6.248283588656019 ], [ -75.581806785705993, 6.24821739403218 ], [ -75.581595402309802, 6.248173182416719 ], [ -75.581354812511705, 6.24811736473255 ], [ -75.581164456902798, 6.2480389937575 ], [ -75.582006528959994, 6.247354623404519 ], [ -75.583122856307611, 6.246185274163029 ], [ -75.584943217894704, 6.244259851740619 ], [ -75.586163027681906, 6.243049284635781 ] ] ] } },
{ "type": "Feature", "properties": { "OBJECTID": 270, "BARRIO": "LAURELES", "area_total_ha": 71.011804497940844, "Alta": 0.0, "Media": 0.0, "Baja": 0.0, "high_share": 0.0, "medhigh_share": 0.0, "screening_score": 0.0, "screening_rank": 87, "barrio_code": "1108", "comuna_code": "11", "comuna_name": "Laureles Estadio", "population_2026": 15329.0, "imcv_ampi_2023": 117.75, "population_match": "exact", "population_density_km2_2026": 21586.551853423891, "hazard_weighted_population_proxy_2026": 0.0, "exposure_component": 0.0, "vulnerability_component": 0.0, "priority_exposure": 0.0, "priority_balanced": 0.0, "priority_equity": 0.0, "rank_exposure": 85.0, "rank_balanced": 234.0, "rank_equity": 234.0, "rank_hazard_only": 87 }, "geometry": { "type": "Polygon", "coordinates": [ [ [ -75.598393090560506, 6.23866129132881 ], [ -75.598524861539502, 6.239706261646091 ], [ -75.598492214235705, 6.242342623562362 ], [ -75.5997166338841, 6.242396570379939 ], [ -75.599688738397504, 6.243188698865898 ], [ -75.599616490737603, 6.244298556563981 ], [ -75.599606651986903, 6.244375548709247 ], [ -75.599535672158396, 6.244878455328493 ], [ -75.599464354523604, 6.2452644566836 ], [ -75.599336012271493, 6.245759735520326 ], [ -75.599253643430103, 6.246150640118539 ], [ -75.599096751296202, 6.246513506514969 ], [ -75.598904552259995, 6.246842377334321 ], [ -75.598672066339802, 6.247154801658739 ], [ -75.598496683747797, 6.247385226592567 ], [ -75.598321220237807, 6.247587397940799 ], [ -75.598099450170807, 6.247778987362571 ], [ -75.597866182844697, 6.247820577852761 ], [ -75.597666064108907, 6.247845511437682 ], [ -75.597386340731006, 6.247823910847258 ], [ -75.595189655470605, 6.24760519388 ], [ -75.592653629255594, 6.247273460319878 ], [ -75.592659419880604, 6.247187710192319 ], [ -75.5925894004003, 6.246976502343289 ], [ -75.59254111582861, 6.24662689288111 ], [ -75.592412071767896, 6.245478643059768 ], [ -75.592621674121204, 6.245252992228349 ], [ -75.592769090209003, 6.24509182013632 ], [ -75.593091999283402, 6.244738220149401 ], [ -75.593313540355197, 6.244466747104171 ], [ -75.593493736926106, 6.244160319486999 ], [ -75.593606865750601, 6.243970018205822 ], [ -75.593701707163703, 6.243717419764568 ], [ -75.593864524075201, 6.24331459345288 ], [ -75.592216647451806, 6.241528689679471 ], [ -75.591985570226498, 6.241280924053727 ], [ -75.589939184353099, 6.23908794782444 ], [ -75.591151460367797, 6.239118570463662 ], [ -75.596761573761114, 6.238714703578942 ], [ -75.598393090560506, 6.23866129132881 ] ] ] } },
{ "type": "Feature", "properties": { "OBJECTID": 271, "BARRIO": "CONQUISTADORES", "area_total_ha": 70.199970954080968, "Alta": 0.0, "Media": 0.0, "Baja": 0.0, "high_share": 0.0, "medhigh_share": 0.0, "screening_score": 0.0, "screening_rank": 87, "barrio_code": "1105", "comuna_code": "11", "comuna_name": "Laureles Estadio", "population_2026": 9962.0, "imcv_ampi_2023": 117.75, "population_match": "fuzzy_name_variant", "population_density_km2_2026": 14190.889062498785, "hazard_weighted_population_proxy_2026": 0.0, "exposure_component": 0.0, "vulnerability_component": 0.0, "priority_exposure": 0.0, "priority_balanced": 0.0, "priority_equity": 0.0, "rank_exposure": 85.0, "rank_balanced": 234.0, "rank_equity": 234.0, "rank_hazard_only": 87 }, "geometry": { "type": "Polygon", "coordinates": [ [ [ -75.589939184353099, 6.23908794782444 ], [ -75.588551193513297, 6.240580555354741 ], [ -75.586600396495101, 6.242616447072471 ], [ -75.586163027681906, 6.243049284635781 ], [ -75.584943217894704, 6.244259851740619 ], [ -75.583122856307611, 6.246185274163029 ], [ -75.582006528959994, 6.247354623404519 ], [ -75.581164456902798, 6.2480389937575 ], [ -75.580959043615096, 6.247971382895372 ], [ -75.580309764272997, 6.24782515107745 ], [ -75.580205983296196, 6.247414317606773 ], [ -75.578491025666494, 6.242195336257012 ], [ -75.577542084872306, 6.239608507084403 ], [ -75.579557778444197, 6.239511194321951 ], [ -75.5829734608932, 6.23930174068246 ], [ -75.582996593820297, 6.239299726751179 ], [ -75.5857165179752, 6.239223762610509 ], [ -75.587614576351498, 6.239152086268491 ], [ -75.5895629279578, 6.239079284243422 ], [ -75.589939184353099, 6.23908794782444 ] ] ] } }
]
}
