{
"type": "FeatureCollection",
"name": "roads",
"crs": { "type": "name", "properties": { "name": "urn:ogc:def:crs:OGC:1.3:CRS84" } },
"features": [
{ "type": "Feature", "properties": { "objectid": 184, "tipo_via": "CL", "grupo_via": "SP", "name": "57B-16C-47", "nombre_comun": null, "label": "CL 57B #16C-47" }, "geometry": { "type": "LineString", "coordinates": [ [ -75.538079524510579, 6.250921330199224 ], [ -75.538094964852647, 6.250779414725851 ], [ -75.538083836635849, 6.250779838253696 ], [ -75.538085827607972, 6.250707269934017 ], [ -75.538031851121218, 6.250706272994579 ], [ -75.537941118343099, 6.25072383056659 ] ] } },
{ "type": "Feature", "properties": { "objectid": 894, "tipo_via": "CL", "grupo_via": "VP", "name": "60AB-18", "nombre_comun": null, "label": "CL 60AB" }, "geometry": { "type": "LineString", "coordinates": [ [ -75.539051202473857, 6.254347794902203 ], [ -75.539085835990733, 6.254331744027814 ], [ -75.539144847683062, 6.254296355677883 ] ] } },
{ "type": "Feature", "properties": { "objectid": 896, "tipo_via": "CL", "grupo_via": "V", "name": "59C-18", "nombre_comun": null, "label": "CL 59C" }, "geometry": { "type": "LineString", "coordinates": [ [ -75.539487612030086, 6.253042216529195 ], [ -75.53959756857418, 6.253031698159796 ], [ -75.539698605026132, 6.253036387564446 ] ] } },
{ "type": "Feature", "properties": { "objectid": 914, "tipo_via": "SR", "grupo_via": "SP", "name": "59-16D-57", "nombre_comun": null, "label": "SR 59 #16D-57" }, "geometry": { "type": "LineString", "coordinates": [ [ -75.538851997018142, 6.252890228898124 ], [ -75.539084673003032, 6.252954718544474 ] ] } },
{ "type": "Feature", "properties": { "objectid": 923, "tipo_via": "CR", "grupo_via": "VP", "name": "16D-57B", "nombre_comun": null, "label": "CR 16D" }, "geometry": { "type": "LineString", "coordinates": [ [ -75.538320265773407, 6.250876939065084 ], [ -75.538333845379753, 6.251036885211263 ] ] } },
{ "type": "Feature", "properties": { "objectid": 2451, "tipo_via": "CR", "grupo_via": "SP", "name": "63B-18B-56", "nombre_comun": null, "label": "CR 63B #18B-56" }, "geometry": { "type": "LineString", "coordinates": [ [ -75.540432231369294, 6.254042502427815 ], [ -75.540424966329255, 6.254185238010619 ] ] } },
{ "type": "Feature", "properties": { "objectid": 2749, "tipo_via": "CL", "grupo_via": "SP", "name": "57B-16D-72", "nombre_comun": null, "label": "CL 57B #16D-72" }, "geometry": { "type": "LineString", "coordinates": [ [ -75.539345215755006, 6.251087516915522 ], [ -75.539301737505852, 6.251020516201879 ] ] } },
{ "type": "Feature", "properties": { "objectid": 2876, "tipo_via": "CL", "grupo_via": "VP", "name": "60A-17B", "nombre_comun": "SANTA ELENA", "label": "CL 60A" }, "geometry": { "type": "LineString", "coordinates": [ [ -75.537587479351913, 6.254140162649358 ], [ -75.537606282028335, 6.254178122328137 ], [ -75.537649591535015, 6.254228072393811 ], [ -75.537741914276452, 6.254303410925057 ], [ -75.537786433530002, 6.254334808143607 ], [ -75.537780023954483, 6.254396020463704 ], [ -75.537898957634937, 6.254435558577152 ], [ -75.537962899491845, 6.254466359233013 ], [ -75.538023145620116, 6.25451037417314 ] ] } },
{ "type": "Feature", "properties": { "objectid": 3594, "tipo_via": "TV", "grupo_via": "V", "name": "59CC-17B", "nombre_comun": "SANTA ELENA", "label": "TV 59CC" }, "geometry": { "type": "LineString", "coordinates": [ [ -75.53777392744739, 6.253611506452774 ], [ -75.537817603851906, 6.253642757681182 ], [ -75.537892954803098, 6.253698214489881 ], [ -75.537944546256256, 6.253748440057667 ], [ -75.537996640570881, 6.253816370244007 ], [ -75.538041650734087, 6.253894836828565 ], [ -75.538079530945978, 6.253970790969421 ] ] } },
{ "type": "Feature", "properties": { "objectid": 4515, "tipo_via": "CR", "grupo_via": "SP", "name": "57A-57-100", "nombre_comun": null, "label": "CR 57A #57-100" }, "geometry": { "type": "LineString", "coordinates": [ [ -75.540122520148628, 6.249883746992486 ], [ -75.540128973578859, 6.249904843993967 ], [ -75.540144368889628, 6.249944460100082 ], [ -75.540148045421191, 6.249974450707797 ], [ -75.54016095093769, 6.250023103689439 ], [ -75.540182605782036, 6.250039896880262 ], [ -75.540242842434367, 6.250072333689891 ], [ -75.540212115296583, 6.250182030714088 ], [ -75.540214514513551, 6.250203644568006 ], [ -75.540227752245571, 6.250248493243094 ], [ -75.540232053973284, 6.25027791394731 ], [ -75.540241831284959, 6.250395384945809 ], [ -75.540272534874831, 6.2504502074382 ] ] } },
{ "type": "Feature", "properties": { "objectid": 4646, "tipo_via": "CL", "grupo_via": "SP", "name": "59C-18B-32", "nombre_comun": null, "label": "CL 59C #18B-32" }, "geometry": { "type": "LineString", "coordinates": [ [ -75.540179304613119, 6.253501325549104 ], [ -75.540169500019147, 6.25340989131971 ], [ -75.540195327542904, 6.253382926062273 ] ] } },
{ "type": "Feature", "properties": { "objectid": 4716, "tipo_via": "CL", "grupo_via": "VP", "name": "60-17BB", "nombre_comun": null, "label": "CL 60" }, "geometry": { "type": "LineString", "coordinates": [ [ -75.538043259950214, 6.254300205373982 ], [ -75.538116676711013, 6.254309063513317 ], [ -75.538245686349441, 6.254267924054212 ], [ -75.538370466942979, 6.254209626863535 ], [ -75.538401539729264, 6.254250291063721 ], [ -75.538469089310993, 6.254210339139909 ] ] } },
{ "type": "Feature", "properties": { "objectid": 4778, "tipo_via": "CR", "grupo_via": "SP", "name": "16D-57B-21", "nombre_comun": null, "label": "CR 16D #57B-21" }, "geometry": { "type": "LineString", "coordinates": [ [ -75.538478196863167, 6.251630857373196 ], [ -75.538446240840031, 6.251447707369217 ], [ -75.538422920523089, 6.251425053556482 ], [ -75.538362329032879, 6.251355803691496 ], [ -75.538351213551778, 6.251341451248864 ], [ -75.538375957940005, 6.251264312137915 ] ] } },
{ "type": "Feature", "properties": { "objectid": 4791, "tipo_via": "CR", "grupo_via": "V", "name": "18C-63", "nombre_comun": " ", "label": "CR 18C" }, "geometry": { "type": "LineString", "coordinates": [ [ -75.540483250347066, 6.254386797187545 ], [ -75.540468203621941, 6.254403692770575 ], [ -75.540445928918047, 6.254509638518043 ], [ -75.540431362232582, 6.254643117864641 ] ] } },
{ "type": "Feature", "properties": { "objectid": 4916, "tipo_via": "CL", "grupo_via": "SP", "name": "59-18B-80", "nombre_comun": null, "label": "CL 59 #18B-80" }, "geometry": { "type": "LineString", "coordinates": [ [ -75.540690385816632, 6.251748782604187 ], [ -75.540604800417199, 6.251984510431288 ], [ -75.540590691322166, 6.252026052055752 ], [ -75.540519357126016, 6.252014108294742 ] ] } },
{ "type": "Feature", "properties": { "objectid": 5628, "tipo_via": "CR", "grupo_via": "SP", "name": "16D-57B-28", "nombre_comun": null, "label": "CR 16D #57B-28" }, "geometry": { "type": "LineString", "coordinates": [ [ -75.538143318894029, 6.251110101084617 ], [ -75.538116477323541, 6.251172607307627 ] ] } },
{ "type": "Feature", "properties": { "objectid": 5636, "tipo_via": "CL", "grupo_via": "SP", "name": "57A-17A-32", "nombre_comun": null, "label": "CL 57A #17A-32" }, "geometry": { "type": "LineString", "coordinates": [ [ -75.540361419403808, 6.25043913731049 ], [ -75.540350176851717, 6.250579640884242 ] ] } },
{ "type": "Feature", "properties": { "objectid": 5731, "tipo_via": "CL", "grupo_via": "VP", "name": "60A-17B", "nombre_comun": "SANTA ELENA", "label": "CL 60A" }, "geometry": { "type": "LineString", "coordinates": [ [ -75.537000684692657, 6.253802010723608 ], [ -75.537034908801587, 6.253804086722275 ], [ -75.537088837813997, 6.253825885718562 ], [ -75.537113725668306, 6.253858057741282 ], [ -75.537126167066944, 6.253898530877883 ], [ -75.53712512857598, 6.253964949382326 ], [ -75.537116823740334, 6.254047970870938 ], [ -75.537109559201454, 6.254127881704323 ], [ -75.537112401265645, 6.254202535119684 ], [ -75.537121960100961, 6.254243677659272 ], [ -75.537140125481997, 6.254281949651983 ], [ -75.537170242123366, 6.254312090175326 ], [ -75.537209367916518, 6.254324677204271 ], [ -75.537245669018276, 6.254327272048446 ], [ -75.537278079175593, 6.254320788494386 ], [ -75.537328150072767, 6.25430322017486 ], [ -75.537401249311216, 6.254275286145489 ], [ -75.537483122074065, 6.254229843153079 ], [ -75.537539950600802, 6.254182000479362 ], [ -75.537587479351913, 6.254140162649358 ] ] } },
{ "type": "Feature", "properties": { "objectid": 5786, "tipo_via": "CL", "grupo_via": "V", "name": "59A-18B", "nombre_comun": " ", "label": "CL 59A" }, "geometry": { "type": "LineString", "coordinates": [ [ -75.540295984647898, 6.252334069399055 ], [ -75.540313870934369, 6.252334736042672 ], [ -75.540365084264096, 6.252320136551381 ], [ -75.540389162509143, 6.252311685123429 ], [ -75.540425626362804, 6.252314910983646 ], [ -75.540460036740527, 6.252313124430699 ], [ -75.540479604231521, 6.252313185321919 ], [ -75.540619840078449, 6.252296951971431 ], [ -75.540676307290525, 6.252295267595401 ], [ -75.540733979419713, 6.252301741512359 ], [ -75.540799951025178, 6.252268530908542 ], [ -75.540799145155574, 6.252260123857964 ], [ -75.540854695546273, 6.252237163830691 ], [ -75.540892343873097, 6.252231783120691 ], [ -75.540894645186512, 6.252197005296598 ], [ -75.540901579563183, 6.252184093600467 ], [ -75.540910902777412, 6.252152281659318 ], [ -75.540927377219802, 6.252075196119972 ], [ -75.541023114478847, 6.25201312879259 ], [ -75.541073990941328, 6.25201391342851 ], [ -75.541103070174913, 6.252029995258122 ], [ -75.541131602451301, 6.251994190081777 ] ] } },
{ "type": "Feature", "properties": { "objectid": 5908, "tipo_via": "CR", "grupo_via": "SP", "name": "18B-59A-24", "nombre_comun": null, "label": "CR 18B #59A-24" }, "geometry": { "type": "LineString", "coordinates": [ [ -75.540042458177439, 6.252321088841632 ], [ -75.540030066444103, 6.252397406064734 ], [ -75.540030482774824, 6.252453882111392 ], [ -75.540030014067796, 6.252490603976318 ], [ -75.540009422543974, 6.252576738814343 ], [ -75.540015961660842, 6.252583942806942 ], [ -75.540014283979673, 6.25268464456842 ], [ -75.540007254455304, 6.25271079020935 ], [ -75.540024709954096, 6.252812351494424 ], [ -75.540068298392924, 6.252854954962202 ], [ -75.54008312101962, 6.252861444433801 ] ] } },
{ "type": "Feature", "properties": { "objectid": 6123, "tipo_via": "CL", "grupo_via": "VP", "name": "60-17C", "nombre_comun": null, "label": "CL 60" }, "geometry": { "type": "LineString", "coordinates": [ [ -75.538469089310993, 6.254210339139909 ], [ -75.538508376123687, 6.25417336362575 ], [ -75.538528149279841, 6.254174270722027 ], [ -75.53855712040567, 6.254179534583789 ], [ -75.538555083734252, 6.254188298951779 ], [ -75.538593494303925, 6.254191416934784 ], [ -75.538692412980367, 6.254189504003069 ], [ -75.53872969345953, 6.254197156138437 ], [ -75.538831403172267, 6.254219035879527 ], [ -75.538889658536178, 6.254266351295146 ] ] } },
{ "type": "Feature", "properties": { "objectid": 6601, "tipo_via": "CL", "grupo_via": "SP", "name": "57B-16D-59", "nombre_comun": null, "label": "CL 57B #16D-59" }, "geometry": { "type": "LineString", "coordinates": [ [ -75.538901154476662, 6.250621366550783 ], [ -75.538858942061395, 6.250625514220694 ], [ -75.538808280266224, 6.250604229329153 ], [ -75.538706395939343, 6.250594316077811 ], [ -75.538699492771542, 6.250575690344454 ] ] } },
{ "type": "Feature", "properties": { "objectid": 6644, "tipo_via": "TV", "grupo_via": "VP", "name": "62B-18", "nombre_comun": null, "label": "TV 62B" }, "geometry": { "type": "LineString", "coordinates": [ [ -75.539140680288142, 6.254894540210558 ], [ -75.539213518834643, 6.254968139011532 ], [ -75.539295209418597, 6.255049103288833 ] ] } },
{ "type": "Feature", "properties": { "objectid": 6677, "tipo_via": "CR", "grupo_via": "VP", "name": "16D-57B", "nombre_comun": null, "label": "CR 16D" }, "geometry": { "type": "LineString", "coordinates": [ [ -75.538333845379753, 6.251036885211263 ], [ -75.538335872519227, 6.251134588342472 ], [ -75.538314092833815, 6.251170212532815 ], [ -75.538238597466773, 6.251314169349363 ], [ -75.538242856879322, 6.251377724200941 ], [ -75.538233882736463, 6.251575958186289 ], [ -75.538202439567286, 6.251625528896987 ] ] } },
{ "type": "Feature", "properties": { "objectid": 6906, "tipo_via": "CL", "grupo_via": "VP", "name": "60AB-17C", "nombre_comun": null, "label": "CL 60AB" }, "geometry": { "type": "LineString", "coordinates": [ [ -75.538411233270836, 6.254439503076821 ], [ -75.538427726166177, 6.254442733322768 ], [ -75.538551159540958, 6.25443140221182 ], [ -75.538661276779564, 6.254424147890242 ], [ -75.538665636671865, 6.254385123392954 ] ] } },
{ "type": "Feature", "properties": { "objectid": 7282, "tipo_via": "CR", "grupo_via": "V", "name": "18AA-59", "nombre_comun": " ", "label": "CR 18AA" }, "geometry": { "type": "LineString", "coordinates": [ [ -75.539748969127743, 6.25302907934807 ], [ -75.53978641108155, 6.253164324365499 ], [ -75.539852721396144, 6.25327869218008 ], [ -75.539875901532312, 6.253383992324425 ], [ -75.539976325126304, 6.253789387891756 ], [ -75.539979147373074, 6.253915799821416 ] ] } },
{ "type": "Feature", "properties": { "objectid": 7419, "tipo_via": "CL", "grupo_via": "SP", "name": "59C-18B-40", "nombre_comun": null, "label": "CL 59C #18B-40" }, "geometry": { "type": "LineString", "coordinates": [ [ -75.540318955764832, 6.25338453154417 ], [ -75.540354097306931, 6.253556947466524 ] ] } },
{ "type": "Feature", "properties": { "objectid": 7862, "tipo_via": "CL", "grupo_via": "SP", "name": "59C-59C", "nombre_comun": null, "label": "SR 18B #18B-16" }, "geometry": { "type": "LineString", "coordinates": [ [ -75.540742058661166, 6.253193720406657 ], [ -75.540741455290686, 6.253264089406769 ], [ -75.540707061667874, 6.253339689381853 ] ] } },
{ "type": "Feature", "properties": { "objectid": 8339, "tipo_via": "CL", "grupo_via": "VP", "name": "60-17D", "nombre_comun": null, "label": "CL 60" }, "geometry": { "type": "LineString", "coordinates": [ [ -75.53882687485158, 6.254099447282643 ], [ -75.538985537848887, 6.254007477994895 ] ] } },
{ "type": "Feature", "properties": { "objectid": 8429, "tipo_via": "CL", "grupo_via": "V", "name": "63-18B", "nombre_comun": "DARIEN", "label": "CL 63" }, "geometry": { "type": "LineString", "coordinates": [ [ -75.540378773507214, 6.254954158774692 ], [ -75.540401169835306, 6.254948390700468 ], [ -75.540414615912127, 6.254936432071325 ], [ -75.54042985532017, 6.254911914795313 ], [ -75.540438521737684, 6.254878427980571 ], [ -75.540438532779135, 6.254841437108902 ], [ -75.540435545272757, 6.254817392248713 ], [ -75.540425352530576, 6.254780118925371 ], [ -75.540408649839421, 6.254725041682308 ], [ -75.540403571934689, 6.25468348073028 ], [ -75.540406561388721, 6.254659860822067 ], [ -75.540415525141441, 6.25464939577044 ], [ -75.540424489775432, 6.254644911412265 ], [ -75.540431362232582, 6.254643117864641 ] ] } },
{ "type": "Feature", "properties": { "objectid": 8512, "tipo_via": "CR", "grupo_via": "SP", "name": "16D-57B-28", "nombre_comun": null, "label": "CR 16D #57B-28" }, "geometry": { "type": "LineString", "coordinates": [ [ -75.538085134500434, 6.251082078848315 ], [ -75.538040406913311, 6.251066984621514 ] ] } },
{ "type": "Feature", "properties": { "objectid": 8650, "tipo_via": "CL", "grupo_via": "V", "name": "57B-16B", "nombre_comun": " ", "label": "CL 57B" }, "geometry": { "type": "LineString", "coordinates": [ [ -75.538333845379753, 6.251036885211263 ], [ -75.53864740277578, 6.25099270092804 ], [ -75.538668557689846, 6.250965791785092 ], [ -75.538723614083139, 6.250990617652236 ], [ -75.538756015932719, 6.251013175142041 ], [ -75.538825749607525, 6.251045837456609 ], [ -75.538858787275458, 6.251054297652202 ], [ -75.538892340775973, 6.251059373067582 ], [ -75.538922150588235, 6.251076522006207 ], [ -75.538970259679871, 6.251096234290564 ], [ -75.539015632159462, 6.251133942590919 ], [ -75.539094918744524, 6.25115015809819 ], [ -75.53914254161468, 6.251137822826661 ], [ -75.539167043981692, 6.251125331652701 ], [ -75.539286952146426, 6.251056374224099 ], [ -75.539292688707832, 6.251051926298578 ], [ -75.539296274351329, 6.251048481482041 ], [ -75.539299860243204, 6.251043028630674 ], [ -75.539301007575929, 6.251037574905259 ], [ -75.539301295255839, 6.25103240832102 ], [ -75.539301737505852, 6.251020516201879 ], [ -75.539306915544898, 6.250957994411547 ], [ -75.53930991279698, 6.250946829510317 ], [ -75.539352326988876, 6.250894062177793 ], [ -75.539521419230283, 6.250835627804991 ], [ -75.539547457959614, 6.250825847863477 ], [ -75.539634658957212, 6.250803081327125 ], [ -75.539705413252179, 6.250795429646834 ], [ -75.539828440732165, 6.250733523616916 ], [ -75.539925816549058, 6.250710491786031 ], [ -75.539990520050651, 6.250703774334019 ], [ -75.540137574761062, 6.250710288322187 ] ] } },
{ "type": "Feature", "properties": { "objectid": 8750, "tipo_via": "CL", "grupo_via": "SP", "name": "57B-17A-26", "nombre_comun": null, "label": "CL 57B #17A-26" }, "geometry": { "type": "LineString", "coordinates": [ [ -75.540462826552655, 6.251133833907919 ], [ -75.540470884607103, 6.251118803877299 ], [ -75.540498936064211, 6.251085953889866 ], [ -75.540557378345611, 6.251121911754738 ], [ -75.540613168568967, 6.251116080837128 ], [ -75.540635717012222, 6.251062881491034 ], [ -75.540649962173347, 6.251016773455136 ], [ -75.540663141429036, 6.250975016636922 ] ] } },
{ "type": "Feature", "properties": { "objectid": 8843, "tipo_via": "CR", "grupo_via": "SP", "name": "17B-57-96", "nombre_comun": null, "label": "CR 17B #57-96" }, "geometry": { "type": "LineString", "coordinates": [ [ -75.540058301965033, 6.249908068749781 ], [ -75.540030145988965, 6.249976735599673 ], [ -75.539951854080371, 6.250155531416315 ], [ -75.539910338937474, 6.250209225641214 ], [ -75.539868154097732, 6.250312864442663 ], [ -75.539786923027648, 6.250389630061385 ], [ -75.53976682272507, 6.250418439989615 ] ] } },
{ "type": "Feature", "properties": { "objectid": 8844, "tipo_via": "CR", "grupo_via": "V", "name": "18B-62", "nombre_comun": " ", "label": "CR 18B" }, "geometry": { "type": "LineString", "coordinates": [ [ -75.540187513322522, 6.254266923813054 ], [ -75.540220898427208, 6.254363361258769 ] ] } },
{ "type": "Feature", "properties": { "objectid": 9050, "tipo_via": "CL", "grupo_via": "VP", "name": "59D-17B", "nombre_comun": "SANTA ELENA", "label": "CL 59D" }, "geometry": { "type": "LineString", "coordinates": [ [ -75.537645366109331, 6.254050610818035 ], [ -75.537758691687543, 6.254087728658737 ], [ -75.538066694340486, 6.254150063595271 ] ] } },
{ "type": "Feature", "properties": { "objectid": 9227, "tipo_via": "CR", "grupo_via": "VP", "name": "17BB-59D", "nombre_comun": null, "label": "CR 17BB" }, "geometry": { "type": "LineString", "coordinates": [ [ -75.538066694340486, 6.254150063595271 ], [ -75.538045227104035, 6.254278531508414 ], [ -75.538043259911646, 6.254299822934307 ] ] } },
{ "type": "Feature", "properties": { "objectid": 9346, "tipo_via": "CL", "grupo_via": "SP", "name": "59-16D-130", "nombre_comun": null, "label": "CL 59 #16D-130" }, "geometry": { "type": "LineString", "coordinates": [ [ -75.539980848725307, 6.252178037039084 ], [ -75.54002304404716, 6.252248183803862 ], [ -75.540042458177439, 6.252321088841632 ], [ -75.540114128075658, 6.252317030965568 ], [ -75.540154293336769, 6.252325443017413 ], [ -75.540261182549614, 6.252325648606632 ], [ -75.540295984647898, 6.252334069399055 ] ] } },
{ "type": "Feature", "properties": { "objectid": 9969, "tipo_via": "CL", "grupo_via": "SP", "name": "61A-17BB-41", "nombre_comun": null, "label": "CL 61A #17BB-41" }, "geometry": { "type": "LineString", "coordinates": [ [ -75.538365129173187, 6.254713592558271 ], [ -75.538372727842244, 6.254691535257856 ], [ -75.538358769571644, 6.254647182747409 ], [ -75.538363066761534, 6.25462979396895 ], [ -75.538382165389507, 6.254591094232458 ] ] } },
{ "type": "Feature", "properties": { "objectid": 10150, "tipo_via": "CR", "grupo_via": "SP", "name": "16D-57B-44", "nombre_comun": null, "label": "CR 16D #57B-44" }, "geometry": { "type": "LineString", "coordinates": [ [ -75.538179212001523, 6.251412704367569 ], [ -75.538108099052579, 6.251419278104833 ] ] } },
{ "type": "Feature", "properties": { "objectid": 10179, "tipo_via": "CL", "grupo_via": "VP", "name": "61-18", "nombre_comun": null, "label": "CL 61" }, "geometry": { "type": "LineString", "coordinates": [ [ -75.539169822052699, 6.254630681486299 ], [ -75.539269240745341, 6.254612558878574 ] ] } },
{ "type": "Feature", "properties": { "objectid": 10259, "tipo_via": "CL", "grupo_via": "VP", "name": "57B-16C", "nombre_comun": null, "label": "CL 57B" }, "geometry": { "type": "LineString", "coordinates": [ [ -75.537626586240293, 6.250950178988117 ], [ -75.537664213117523, 6.25094521362529 ], [ -75.537796255245922, 6.250937997650729 ], [ -75.537884064120703, 6.250929200600654 ], [ -75.537938539581518, 6.250919937970678 ], [ -75.537952075995861, 6.250920150159422 ], [ -75.537984786695148, 6.2509188900677 ], [ -75.53805237122269, 6.250924642012612 ], [ -75.538079524510579, 6.250921330199224 ], [ -75.538179862490637, 6.250919327576085 ], [ -75.538230716711411, 6.250919060251997 ], [ -75.538252141568805, 6.250908586591181 ], [ -75.538296327919269, 6.250900637574489 ], [ -75.538320265773407, 6.250876939065084 ], [ -75.538348149554295, 6.250857054935149 ], [ -75.538395244196934, 6.250832232869183 ], [ -75.538474186479803, 6.250778953707735 ], [ -75.538566055272867, 6.250794058870904 ], [ -75.538620971272451, 6.250782670291132 ] ] } },
{ "type": "Feature", "properties": { "objectid": 10426, "tipo_via": "CL", "grupo_via": "SP", "name": "57E-17BB-122", "nombre_comun": null, "label": "CL 57E #17BB-122" }, "geometry": { "type": "LineString", "coordinates": [ [ -75.539145272846966, 6.251457229862149 ], [ -75.539180487806419, 6.251480069357883 ], [ -75.539219928889267, 6.251493824700645 ], [ -75.539268930411467, 6.251496817394849 ] ] } },
{ "type": "Feature", "properties": { "objectid": 10772, "tipo_via": "CL", "grupo_via": "SP", "name": "59-18B-66", "nombre_comun": null, "label": "CL 59 #18B-66" }, "geometry": { "type": "LineString", "coordinates": [ [ -75.540550213682835, 6.251723729353938 ], [ -75.540531808276185, 6.251856739917931 ], [ -75.540514408985345, 6.251945511058677 ] ] } },
{ "type": "Feature", "properties": { "objectid": 11530, "tipo_via": "CL", "grupo_via": "VP", "name": "61B-17B", "nombre_comun": null, "label": "CL 61B" }, "geometry": { "type": "LineString", "coordinates": [ [ -75.537704650761938, 6.254965478823837 ], [ -75.537713182673286, 6.254961746101696 ], [ -75.537973517043355, 6.254867653725351 ] ] } },
{ "type": "Feature", "properties": { "objectid": 11783, "tipo_via": "CR", "grupo_via": "SP", "name": "18BB-59A-22", "nombre_comun": null, "label": "CR 18BB #59A-22" }, "geometry": { "type": "LineString", "coordinates": [ [ -75.541150721335455, 6.252136512290816 ], [ -75.541128548954433, 6.252128760089837 ], [ -75.541109650759211, 6.252160828996519 ], [ -75.541104984056602, 6.252233948047065 ] ] } },
{ "type": "Feature", "properties": { "objectid": 12609, "tipo_via": "CL", "grupo_via": "SP", "name": "57E-17BB-122", "nombre_comun": null, "label": "CL 57E #17BB-122" }, "geometry": { "type": "LineString", "coordinates": [ [ -75.539268930411467, 6.251496817394849 ], [ -75.539310164124657, 6.251501602504669 ], [ -75.539337055161823, 6.251517151668547 ], [ -75.53934542030548, 6.25152193649069 ] ] } },
{ "type": "Feature", "properties": { "objectid": 12929, "tipo_via": "CL", "grupo_via": "SP", "name": "59C-18B-75", "nombre_comun": null, "label": "CL 59C #18B-75" }, "geometry": { "type": "LineString", "coordinates": [ [ -75.540249283060533, 6.253010029189531 ], [ -75.54025851433444, 6.25303213890454 ], [ -75.540354146385539, 6.253085932204184 ], [ -75.540425704415284, 6.253118934318882 ], [ -75.540460869254872, 6.253155869905989 ], [ -75.540483651721544, 6.253229508106688 ] ] } },
{ "type": "Feature", "properties": { "objectid": 13005, "tipo_via": "CL", "grupo_via": "VP", "name": "62B-17C", "nombre_comun": null, "label": "CL 62B" }, "geometry": { "type": "LineString", "coordinates": [ [ -75.538675233362682, 6.255096457310131 ], [ -75.538761785105152, 6.255051532152821 ], [ -75.538921532898527, 6.255011658817471 ], [ -75.539002614625616, 6.254976253259801 ], [ -75.539063567964945, 6.25494553066701 ], [ -75.539106560266433, 6.254917957136104 ], [ -75.539140680288142, 6.254894540210558 ] ] } },
{ "type": "Feature", "properties": { "objectid": 13383, "tipo_via": "CR", "grupo_via": "VP", "name": "17BB-59CC", "nombre_comun": null, "label": "CR 17BB" }, "geometry": { "type": "LineString", "coordinates": [ [ -75.538079530945978, 6.253970790969421 ], [ -75.538074796393673, 6.254017564634388 ], [ -75.538069198605513, 6.254114248613126 ], [ -75.538066694340486, 6.254150063595271 ] ] } },
{ "type": "Feature", "properties": { "objectid": 13417, "tipo_via": "TV", "grupo_via": "VP", "name": "60-17C", "nombre_comun": null, "label": "TV 60" }, "geometry": { "type": "LineString", "coordinates": [ [ -75.538665636671865, 6.254385123392954 ], [ -75.538889658536178, 6.254266351295146 ] ] } },
{ "type": "Feature", "properties": { "objectid": 13620, "tipo_via": "CL", "grupo_via": "VP", "name": "61-18A", "nombre_comun": null, "label": "CL 61" }, "geometry": { "type": "LineString", "coordinates": [ [ -75.539269240745341, 6.254612558878574 ], [ -75.539334037530438, 6.254602976634329 ], [ -75.539463041090471, 6.254585308570745 ], [ -75.539487663086049, 6.254594012749178 ] ] } },
{ "type": "Feature", "properties": { "objectid": 13744, "tipo_via": "CR", "grupo_via": "VP", "name": "17BB-61A", "nombre_comun": null, "label": "CR 17BB" }, "geometry": { "type": "LineString", "coordinates": [ [ -75.538060781324646, 6.25459817788168 ], [ -75.538036084174863, 6.25461265545157 ], [ -75.537943358151992, 6.254681994255446 ], [ -75.537933616453202, 6.254698084820033 ], [ -75.537896763286739, 6.254716831584103 ], [ -75.537841302557695, 6.254741619136087 ], [ -75.537853538543757, 6.254800167344915 ], [ -75.537918843735255, 6.25483393955015 ], [ -75.537984096983749, 6.254856947623129 ], [ -75.537973517043355, 6.254867653725351 ] ] } },
{ "type": "Feature", "properties": { "objectid": 14385, "tipo_via": "CL", "grupo_via": "SP", "name": "57B-16C-51", "nombre_comun": null, "label": "CL 57B #16C-51" }, "geometry": { "type": "LineString", "coordinates": [ [ -75.538179862490637, 6.250919327576085 ], [ -75.538182115505052, 6.250907084947082 ], [ -75.538193087834102, 6.250783118721682 ] ] } },
{ "type": "Feature", "properties": { "objectid": 14391, "tipo_via": "CL", "grupo_via": "V", "name": "62-18B", "nombre_comun": "URABA", "label": "CL 62" }, "geometry": { "type": "LineString", "coordinates": [ [ -75.540085381196349, 6.254083115465873 ], [ -75.540247210258059, 6.25407506739761 ], [ -75.540305056106433, 6.254078179862397 ], [ -75.540337602445646, 6.254064750096163 ], [ -75.540390748515293, 6.254055573090667 ], [ -75.540432231369294, 6.254042502427815 ], [ -75.540541175326737, 6.25404884764831 ] ] } },
{ "type": "Feature", "properties": { "objectid": 14732, "tipo_via": "CL", "grupo_via": "V", "name": "62-18C", "nombre_comun": "URABA", "label": "CL 62" }, "geometry": { "type": "LineString", "coordinates": [ [ -75.540541175326737, 6.25404884764831 ], [ -75.540668388316945, 6.254064569618775 ], [ -75.540743684250756, 6.254071747497798 ], [ -75.54079592841552, 6.254077121062906 ], [ -75.540854738500272, 6.254083457382492 ], [ -75.540989248255926, 6.25408609945434 ], [ -75.541019654887236, 6.254091896885817 ], [ -75.541089344929503, 6.254091486503995 ], [ -75.541154430968177, 6.25408066042531 ], [ -75.541203673114353, 6.254061047994013 ] ] } },
{ "type": "Feature", "properties": { "objectid": 14815, "tipo_via": "CL", "grupo_via": "SP", "name": "59C-18B-81", "nombre_comun": null, "label": "CL 59C #18B-81" }, "geometry": { "type": "LineString", "coordinates": [ [ -75.540460036740527, 6.252313124430699 ], [ -75.540465042563099, 6.252483846214116 ], [ -75.540457202512584, 6.252484898537682 ], [ -75.540457249414487, 6.252500972510323 ], [ -75.540447209916508, 6.252501210919509 ], [ -75.540452673703967, 6.253011847501382 ], [ -75.54047231516023, 6.253015432251558 ], [ -75.540505822219757, 6.253006753483071 ], [ -75.540571217478742, 6.253006467065707 ], [ -75.540607963594425, 6.253113210480223 ], [ -75.54061413471257, 6.253186951607715 ] ] } },
{ "type": "Feature", "properties": { "objectid": 15155, "tipo_via": "CL", "grupo_via": "V", "name": "59-18B", "nombre_comun": "RESTREPO URIBE", "label": "CL 59" }, "geometry": { "type": "LineString", "coordinates": [ [ -75.538779302949678, 6.253504123736164 ], [ -75.538872467220187, 6.25324298795437 ], [ -75.538989115254381, 6.253284135410638 ], [ -75.539062011026132, 6.253064551167951 ], [ -75.539084673003032, 6.252954718544474 ], [ -75.539260679074815, 6.252901434747136 ], [ -75.539252075567887, 6.252864120216905 ], [ -75.539253034059143, 6.252811496243559 ], [ -75.539267704873367, 6.252767442978558 ], [ -75.539358217772445, 6.25265937272151 ], [ -75.539409643954187, 6.252614354318244 ], [ -75.539442294226802, 6.252565748740338 ], [ -75.539472003990923, 6.252466316432512 ], [ -75.539513457023403, 6.252406837947152 ], [ -75.539605100535439, 6.252337413020912 ], [ -75.539736967177106, 6.252273981396706 ], [ -75.539855637703283, 6.252224693279532 ], [ -75.539897340884963, 6.252197579882942 ], [ -75.539946487173523, 6.252178335153409 ], [ -75.539980848725307, 6.252178037039084 ], [ -75.540002960098363, 6.252166975925358 ], [ -75.540067286756084, 6.252113983250158 ], [ -75.540258126889384, 6.251982647015369 ], [ -75.540279867277107, 6.25195033021488 ], [ -75.540312268999742, 6.251902479861232 ], [ -75.540379340096109, 6.251831827453275 ], [ -75.540372060586861, 6.251809376487846 ], [ -75.540354542022754, 6.251745829808211 ], [ -75.540359689005427, 6.251705165105371 ], [ -75.540361383343082, 6.251684823442782 ], [ -75.540358043058347, 6.251673775977702 ], [ -75.540352018881819, 6.251663937627924 ], [ -75.540346012934009, 6.251657687609053 ], [ -75.540336436037038, 6.251654743108329 ], [ -75.540329669559782, 6.251652468528576 ], [ -75.540328623686648, 6.251645811186034 ], [ -75.540341335863161, 6.251617342539247 ], [ -75.540353081106915, 6.251607549377231 ], [ -75.54037715515274, 6.251601228069956 ], [ -75.540421915056015, 6.251648269583516 ], [ -75.540449849246471, 6.251671218304514 ], [ -75.54048440319157, 6.251692063697494 ], [ -75.540550213682835, 6.251723729353938 ], [ -75.540572226088798, 6.251730164168673 ], [ -75.5406116914439, 6.251737716158251 ], [ -75.540646514316535, 6.251743525766526 ], [ -75.540684856272819, 6.251748012819296 ], [ -75.540694523932032, 6.25174935840433 ], [ -75.540710183214756, 6.251753986777394 ], [ -75.540724542437232, 6.251743289515162 ], [ -75.540757151437106, 6.251766065525172 ], [ -75.540787043978895, 6.251776944808765 ], [ -75.540839112808982, 6.25182052343667 ], [ -75.540851584182533, 6.251826575825329 ], [ -75.540896659901065, 6.251816272488403 ], [ -75.540924330941337, 6.251807177125239 ], [ -75.540950578512025, 6.251798549741478 ], [ -75.54104682467252, 6.251775637928669 ] ] } },
{ "type": "Feature", "properties": { "objectid": 15164, "tipo_via": "CR", "grupo_via": "V", "name": "18B-63", "nombre_comun": " ", "label": "CR 18B" }, "geometry": { "type": "LineString", "coordinates": [ [ -75.540220898427208, 6.254363361258769 ], [ -75.54025363917259, 6.254513260127095 ], [ -75.540272165267268, 6.254693692683908 ], [ -75.54029731737468, 6.254866382016232 ], [ -75.540308843692458, 6.254897857155504 ], [ -75.540318703622276, 6.254912806865735 ], [ -75.540334239218964, 6.254927158627416 ], [ -75.540355155218506, 6.254941511485871 ], [ -75.540378773507214, 6.254954158774692 ], [ -75.540374905987349, 6.255055239071545 ], [ -75.540370312542933, 6.255137905223839 ], [ -75.540351186738107, 6.255209471376507 ], [ -75.540341695696, 6.255257043720485 ], [ -75.540330161611124, 6.255314859586742 ], [ -75.540316199242653, 6.255385278762216 ], [ -75.540291320705805, 6.25545402298756 ], [ -75.540284067520574, 6.255482677726819 ], [ -75.540250599304784, 6.255545249546681 ], [ -75.540218017523202, 6.255569875130368 ], [ -75.540182373606953, 6.255641977771629 ], [ -75.540165553064398, 6.255680902488099 ], [ -75.540154386232828, 6.255732824488845 ], [ -75.540156489574741, 6.25575731845301 ], [ -75.540161533251634, 6.255784308007471 ], [ -75.540162797304546, 6.25580320596368 ], [ -75.540161899063477, 6.255842075357336 ], [ -75.54015890956164, 6.255879150260535 ], [ -75.540151814142348, 6.255896138486654 ], [ -75.540137095224239, 6.255917121792336 ], [ -75.540102491096889, 6.25595459735746 ], [ -75.540020312243868, 6.256022300582224 ], [ -75.540011775506869, 6.256029332469397 ], [ -75.539958288400115, 6.256056983076316 ], [ -75.539895512314516, 6.256075849055853 ], [ -75.539846418125236, 6.256084247042557 ], [ -75.539755676344853, 6.256079131093132 ], [ -75.539686501643899, 6.256077062547884 ], [ -75.539668573445994, 6.256084956268704 ], [ -75.539629130942899, 6.256127291317298 ], [ -75.539611919667223, 6.25613303159124 ], [ -75.539472840099691, 6.256179194652296 ] ] } },
{ "type": "Feature", "properties": { "objectid": 15931, "tipo_via": "CL", "grupo_via": "SP", "name": "59A-18B-27", "nombre_comun": null, "label": "CL 59A #18B-27" }, "geometry": { "type": "LineString", "coordinates": [ [ -75.540464135910824, 6.252075116226782 ], [ -75.540457605588017, 6.252168340006263 ], [ -75.540460031417723, 6.252183853680648 ], [ -75.54047511795568, 6.252283544922904 ], [ -75.540479604231521, 6.252313185321919 ] ] } },
{ "type": "Feature", "properties": { "objectid": 17042, "tipo_via": "CR", "grupo_via": "V", "name": "18C-63", "nombre_comun": " ", "label": "CR 18C" }, "geometry": { "type": "LineString", "coordinates": [ [ -75.540431362232582, 6.254643117864641 ], [ -75.540448991154392, 6.254638933350533 ], [ -75.540474090090513, 6.254637140241827 ], [ -75.540509929020274, 6.254655170262847 ], [ -75.540542796203979, 6.254683277416023 ], [ -75.540641152379976, 6.254832381429502 ], [ -75.54071333170539, 6.255040485058629 ] ] } },
{ "type": "Feature", "properties": { "objectid": 17126, "tipo_via": "CL", "grupo_via": "VP", "name": "61A-17BB", "nombre_comun": null, "label": "CL 61A" }, "geometry": { "type": "LineString", "coordinates": [ [ -75.538060781324646, 6.25459817788168 ], [ -75.538151778926547, 6.254590249358147 ], [ -75.5382109260877, 6.254601998164366 ], [ -75.538280322083068, 6.254657243129407 ], [ -75.5383087893279, 6.254691760197631 ], [ -75.538365129173187, 6.254713592558271 ], [ -75.538378791304496, 6.254724668814284 ], [ -75.538449708150424, 6.25479811432176 ], [ -75.538533608397515, 6.254885210638073 ], [ -75.538620836147629, 6.254832276326804 ], [ -75.538688560018457, 6.254791177094755 ], [ -75.538767748684322, 6.254794095217578 ], [ -75.538862860598698, 6.25479509919549 ], [ -75.538889172366282, 6.254800101029375 ] ] } },
{ "type": "Feature", "properties": { "objectid": 17468, "tipo_via": "CR", "grupo_via": "SP", "name": "18C-63-31", "nombre_comun": null, "label": "CR 18C #63-31" }, "geometry": { "type": "LineString", "coordinates": [ [ -75.540631986009359, 6.254818485279431 ], [ -75.540653351448825, 6.25472987394005 ], [ -75.540675210783348, 6.25466924878831 ], [ -75.540600813818941, 6.254597187550467 ] ] } },
{ "type": "Feature", "properties": { "objectid": 17877, "tipo_via": "CR", "grupo_via": "VP", "name": "18A-60AB", "nombre_comun": null, "label": "CR 18A" }, "geometry": { "type": "LineString", "coordinates": [ [ -75.539144847683062, 6.254296355677883 ], [ -75.539198624910952, 6.254355196619192 ], [ -75.539218684012241, 6.254399422847556 ], [ -75.539227437854521, 6.254430059770937 ], [ -75.539261362726364, 6.254573944357216 ], [ -75.539269240745341, 6.254612558878574 ] ] } },
{ "type": "Feature", "properties": { "objectid": 17949, "tipo_via": "CL", "grupo_via": "SP", "name": "57B-16D-46", "nombre_comun": null, "label": "CL 57B #16D-46" }, "geometry": { "type": "LineString", "coordinates": [ [ -75.539023827376965, 6.251262858379936 ], [ -75.539004391392268, 6.25126121187383 ] ] } },
{ "type": "Feature", "properties": { "objectid": 18290, "tipo_via": "CL", "grupo_via": "SP", "name": "57B-16D-46", "nombre_comun": null, "label": "CL 57B #16D-46" }, "geometry": { "type": "LineString", "coordinates": [ [ -75.538980255654849, 6.251365602511271 ], [ -75.538949353613674, 6.25136551946608 ], [ -75.538935534007706, 6.251368221727084 ], [ -75.538906321421763, 6.251419050141344 ], [ -75.538891596066293, 6.251447876593109 ], [ -75.538910393485565, 6.251488886730505 ], [ -75.538922410302533, 6.251502224904955 ], [ -75.538949805190171, 6.251531754664622 ], [ -75.538958057585788, 6.251557549808086 ], [ -75.538948728284041, 6.251605916089633 ] ] } },
{ "type": "Feature", "properties": { "objectid": 18315, "tipo_via": "CL", "grupo_via": "SP", "name": "61A-17BB-71", "nombre_comun": null, "label": "CL 61A #17BB-71" }, "geometry": { "type": "LineString", "coordinates": [ [ -75.538688560018457, 6.254791177094755 ], [ -75.5386855777992, 6.254758291752725 ], [ -75.538693399706943, 6.254734006544109 ], [ -75.538707510488635, 6.254685856717249 ], [ -75.538710538556018, 6.254644577472267 ], [ -75.538709741510445, 6.254628075843491 ], [ -75.538688220667154, 6.254632537693198 ], [ -75.538608198506353, 6.254647301694249 ] ] } },
{ "type": "Feature", "properties": { "objectid": 18338, "tipo_via": "CL", "grupo_via": "SP", "name": "57B-16D-46", "nombre_comun": null, "label": "CL 57B #16D-46" }, "geometry": { "type": "LineString", "coordinates": [ [ -75.539035889682751, 6.251388232154541 ], [ -75.538980255654849, 6.251365602511271 ] ] } },
{ "type": "Feature", "properties": { "objectid": 18379, "tipo_via": "CR", "grupo_via": "SP", "name": "18C-59B-30", "nombre_comun": null, "label": "CR 18C #59B-30" }, "geometry": { "type": "LineString", "coordinates": [ [ -75.541115766476437, 6.25259197000683 ], [ -75.541107255104492, 6.252630240608827 ], [ -75.541202679383716, 6.252654689117411 ] ] } },
{ "type": "Feature", "properties": { "objectid": 18445, "tipo_via": "CL", "grupo_via": "SP", "name": "61A-17BB-36", "nombre_comun": null, "label": "CL 61A #17BB-36" }, "geometry": { "type": "LineString", "coordinates": [ [ -75.53835503887214, 6.254709682215808 ], [ -75.538315060848504, 6.254722887428276 ], [ -75.538143201414073, 6.254720256163437 ], [ -75.538143675341459, 6.254806845304206 ], [ -75.538102083030878, 6.254810191720575 ] ] } },
{ "type": "Feature", "properties": { "objectid": 18744, "tipo_via": "CL", "grupo_via": "SP", "name": "57B-16D-46", "nombre_comun": null, "label": "CL 57B #16D-46" }, "geometry": { "type": "LineString", "coordinates": [ [ -75.539144015326684, 6.251443407538141 ], [ -75.539153753547339, 6.251380926089309 ], [ -75.539137457234261, 6.251265816382064 ], [ -75.539023827376965, 6.251262858379936 ] ] } },
{ "type": "Feature", "properties": { "objectid": 18810, "tipo_via": "CR", "grupo_via": "V", "name": "19-61", "nombre_comun": "SANTA ELENA", "label": "CR 19" }, "geometry": { "type": "LineString", "coordinates": [ [ -75.539487663090412, 6.254594013653267 ], [ -75.539487796466929, 6.254594691092482 ], [ -75.539500335372878, 6.254658496042746 ], [ -75.539504135788349, 6.254738442770329 ], [ -75.539506664170247, 6.254823462292541 ], [ -75.53951553789561, 6.254897066551099 ], [ -75.539553013533279, 6.254996947040111 ] ] } },
{ "type": "Feature", "properties": { "objectid": 19167, "tipo_via": "CR", "grupo_via": "VP", "name": "18-61A", "nombre_comun": null, "label": "CR 18" }, "geometry": { "type": "LineString", "coordinates": [ [ -75.539145221193422, 6.254820971424918 ], [ -75.539142216141798, 6.254848857930685 ], [ -75.539140680288142, 6.254894540210558 ] ] } },
{ "type": "Feature", "properties": { "objectid": 19193, "tipo_via": "CL", "grupo_via": "SP", "name": "57B-16D-32", "nombre_comun": null, "label": "CL 57B #16D-32" }, "geometry": { "type": "LineString", "coordinates": [ [ -75.538556402342309, 6.251400686602775 ], [ -75.538640809661189, 6.251373001737725 ], [ -75.538654152468368, 6.251363047185976 ], [ -75.538659728540011, 6.251228514477038 ], [ -75.538651131156485, 6.251204056362019 ] ] } },
{ "type": "Feature", "properties": { "objectid": 19503, "tipo_via": "CR", "grupo_via": "VP", "name": "17D-60AB", "nombre_comun": null, "label": "CR 17D" }, "geometry": { "type": "LineString", "coordinates": [ [ -75.538898339184939, 6.254379154338022 ], [ -75.538948048702508, 6.254585822910858 ], [ -75.53890796659843, 6.254693493959568 ], [ -75.538889172366282, 6.254800101029375 ] ] } },
{ "type": "Feature", "properties": { "objectid": 19530, "tipo_via": "CR", "grupo_via": "V", "name": "18B-59", "nombre_comun": " ", "label": "CR 18B" }, "geometry": { "type": "LineString", "coordinates": [ [ -75.540279867277107, 6.25195033021488 ], [ -75.540284013212869, 6.251996874634993 ], [ -75.54027624666773, 6.252039909024446 ], [ -75.540290111092347, 6.252081108362475 ], [ -75.540290649467892, 6.252124871998026 ], [ -75.540279820964315, 6.252226478698218 ], [ -75.540282985339616, 6.252260971533549 ], [ -75.540295984647898, 6.252334069399055 ] ] } },
{ "type": "Feature", "properties": { "objectid": 20002, "tipo_via": "CL", "grupo_via": "SP", "name": "57B-16D-86", "nombre_comun": null, "label": "CL 57B #16D-86" }, "geometry": { "type": "LineString", "coordinates": [ [ -75.539623696362526, 6.25101098788665 ], [ -75.539554906571112, 6.250896830787706 ], [ -75.539521419230283, 6.250835627804991 ] ] } },
{ "type": "Feature", "properties": { "objectid": 20088, "tipo_via": "CL", "grupo_via": "V", "name": "63-18C", "nombre_comun": "DARIEN", "label": "CL 63" }, "geometry": { "type": "LineString", "coordinates": [ [ -75.540483250347066, 6.254386797187545 ], [ -75.540837899554532, 6.254415172271112 ], [ -75.540965368348054, 6.254419307612353 ], [ -75.541173822244772, 6.254429448586207 ] ] } },
{ "type": "Feature", "properties": { "objectid": 20128, "tipo_via": "CR", "grupo_via": "V", "name": "17D-59C", "nombre_comun": "SANTA ELENA", "label": "CR 17D" }, "geometry": { "type": "LineString", "coordinates": [ [ -75.538944624238809, 6.253677486621164 ], [ -75.53894492144552, 6.253706489115794 ], [ -75.538930574933019, 6.253784227154752 ], [ -75.538924648055939, 6.253832359112339 ], [ -75.53892591291536, 6.25387296483139 ], [ -75.538937325706215, 6.253921187469192 ], [ -75.538958878369016, 6.253970677480236 ], [ -75.538985537848887, 6.254007477994895 ] ] } },
{ "type": "Feature", "properties": { "objectid": 20139, "tipo_via": "CR", "grupo_via": "SP", "name": "18-57A-38", "nombre_comun": null, "label": "CR 18 #57A-38" }, "geometry": { "type": "LineString", "coordinates": [ [ -75.54075431560149, 6.250519723708931 ], [ -75.540764790351759, 6.250526181766181 ], [ -75.540776642630888, 6.250544926365979 ], [ -75.54078522206602, 6.250556297485788 ], [ -75.540812077788232, 6.2505763311394 ], [ -75.540823895910734, 6.250583322454408 ], [ -75.540839158104319, 6.250590298021892 ] ] } },
{ "type": "Feature", "properties": { "objectid": 20436, "tipo_via": "CL", "grupo_via": "SP", "name": "57E-17BB-122", "nombre_comun": null, "label": "CL 57E #17BB-122" }, "geometry": { "type": "LineString", "coordinates": [ [ -75.539424900456552, 6.251502803810521 ], [ -75.539470317570249, 6.251508188006494 ], [ -75.539498404453056, 6.251506994454762 ] ] } },
{ "type": "Feature", "properties": { "objectid": 20998, "tipo_via": "CL", "grupo_via": "SP", "name": "57B-16D-85", "nombre_comun": null, "label": "CL 57B #16D-85" }, "geometry": { "type": "LineString", "coordinates": [ [ -75.539195076899958, 6.250431386611824 ], [ -75.539236900924777, 6.250583996720227 ], [ -75.539357104458077, 6.250568035159352 ], [ -75.539382297441776, 6.250593630000099 ], [ -75.539429324669058, 6.2505868759763 ] ] } },
{ "type": "Feature", "properties": { "objectid": 21200, "tipo_via": "CL", "grupo_via": "SP", "name": "59a-18B-53", "nombre_comun": null, "label": "CL 59A #18B-53" }, "geometry": { "type": "LineString", "coordinates": [ [ -75.540746262628502, 6.252037773811368 ], [ -75.540736488048054, 6.252080145244127 ], [ -75.540738484347898, 6.252088659552705 ], [ -75.540787827379148, 6.25209276971751 ], [ -75.540790084954196, 6.25215220502518 ], [ -75.540794739769638, 6.252214122278756 ], [ -75.540799145155574, 6.252260123857964 ] ] } },
{ "type": "Feature", "properties": { "objectid": 21364, "tipo_via": "CL", "grupo_via": "SP", "name": "57B-16D-59", "nombre_comun": null, "label": "CL 57B #16D-59" }, "geometry": { "type": "LineString", "coordinates": [ [ -75.538914306549898, 6.250614205727285 ], [ -75.538953839005245, 6.250716202976068 ], [ -75.539001616324001, 6.25069861951581 ], [ -75.539011211092742, 6.250705271730433 ], [ -75.539028986325008, 6.250783487426638 ], [ -75.539035438384602, 6.250834076613296 ], [ -75.539059555054692, 6.250895197445287 ], [ -75.53911572463069, 6.250965164747393 ], [ -75.539167043981692, 6.251125331652701 ] ] } },
{ "type": "Feature", "properties": { "objectid": 21375, "tipo_via": "CR", "grupo_via": "V", "name": "18B-62", "nombre_comun": " ", "label": "CR 18B" }, "geometry": { "type": "LineString", "coordinates": [ [ -75.540085381196349, 6.254083115465873 ], [ -75.540187513322522, 6.254266923813054 ] ] } },
{ "type": "Feature", "properties": { "objectid": 21869, "tipo_via": "CR", "grupo_via": "V", "name": "17A-57", "nombre_comun": " ", "label": "CR 17A" }, "geometry": { "type": "LineString", "coordinates": [ [ -75.538896958404564, 6.249522319395616 ], [ -75.539025674577715, 6.24968672984719 ], [ -75.5391581885482, 6.249821798805388 ], [ -75.539199803051801, 6.249862467266691 ], [ -75.539320422556585, 6.249976384038669 ], [ -75.539417334280643, 6.25003600763765 ], [ -75.539494778862917, 6.250075717266959 ], [ -75.539573429921504, 6.250117921824835 ], [ -75.539650592763991, 6.250195666974006 ], [ -75.539668294811335, 6.250220327888099 ], [ -75.539693151118442, 6.250260035724102 ], [ -75.53976682272507, 6.250418439989615 ], [ -75.539829848131021, 6.250479248864177 ], [ -75.53986172856564, 6.250497672486924 ], [ -75.539893607925762, 6.250504453861757 ], [ -75.540012444391309, 6.250508340412813 ] ] } },
{ "type": "Feature", "properties": { "objectid": 21962, "tipo_via": "CL", "grupo_via": "SP", "name": "57B-16D-32", "nombre_comun": null, "label": "CL 57B #16D-32" }, "geometry": { "type": "LineString", "coordinates": [ [ -75.538515741427162, 6.251555081302573 ], [ -75.538710548214581, 6.251470706805796 ], [ -75.538751705713452, 6.251197153982751 ] ] } },
{ "type": "Feature", "properties": { "objectid": 22046, "tipo_via": "CL", "grupo_via": "V", "name": "57E-18BB", "nombre_comun": null, "label": "CL 57E" }, "geometry": { "type": "LineString", "coordinates": [ [ -75.540591859441506, 6.251417911183897 ], [ -75.540853538050257, 6.251433588066412 ], [ -75.54096809212038, 6.251426451302097 ], [ -75.54147180472863, 6.251362674980103 ] ] } },
{ "type": "Feature", "properties": { "objectid": 22216, "tipo_via": "CL", "grupo_via": "SP", "name": "61A-17C-22", "nombre_comun": null, "label": "CL 61A #17C-22" }, "geometry": { "type": "LineString", "coordinates": [ [ -75.538862860598698, 6.25479509919549 ], [ -75.538832837698038, 6.254874228513099 ], [ -75.538796262155955, 6.254924457904774 ], [ -75.53877618196276, 6.25494454942655 ] ] } },
{ "type": "Feature", "properties": { "objectid": 22259, "tipo_via": "CR", "grupo_via": "SP", "name": "16D-57B-28", "nombre_comun": null, "label": "CR 16D #57B-28" }, "geometry": { "type": "LineString", "coordinates": [ [ -75.538315793365072, 6.251167431403795 ], [ -75.538232972451652, 6.25111679426845 ], [ -75.538194783828501, 6.251079661454976 ], [ -75.538170762019902, 6.251063105635078 ], [ -75.538147854192019, 6.251111913624687 ], [ -75.538085134500434, 6.251082078848315 ], [ -75.53805768872121, 6.251137892126118 ], [ -75.538046465119692, 6.251140457961228 ], [ -75.538032215846087, 6.251198316798764 ], [ -75.538020561438884, 6.251238381004335 ], [ -75.538030110851238, 6.251310367393682 ], [ -75.538135594382751, 6.251285329311687 ] ] } },
{ "type": "Feature", "properties": { "objectid": 22625, "tipo_via": "CL", "grupo_via": "SP", "name": "57A-17A-34", "nombre_comun": null, "label": "CL 57A #17A-34" }, "geometry": { "type": "LineString", "coordinates": [ [ -75.540458652680499, 6.250388472833031 ], [ -75.540478130477709, 6.250526059506522 ], [ -75.540460610324928, 6.250588496256351 ] ] } },
{ "type": "Feature", "properties": { "objectid": 22840, "tipo_via": "CL", "grupo_via": "V", "name": "59C-18B", "nombre_comun": " ", "label": "CL 59C" }, "geometry": { "type": "LineString", "coordinates": [ [ -75.540020929648477, 6.253274520103554 ], [ -75.540066878706526, 6.25325307209383 ], [ -75.540116556308149, 6.253245985046283 ], [ -75.540126616834854, 6.253273485589141 ], [ -75.540154123669566, 6.253317180301781 ], [ -75.540195327542904, 6.253382926062273 ], [ -75.540238166272502, 6.253390383061919 ], [ -75.540318955764832, 6.25338453154417 ], [ -75.54034316394322, 6.253379590135862 ], [ -75.540402480806179, 6.253366465799734 ], [ -75.540411724575023, 6.253273673715194 ], [ -75.540433135016869, 6.253239075605942 ], [ -75.540483651721544, 6.253229508106688 ], [ -75.540533223294673, 6.253220115147093 ], [ -75.540578790708736, 6.253192988416076 ], [ -75.54061413471257, 6.253186951607715 ], [ -75.540704215753578, 6.253197738675008 ], [ -75.54073611142455, 6.253190839740425 ], [ -75.540782217714835, 6.253213179745483 ], [ -75.540833610807965, 6.253203614306006 ], [ -75.540856019390986, 6.253240989470109 ], [ -75.541150631297981, 6.253132777136186 ] ] } },
{ "type": "Feature", "properties": { "objectid": 22860, "tipo_via": "CL", "grupo_via": "SP", "name": "57B-16D-32", "nombre_comun": null, "label": "CL 57B #16D-32" }, "geometry": { "type": "LineString", "coordinates": [ [ -75.538651131156485, 6.251204056362019 ], [ -75.538751705713452, 6.251197153982751 ] ] } },
{ "type": "Feature", "properties": { "objectid": 22914, "tipo_via": "CR", "grupo_via": "VP", "name": "18-60AB", "nombre_comun": null, "label": "CR 18" }, "geometry": { "type": "LineString", "coordinates": [ [ -75.539051202473857, 6.254347794902203 ], [ -75.53909105898083, 6.254529514170931 ], [ -75.539169822052699, 6.254630681486299 ] ] } },
{ "type": "Feature", "properties": { "objectid": 22947, "tipo_via": "CL", "grupo_via": "V", "name": "57A-17A", "nombre_comun": "BARBACOAS Y PATIVILCA", "label": "CL 57A" }, "geometry": { "type": "LineString", "coordinates": [ [ -75.540012444391309, 6.250508340412813 ], [ -75.540119783641032, 6.250499280473659 ], [ -75.540208383538541, 6.250469669314393 ], [ -75.540272534874831, 6.2504502074382 ], [ -75.540316956753742, 6.250452147218175 ], [ -75.540361419403808, 6.25043913731049 ], [ -75.540458652680499, 6.250388472833031 ], [ -75.540479711122913, 6.250366125372619 ], [ -75.540537944182532, 6.250297002109552 ], [ -75.540561524482726, 6.250279186522723 ], [ -75.540575545563172, 6.250261895419892 ], [ -75.540594339319625, 6.250176558606663 ], [ -75.540600950531584, 6.250146487542716 ], [ -75.54063864422541, 6.250106736891437 ] ] } },
{ "type": "Feature", "properties": { "objectid": 23071, "tipo_via": "CR", "grupo_via": "V", "name": "17-17B", "nombre_comun": null, "label": "CR 17" }, "geometry": { "type": "LineString", "coordinates": [ [ -75.534274283964905, 6.24793867556754 ], [ -75.534355688593806, 6.247955395372878 ], [ -75.534399672721008, 6.247955183349739 ], [ -75.534414139835718, 6.247980948721078 ], [ -75.534406642072497, 6.248012561110085 ], [ -75.534350550284984, 6.248079811116881 ], [ -75.534253488480019, 6.248177879213697 ], [ -75.534116705372057, 6.248367039502658 ], [ -75.534085501340996, 6.248439910679807 ], [ -75.534058898901719, 6.248475443190911 ], [ -75.533982873637555, 6.248573408980124 ], [ -75.533967878969477, 6.248636633768202 ], [ -75.533963355674629, 6.248690239821921 ], [ -75.533986663376098, 6.248764762258256 ], [ -75.534028165940398, 6.248844938120724 ], [ -75.534059858234016, 6.248873491033289 ], [ -75.534085725902457, 6.248883892055484 ], [ -75.534128879507236, 6.248909519142604 ], [ -75.534155772157931, 6.248934268060299 ], [ -75.534210620202288, 6.249005767851405 ], [ -75.534261634608058, 6.249075372099556 ], [ -75.534289709793541, 6.249147000945205 ], [ -75.534429075092206, 6.249295599442761 ], [ -75.53459535249965, 6.24947277287038 ], [ -75.534673981510011, 6.24951832278779 ], [ -75.534741949340344, 6.249534261876439 ], [ -75.534861513433327, 6.249542296984249 ], [ -75.534962814420723, 6.249530326177254 ], [ -75.535023155499573, 6.24955108568176 ], [ -75.535113604418854, 6.249668343564049 ], [ -75.535135725133173, 6.249695028520665 ], [ -75.535199027872821, 6.249734911117306 ], [ -75.535315898569237, 6.249779319891407 ], [ -75.535385751435115, 6.249789507747314 ], [ -75.53545765435679, 6.249828392261181 ], [ -75.535501828498965, 6.24986741052637 ], [ -75.535560025622615, 6.249939372182771 ], [ -75.535606074671136, 6.249970726245865 ], [ -75.535725901461589, 6.250089346655771 ], [ -75.535819563906713, 6.250157937488094 ], [ -75.535886766684541, 6.250194720821804 ], [ -75.535944132907588, 6.250226418042697 ], [ -75.535985366276819, 6.250239575570097 ], [ -75.536047513601659, 6.250264096350047 ], [ -75.536092331160248, 6.250289812806082 ], [ -75.536124599389879, 6.2503167244781 ], [ -75.536158061769683, 6.250361575250351 ], [ -75.536199292792205, 6.250410614359801 ], [ -75.536245304566421, 6.250451279989802 ], [ -75.536284146535579, 6.250477593040612 ], [ -75.536329561941031, 6.250499123241495 ], [ -75.536385734472773, 6.250520653959422 ], [ -75.536434137518341, 6.250535008238977 ], [ -75.536487321651379, 6.250554745137082 ], [ -75.536529151662137, 6.250572089391911 ], [ -75.536568592375048, 6.250594217089729 ], [ -75.536609225931187, 6.250626511215255 ], [ -75.536670775228657, 6.250673157548317 ], [ -75.536739495221468, 6.250724588185014 ], [ -75.536782519678439, 6.250754489311044 ], [ -75.536817179021455, 6.250779606459155 ], [ -75.536829793142971, 6.250790725842617 ], [ -75.536840448548162, 6.250803736142293 ], [ -75.536848865316699, 6.250818296954476 ], [ -75.536854823861063, 6.250834025994967 ], [ -75.536875735418647, 6.250902795936261 ], [ -75.536893659573849, 6.250976350401915 ], [ -75.536918753356872, 6.251066647896604 ], [ -75.536956397392458, 6.251143192894057 ], [ -75.536999420341772, 6.251208376134294 ], [ -75.537028101353911, 6.25126518689792 ], [ -75.53704306129805, 6.251302416603975 ], [ -75.537055586070821, 6.251340535960633 ], [ -75.537067400147706, 6.251391284698517 ], [ -75.537073502574231, 6.251443033838913 ], [ -75.537073818874134, 6.25149514091729 ], [ -75.537068344121863, 6.251546959516642 ], [ -75.537057146600077, 6.251597848291039 ], [ -75.537040366018999, 6.25164717639877 ], [ -75.537018208134882, 6.251694331665366 ], [ -75.536990950214545, 6.251738729598436 ], [ -75.536964166849856, 6.251769306762451 ], [ -75.536942253877498, 6.251803547387731 ], [ -75.536918826561532, 6.25184957954685 ], [ -75.536914890609395, 6.25187987732892 ], [ -75.53691005725851, 6.251920248561772 ], [ -75.536911311228096, 6.251960889665126 ], [ -75.536918624617229, 6.252000885809665 ], [ -75.53693183317246, 6.252039338194267 ], [ -75.537002228587255, 6.252135190590677 ], [ -75.53708394066544, 6.252246450476449 ], [ -75.537117719047941, 6.252310875450381 ], [ -75.53713000580143, 6.252380187869639 ], [ -75.537094780461018, 6.25251276635445 ] ] } },
{ "type": "Feature", "properties": { "objectid": 23356, "tipo_via": "CL", "grupo_via": "SP", "name": "61A-17BB-56", "nombre_comun": null, "label": "CL 61A #17BB-56" }, "geometry": { "type": "LineString", "coordinates": [ [ -75.538449708150424, 6.25479811432176 ], [ -75.538347703785348, 6.254848494484484 ], [ -75.538337307540004, 6.254829119865184 ], [ -75.538299370157944, 6.254842433656133 ] ] } },
{ "type": "Feature", "properties": { "objectid": 23431, "tipo_via": "CR", "grupo_via": "V", "name": "17BB-59C", "nombre_comun": "SANTA ELENA", "label": "CR 17BB" }, "geometry": { "type": "LineString", "coordinates": [ [ -75.538697530548248, 6.253474456287013 ], [ -75.538636715685456, 6.253456909336258 ], [ -75.538509672789658, 6.253451716169421 ], [ -75.538387815031584, 6.253447816111528 ], [ -75.538360591910035, 6.253447165602305 ], [ -75.538302256414468, 6.253465970955784 ], [ -75.538277622333112, 6.253482835067307 ], [ -75.538269843957011, 6.253520453015487 ], [ -75.538267247852517, 6.253581422669348 ], [ -75.538283474315747, 6.253682038040581 ], [ -75.538282875501324, 6.253718216304496 ], [ -75.538279288194047, 6.253760075990074 ], [ -75.5382673334732, 6.253803429019384 ], [ -75.53819860113876, 6.25398940087982 ], [ -75.538172604753228, 6.254018103708381 ], [ -75.538138243146577, 6.254024978271595 ], [ -75.538113443387616, 6.254011822111771 ], [ -75.538081842677556, 6.253975774120034 ], [ -75.538079530945978, 6.253970790969421 ] ] } },
{ "type": "Feature", "properties": { "objectid": 23523, "tipo_via": "CL", "grupo_via": "SP", "name": "57B-16C-39", "nombre_comun": null, "label": "CL 57B #16C-39" }, "geometry": { "type": "LineString", "coordinates": [ [ -75.537952075995861, 6.250920150159422 ], [ -75.537956013451307, 6.2508328498512 ] ] } },
{ "type": "Feature", "properties": { "objectid": 23628, "tipo_via": "CL", "grupo_via": "SP", "name": "60AB-17C-4", "nombre_comun": null, "label": "CL 60AB #17C-4" }, "geometry": { "type": "LineString", "coordinates": [ [ -75.538427726166177, 6.254442733322768 ], [ -75.538404536860327, 6.254486384764141 ], [ -75.538374059667262, 6.254486383787501 ], [ -75.538372264168117, 6.254534820370676 ] ] } },
{ "type": "Feature", "properties": { "objectid": 24354, "tipo_via": "CL", "grupo_via": "SP", "name": "57B-17A-26", "nombre_comun": null, "label": "CL 57B #17A-26" }, "geometry": { "type": "LineString", "coordinates": [ [ -75.54032626464101, 6.25076602789244 ], [ -75.540310990657346, 6.250790674577493 ], [ -75.540288500145849, 6.25083342301109 ], [ -75.540269455478168, 6.250875587006144 ], [ -75.54025481247767, 6.250915652075705 ], [ -75.540244950701336, 6.250946149326019 ], [ -75.540293352849247, 6.250985020896844 ], [ -75.540293352742225, 6.25099997128868 ], [ -75.54030769337561, 6.251016117208844 ], [ -75.540348627056559, 6.251046914991575 ], [ -75.540387808887218, 6.251079591845066 ], [ -75.540421301176494, 6.251108486272585 ], [ -75.540462826552655, 6.251133833907919 ], [ -75.540435681636168, 6.251228134691273 ], [ -75.540450166484504, 6.251267973054565 ], [ -75.540483655395363, 6.25130495928669 ], [ -75.540591859441506, 6.251417911183897 ] ] } },
{ "type": "Feature", "properties": { "objectid": 24397, "tipo_via": "DG", "grupo_via": "VP", "name": "17C-60", "nombre_comun": null, "label": "DG 17C" }, "geometry": { "type": "LineString", "coordinates": [ [ -75.538469089310993, 6.254210339139909 ], [ -75.538564697968397, 6.254318580346892 ], [ -75.538665636671865, 6.254385123392954 ] ] } },
{ "type": "Feature", "properties": { "objectid": 24504, "tipo_via": "CL", "grupo_via": "SP", "name": "57B-16D-85", "nombre_comun": null, "label": "CL 57B #16D-85" }, "geometry": { "type": "LineString", "coordinates": [ [ -75.539277724877977, 6.250335914444478 ], [ -75.539341269884829, 6.250570137786307 ] ] } },
{ "type": "Feature", "properties": { "objectid": 24579, "tipo_via": "CL", "grupo_via": "SP", "name": "57B-16D-32", "nombre_comun": null, "label": "CL 57B #16D-32" }, "geometry": { "type": "LineString", "coordinates": [ [ -75.538751705713452, 6.251197153982751 ], [ -75.538785410426641, 6.251194242643265 ], [ -75.538850246119722, 6.251153662930848 ], [ -75.538858787275458, 6.251054297652202 ] ] } },
{ "type": "Feature", "properties": { "objectid": 25079, "tipo_via": "CL", "grupo_via": "SP", "name": "57E-17BB-122", "nombre_comun": null, "label": "CL 57E #17BB-122" }, "geometry": { "type": "LineString", "coordinates": [ [ -75.539424900456552, 6.251502803810521 ], [ -75.539441034680408, 6.251525529357594 ], [ -75.539444021431621, 6.251552438482897 ], [ -75.53943505645924, 6.251578749887496 ], [ -75.539411151538602, 6.251600275698999 ] ] } },
{ "type": "Feature", "properties": { "objectid": 25613, "tipo_via": "CL", "grupo_via": "VP", "name": "61A-17D", "nombre_comun": null, "label": "CL 61A" }, "geometry": { "type": "LineString", "coordinates": [ [ -75.538889172366282, 6.254800101029375 ], [ -75.538974567078526, 6.254821514383814 ], [ -75.539031835361641, 6.254829418835367 ], [ -75.539093546726264, 6.254836870537561 ], [ -75.539142216141798, 6.254848857930685 ] ] } },
{ "type": "Feature", "properties": { "objectid": 26078, "tipo_via": "CR", "grupo_via": "V", "name": "18-57A", "nombre_comun": " ", "label": "CR 18" }, "geometry": { "type": "LineString", "coordinates": [ [ -75.540912225315694, 6.250060750323975 ], [ -75.540912051380388, 6.2500737540938 ], [ -75.540910709025866, 6.250092706236027 ], [ -75.540909455993358, 6.250110509725074 ], [ -75.540907779033375, 6.250129958938011 ], [ -75.540906605520135, 6.250146828999791 ], [ -75.540905966048058, 6.250156789973399 ], [ -75.540904934908269, 6.250170587176638 ], [ -75.540908940177204, 6.25025518268655 ], [ -75.540904404362948, 6.250270103465899 ], [ -75.540897286825555, 6.250281381404937 ], [ -75.540881366524985, 6.250304458061638 ], [ -75.540855778212418, 6.250540002419505 ], [ -75.540853928908049, 6.250572783588333 ], [ -75.540839158104319, 6.250590298021892 ], [ -75.54083322791962, 6.250601046741194 ], [ -75.540829419176717, 6.250612735424926 ], [ -75.540828423729323, 6.250692308365794 ], [ -75.540829879198412, 6.250721485139255 ], [ -75.540830958660862, 6.250747075312609 ], [ -75.54083181751146, 6.250776375217288 ], [ -75.540833304168586, 6.250812010811172 ], [ -75.540835075764093, 6.250819273109101 ], [ -75.540843927580852, 6.25082867285001 ], [ -75.540841174528126, 6.250852607138765 ], [ -75.540835083067819, 6.250878231982909 ], [ -75.540816082678973, 6.250903920145531 ], [ -75.540791258794414, 6.250933262855096 ], [ -75.540776854229634, 6.250958330275587 ], [ -75.540773030971351, 6.250973000789836 ] ] } },
{ "type": "Feature", "properties": { "objectid": 26229, "tipo_via": "CR", "grupo_via": "V", "name": "18C-62", "nombre_comun": " ", "label": "CR 18C" }, "geometry": { "type": "LineString", "coordinates": [ [ -75.540541175326737, 6.25404884764831 ], [ -75.540527108855116, 6.254233323684729 ], [ -75.540511991184601, 6.254302679774114 ], [ -75.540483250347066, 6.254386797187545 ] ] } },
{ "type": "Feature", "properties": { "objectid": 26662, "tipo_via": "CL", "grupo_via": "V", "name": "63-18B", "nombre_comun": "DARIEN", "label": "CL 63" }, "geometry": { "type": "LineString", "coordinates": [ [ -75.540220898427208, 6.254363361258769 ], [ -75.54043368189086, 6.254381893455831 ], [ -75.540483250347066, 6.254386797187545 ] ] } },
{ "type": "Feature", "properties": { "objectid": 27104, "tipo_via": "CR", "grupo_via": "V", "name": "18B-18B", "nombre_comun": " ", "label": "CR 18B" }, "geometry": { "type": "LineString", "coordinates": [ [ -75.540020929648477, 6.253274520103554 ], [ -75.540023031281962, 6.253551825452272 ], [ -75.540023023947072, 6.253691753067235 ], [ -75.539979147373074, 6.253915799821416 ], [ -75.540013557857904, 6.253947126350498 ], [ -75.54005598366868, 6.25401649439956 ], [ -75.540085381196349, 6.254083115465873 ] ] } },
{ "type": "Feature", "properties": { "objectid": 27216, "tipo_via": "CL", "grupo_via": "SP", "name": "57E-17BB-122", "nombre_comun": null, "label": "CL 57E #17BB-122" }, "geometry": { "type": "LineString", "coordinates": [ [ -75.539268930411467, 6.251496817394849 ], [ -75.539307774520623, 6.251483663805332 ], [ -75.539349604948271, 6.251483665082576 ], [ -75.539387253413082, 6.251484863720782 ], [ -75.539424900456552, 6.251502803810521 ] ] } },
{ "type": "Feature", "properties": { "objectid": 27475, "tipo_via": "CR", "grupo_via": "V", "name": "18BB-57E", "nombre_comun": " ", "label": "CR 18BB" }, "geometry": { "type": "LineString", "coordinates": [ [ -75.540591859441506, 6.251417911183897 ], [ -75.540645521382146, 6.251491675855918 ], [ -75.540701089961772, 6.251553138998349 ], [ -75.540806903186407, 6.25164695419736 ], [ -75.540837235472395, 6.251683226032862 ], [ -75.540857815146438, 6.251705798012807 ], [ -75.540895104449717, 6.251709149152392 ], [ -75.540956297814532, 6.251704846214059 ], [ -75.540975117296711, 6.251712415740315 ], [ -75.541033477824811, 6.251761919299589 ], [ -75.54104682467252, 6.251775637928669 ] ] } },
{ "type": "Feature", "properties": { "objectid": 27688, "tipo_via": "CR", "grupo_via": "VP", "name": "17D-60", "nombre_comun": null, "label": "CR 17D" }, "geometry": { "type": "LineString", "coordinates": [ [ -75.538889658536178, 6.254266351295146 ], [ -75.538898339184939, 6.254379154338022 ] ] } },
{ "type": "Feature", "properties": { "objectid": 27716, "tipo_via": "CL", "grupo_via": "V", "name": "62-18B", "nombre_comun": "URABA", "label": "CL 62" }, "geometry": { "type": "LineString", "coordinates": [ [ -75.540187513322522, 6.254266923813054 ], [ -75.540204852724969, 6.25425068619047 ], [ -75.540242146122452, 6.254175340694583 ], [ -75.540273932354665, 6.254103491815245 ], [ -75.540305056106433, 6.254078179862397 ] ] } },
{ "type": "Feature", "properties": { "objectid": 27944, "tipo_via": "CR", "grupo_via": "VP", "name": "18-61", "nombre_comun": null, "label": "CR 18" }, "geometry": { "type": "LineString", "coordinates": [ [ -75.539169822052699, 6.254630681486299 ], [ -75.539157198401895, 6.254701454955758 ], [ -75.539145221193422, 6.254820971424918 ] ] } },
{ "type": "Feature", "properties": { "objectid": 28071, "tipo_via": "CL", "grupo_via": "SP", "name": "18AA-59-108", "nombre_comun": null, "label": "CL 18AA #59-108" }, "geometry": { "type": "LineString", "coordinates": [ [ -75.539700615102959, 6.252641837804418 ], [ -75.539691623402234, 6.252704905116625 ], [ -75.539691431663655, 6.252734621495319 ], [ -75.539692707185893, 6.252777431364944 ], [ -75.539691995693204, 6.252883453699082 ], [ -75.539692968245248, 6.252935745552223 ], [ -75.539710421922905, 6.253036936191243 ] ] } },
{ "type": "Feature", "properties": { "objectid": 28366, "tipo_via": "CR", "grupo_via": "VP", "name": "17BB-60A", "nombre_comun": null, "label": "CR 17BB" }, "geometry": { "type": "LineString", "coordinates": [ [ -75.538033416968716, 6.2544304823037 ], [ -75.538023145620116, 6.25451037417314 ] ] } },
{ "type": "Feature", "properties": { "objectid": 28449, "tipo_via": "CR", "grupo_via": "V", "name": "18BB-59", "nombre_comun": " ", "label": "CR 18BB" }, "geometry": { "type": "LineString", "coordinates": [ [ -75.54104682467252, 6.251775637928669 ], [ -75.541121419739156, 6.251954858961219 ] ] } },
{ "type": "Feature", "properties": { "objectid": 28463, "tipo_via": "CL", "grupo_via": "SP", "name": "57B-16D-32", "nombre_comun": null, "label": "CL 57B #16D-32" }, "geometry": { "type": "LineString", "coordinates": [ [ -75.538651131156485, 6.251204056362019 ], [ -75.538626299507442, 6.251146802226742 ], [ -75.538335872519227, 6.251134588342472 ] ] } },
{ "type": "Feature", "properties": { "objectid": 29322, "tipo_via": "DG", "grupo_via": "V", "name": "16-57F", "nombre_comun": null, "label": "DG 16" }, "geometry": { "type": "LineString", "coordinates": [ [ -75.53667633896967, 6.252376883248396 ], [ -75.536415216179407, 6.252604918411828 ], [ -75.536280991876225, 6.252726901279307 ], [ -75.53610792046365, 6.252882847582107 ], [ -75.53596281748834, 6.253027075339221 ], [ -75.53590759835707, 6.253074433613507 ], [ -75.535853094991182, 6.253112461583424 ], [ -75.535837961926148, 6.25312104325676 ], [ -75.535821683167526, 6.253127179405235 ], [ -75.535804652829341, 6.253130720755537 ], [ -75.535787279799635, 6.253131583963446 ], [ -75.535769982297751, 6.253129747119524 ], [ -75.535753177054275, 6.253125254321993 ], [ -75.535633066159704, 6.25304930166387 ], [ -75.535597570231573, 6.253023108096878 ] ] } },
{ "type": "Feature", "properties": { "objectid": 29911, "tipo_via": "CR", "grupo_via": "V", "name": "18A-62", "nombre_comun": "SANTA ELENA", "label": "CR 18A" }, "geometry": { "type": "LineString", "coordinates": [ [ -75.539979147373074, 6.253915799821416 ], [ -75.53995972649399, 6.253912809808059 ], [ -75.539939407639181, 6.253920881424397 ], [ -75.539925065083125, 6.253936727531179 ], [ -75.539909944669589, 6.253966244858825 ], [ -75.53990388844926, 6.254039210659183 ], [ -75.539892786392528, 6.254118215916331 ], [ -75.539862302024403, 6.254276682365744 ], [ -75.539826351134494, 6.254470634525076 ], [ -75.539824633327115, 6.254695273963723 ], [ -75.539817459828015, 6.254761949841308 ], [ -75.539790863143125, 6.254843873470452 ], [ -75.539758828269171, 6.254917947681036 ], [ -75.539704800246298, 6.255000645890489 ], [ -75.539665955440611, 6.25504568854697 ], [ -75.539644900231451, 6.255068737635614 ], [ -75.539616951943628, 6.255079771860676 ], [ -75.539591662430453, 6.255064935621771 ], [ -75.539574224776473, 6.255047180006324 ], [ -75.539553013533279, 6.254996947040111 ] ] } },
{ "type": "Feature", "properties": { "objectid": 30488, "tipo_via": "CL", "grupo_via": "SP", "name": "57B-16D-46", "nombre_comun": null, "label": "CL 57B #16D-46" }, "geometry": { "type": "LineString", "coordinates": [ [ -75.539023827376965, 6.251262858379936 ], [ -75.539015632159462, 6.251133942590919 ] ] } },
{ "type": "Feature", "properties": { "objectid": 30549, "tipo_via": "CL", "grupo_via": "SP", "name": "57B-16D-46", "nombre_comun": null, "label": "CL 57B #16D-46" }, "geometry": { "type": "LineString", "coordinates": [ [ -75.538891596066293, 6.251447876593109 ], [ -75.538800927852975, 6.251456538476246 ], [ -75.538764473938173, 6.251478961201708 ] ] } },
{ "type": "Feature", "properties": { "objectid": 30827, "tipo_via": "CR", "grupo_via": "V", "name": "18B-59", "nombre_comun": " ", "label": "CR 18B" }, "geometry": { "type": "LineString", "coordinates": [ [ -75.540313870934369, 6.252334736042672 ], [ -75.540322973326255, 6.252380679671195 ], [ -75.540328648494054, 6.252427323378535 ], [ -75.540318187848868, 6.252464399138172 ], [ -75.540291893900275, 6.252486821667708 ], [ -75.540246773116408, 6.252531968759004 ], [ -75.540229879667052, 6.252567767373704 ], [ -75.540230567172841, 6.252597880010754 ], [ -75.540234942611164, 6.252672301604913 ], [ -75.540188538169744, 6.252677081796284 ], [ -75.540191592288878, 6.252737388460325 ], [ -75.540193035867148, 6.252769899667183 ], [ -75.540146661940383, 6.252795970638864 ], [ -75.54008312101962, 6.252861444433801 ] ] } },
{ "type": "Feature", "properties": { "objectid": 31347, "tipo_via": "CL", "grupo_via": "SP", "name": "57E-17BB-86", "nombre_comun": null, "label": "CL 57E #17BB-86" }, "geometry": { "type": "LineString", "coordinates": [ [ -75.538931693733673, 6.251657244407316 ], [ -75.538971920036005, 6.251686364982 ], [ -75.53900478650948, 6.251700718080108 ], [ -75.539053189138016, 6.251731816211515 ], [ -75.539066932143953, 6.251774274735277 ] ] } },
{ "type": "Feature", "properties": { "objectid": 31615, "tipo_via": "CL", "grupo_via": "V", "name": "57B-17A", "nombre_comun": " ", "label": "CL 57B" }, "geometry": { "type": "LineString", "coordinates": [ [ -75.540137574761062, 6.250710288322187 ], [ -75.540241793005421, 6.250729046672635 ], [ -75.54032626464101, 6.25076602789244 ], [ -75.540358822750278, 6.250771916303085 ], [ -75.540433974650512, 6.250775746284543 ], [ -75.540481972892209, 6.250789908613375 ], [ -75.540520790645289, 6.250812491007744 ], [ -75.540593646309262, 6.250871623907892 ], [ -75.540629432490704, 6.250892453408059 ], [ -75.540665664246163, 6.250910506032352 ], [ -75.540664887392126, 6.250969484978778 ], [ -75.54074421223801, 6.250983535598365 ], [ -75.540758958990892, 6.250986112441699 ], [ -75.540833575267925, 6.250998766356449 ] ] } },
{ "type": "Feature", "properties": { "objectid": 31627, "tipo_via": "CR", "grupo_via": "VP", "name": "17BB-60", "nombre_comun": null, "label": "CR 17BB" }, "geometry": { "type": "LineString", "coordinates": [ [ -75.538043259950214, 6.254300205373982 ], [ -75.538033416968716, 6.2544304823037 ] ] } },
{ "type": "Feature", "properties": { "objectid": 31671, "tipo_via": "CR", "grupo_via": "V", "name": "19-60", "nombre_comun": "SANTA ELENA", "label": "CR 19" }, "geometry": { "type": "LineString", "coordinates": [ [ -75.538985537848887, 6.254007477994895 ], [ -75.538995652259061, 6.254021439231181 ], [ -75.539046374945471, 6.254081085166187 ], [ -75.539114851186682, 6.254143268098304 ], [ -75.539176987895601, 6.254191492331286 ], [ -75.539245460533962, 6.254242256312665 ], [ -75.539313938129411, 6.25430190406319 ], [ -75.539367513583912, 6.254362927577743 ], [ -75.539407668506712, 6.254426794306334 ], [ -75.539444602769152, 6.254500460902194 ], [ -75.539485122337268, 6.254581085380853 ], [ -75.539487663090412, 6.254594013653267 ] ] } },
{ "type": "Feature", "properties": { "objectid": 32158, "tipo_via": "CL", "grupo_via": "SP", "name": "57B-16D-46", "nombre_comun": null, "label": "CL 57B #16D-46" }, "geometry": { "type": "LineString", "coordinates": [ [ -75.538980255654849, 6.251365602511271 ], [ -75.539004519518912, 6.251260240237824 ] ] } },
{ "type": "Feature", "properties": { "objectid": 32234, "tipo_via": "CL", "grupo_via": "SP", "name": "57B-16D-59", "nombre_comun": null, "label": "CL 57B #16D-59" }, "geometry": { "type": "LineString", "coordinates": [ [ -75.539277724877977, 6.250335914444478 ], [ -75.539164038178853, 6.250390042331086 ], [ -75.539075445328692, 6.250433497973649 ], [ -75.539094087510946, 6.250483729908441 ], [ -75.538914306549898, 6.250614205727285 ], [ -75.538859309430109, 6.25065016036666 ], [ -75.538845804030004, 6.250664987964007 ], [ -75.538835804048006, 6.250683525379251 ], [ -75.538791244598386, 6.250702337339879 ], [ -75.538787414494806, 6.250703616176073 ] ] } },
{ "type": "Feature", "properties": { "objectid": 32621, "tipo_via": "CL", "grupo_via": "VP", "name": "60AB-17D", "nombre_comun": null, "label": "CL 60AB" }, "geometry": { "type": "LineString", "coordinates": [ [ -75.538899167150319, 6.254382595908737 ], [ -75.538968289459135, 6.254372727904023 ], [ -75.53905363495214, 6.254358884740174 ] ] } },
{ "type": "Feature", "properties": { "objectid": 32721, "tipo_via": "CR", "grupo_via": "VP", "name": "17D-60", "nombre_comun": null, "label": "CR 17D" }, "geometry": { "type": "LineString", "coordinates": [ [ -75.53882687485158, 6.254099447282643 ], [ -75.538879160602647, 6.254187354571743 ], [ -75.538889658536178, 6.254266351295146 ] ] } },
{ "type": "Feature", "properties": { "objectid": 32977, "tipo_via": "CL", "grupo_via": "SP", "name": "57B-16D-85", "nombre_comun": null, "label": "CL 57B #16D-85" }, "geometry": { "type": "LineString", "coordinates": [ [ -75.539406398182379, 6.250456722252478 ], [ -75.539429324669058, 6.2505868759763 ], [ -75.539473364527097, 6.250707731039143 ], [ -75.539504675822172, 6.250765857002714 ], [ -75.539533585428686, 6.250831058396522 ] ] } },
{ "type": "Feature", "properties": { "objectid": 33078, "tipo_via": "CR", "grupo_via": "VP", "name": "17BB-60A", "nombre_comun": null, "label": "CR 17BB" }, "geometry": { "type": "LineString", "coordinates": [ [ -75.538023145620116, 6.25451037417314 ], [ -75.538060781324646, 6.25459817788168 ] ] } },
{ "type": "Feature", "properties": { "objectid": 34195, "tipo_via": "CR", "grupo_via": "SP", "name": "16C-57F-26", "nombre_comun": null, "label": "CR 16C #57F-26" }, "geometry": { "type": "LineString", "coordinates": [ [ -75.537976501162731, 6.252763367294507 ], [ -75.537907393522588, 6.252755648208704 ], [ -75.537824651944433, 6.252746989599923 ], [ -75.537816744987154, 6.252793548044949 ], [ -75.537813509746101, 6.25288629948576 ], [ -75.537748465888001, 6.252948590666025 ] ] } },
{ "type": "Feature", "properties": { "objectid": 36017, "tipo_via": "CR", "grupo_via": "SP", "name": "16D-57B-44", "nombre_comun": null, "label": "CR 16D #57B-44" }, "geometry": { "type": "LineString", "coordinates": [ [ -75.538241706387879, 6.251403128103916 ], [ -75.538179212001523, 6.251412704367569 ], [ -75.538162183907232, 6.251340645620283 ], [ -75.53816132969834, 6.251339064835913 ] ] } },
{ "type": "Feature", "properties": { "objectid": 37490, "tipo_via": "CR", "grupo_via": "VP", "name": "16-57A", "nombre_comun": null, "label": "CR 16" }, "geometry": { "type": "LineString", "coordinates": [ [ -75.538262997369543, 6.250754658625009 ], [ -75.538308284704939, 6.250789901009845 ], [ -75.538324477020339, 6.250806889741788 ], [ -75.538348149554295, 6.250857054935149 ] ] } },
{ "type": "Feature", "properties": { "objectid": 37567, "tipo_via": "CL", "grupo_via": "V", "name": "59C-17BB", "nombre_comun": "SANTA ELENA", "label": "CL 59C" }, "geometry": { "type": "LineString", "coordinates": [ [ -75.538697530548248, 6.253474456287013 ], [ -75.538756989138818, 6.253496286237015 ], [ -75.538821827217944, 6.253518116397748 ], [ -75.538865449423668, 6.253547120154991 ], [ -75.538895627089275, 6.253574928555678 ], [ -75.538924906994609, 6.253606921909175 ], [ -75.53894104042206, 6.253649679879118 ], [ -75.538944624238809, 6.253677486621164 ] ] } },
{ "type": "Feature", "properties": { "objectid": 37568, "tipo_via": "CR", "grupo_via": "V", "name": "17BB-57E", "nombre_comun": null, "label": "CR 17BB" }, "geometry": { "type": "LineString", "coordinates": [ [ -75.538202439567286, 6.251625528896987 ], [ -75.538186042231999, 6.251655011672165 ], [ -75.538197420787668, 6.251735882970579 ], [ -75.538231565678487, 6.251799670470263 ], [ -75.538248346529144, 6.25187684135027 ], [ -75.538261703812054, 6.251918201477168 ], [ -75.53828419644563, 6.252051327440496 ], [ -75.538228419168618, 6.252135734567276 ], [ -75.53820464766477, 6.252246546303811 ], [ -75.538202229853184, 6.25228493125731 ], [ -75.538202621531823, 6.252320421229633 ], [ -75.538210202785123, 6.252405428195623 ], [ -75.538188449482661, 6.252603269156563 ], [ -75.538165684116734, 6.252808195121486 ], [ -75.538133317231456, 6.252904332148193 ], [ -75.538161624403443, 6.252961131909466 ], [ -75.538249586064964, 6.253037678584755 ], [ -75.538345196538302, 6.253124272752776 ], [ -75.538349964985613, 6.253126538752837 ], [ -75.538355046329954, 6.25312797150747 ], [ -75.53836029614925, 6.253128530294902 ], [ -75.538365565233079, 6.253128199233266 ], [ -75.538370703823418, 6.253126987732001 ], [ -75.538375565871206, 6.253124930224416 ], [ -75.538380013187222, 6.253122085189026 ], [ -75.538383919369778, 6.253118533487473 ], [ -75.538396911759236, 6.253114616403954 ], [ -75.538410365078306, 6.253112840472282 ], [ -75.538423928868667, 6.253113251955389 ], [ -75.538437249794228, 6.253115840134159 ], [ -75.538449980845527, 6.253120537586661 ], [ -75.538461790379287, 6.253127221944482 ], [ -75.538472370757731, 6.253135719080426 ], [ -75.53848144636251, 6.253145807644506 ], [ -75.538534383227201, 6.253200513329844 ], [ -75.538590441232657, 6.253252015986829 ], [ -75.538605722297277, 6.253264613012476 ], [ -75.53862290986838, 6.253274450867467 ], [ -75.53864151102357, 6.253281247411937 ], [ -75.538660992300294, 6.253284807727773 ], [ -75.538680794994946, 6.253285029708667 ], [ -75.538690826625398, 6.253291318544903 ], [ -75.538699624320088, 6.253299242157626 ], [ -75.538706924800934, 6.253308563426326 ], [ -75.538712509595129, 6.253319003404511 ], [ -75.538716211573188, 6.253330249667403 ], [ -75.538717919950443, 6.253341965661504 ], [ -75.538717583602335, 6.253353800776231 ], [ -75.538715212594326, 6.253365400836217 ], [ -75.538703085835479, 6.25341939581858 ], [ -75.538697530548248, 6.253474456287013 ] ] } },
{ "type": "Feature", "properties": { "objectid": 37649, "tipo_via": "CR", "grupo_via": "V", "name": "16C-57E", "nombre_comun": null, "label": "CR 16C" }, "geometry": { "type": "LineString", "coordinates": [ [ -75.53735971038968, 6.251872812864334 ], [ -75.537403176455655, 6.251913883886815 ], [ -75.537435037083171, 6.251941110201875 ], [ -75.537545229896494, 6.251974898187721 ], [ -75.537587646565427, 6.251996581922229 ], [ -75.537623949284779, 6.252014346916842 ], [ -75.537661004820322, 6.252039644962101 ], [ -75.537686031412647, 6.252098729054978 ], [ -75.537712913739227, 6.252170722154203 ], [ -75.537740366330169, 6.25221221313184 ], [ -75.537772319686269, 6.252267272095497 ], [ -75.537798446971408, 6.252284252624651 ], [ -75.537864747138556, 6.252335004832907 ], [ -75.53788391683365, 6.252377895591083 ], [ -75.537902538320139, 6.252510730188339 ] ] } },
{ "type": "Feature", "properties": { "objectid": 37652, "tipo_via": "CR", "grupo_via": "SV", "name": "17BB-57E-38", "nombre_comun": null, "label": "CR 17BB #57E-38" }, "geometry": { "type": "LineString", "coordinates": [ [ -75.538248346529144, 6.25187684135027 ], [ -75.53817580115431, 6.251901704113091 ], [ -75.538052289965009, 6.251924139596798 ], [ -75.53791365914087, 6.25208098576506 ] ] } },
{ "type": "Feature", "properties": { "objectid": 38064, "tipo_via": "CR", "grupo_via": "V", "name": "17C-17B", "nombre_comun": null, "label": "CR 17C" }, "geometry": { "type": "LineString", "coordinates": [ [ -75.537094780461018, 6.25251276635445 ], [ -75.537083362023495, 6.252584538520185 ], [ -75.537079368887191, 6.252655431290562 ], [ -75.537096764373743, 6.252703070030956 ], [ -75.53710780183809, 6.252752573017121 ], [ -75.537112293781192, 6.252803093096833 ], [ -75.537110163762648, 6.25285376811551 ], [ -75.53710144735669, 6.252903731761001 ], [ -75.537094213949004, 6.252929599939309 ], [ -75.537085209661498, 6.252954905270105 ], [ -75.537039431572168, 6.253007911230619 ], [ -75.536989604643793, 6.253057126807732 ], [ -75.536936042701271, 6.253102241277777 ], [ -75.536926130581676, 6.253109416276035 ], [ -75.53691758770853, 6.253118179518901 ], [ -75.536910665824365, 6.253128273926464 ], [ -75.536905568595117, 6.253139402869956 ], [ -75.536902445329304, 6.253151239243217 ], [ -75.536901388319777, 6.25316343632484 ], [ -75.536902427453384, 6.253175634133123 ], [ -75.536905532995533, 6.253187474782438 ], [ -75.53691061382672, 6.253198611532965 ], [ -75.536917521091411, 6.253208716005989 ], [ -75.536926050070434, 6.253217491736548 ], [ -75.536935951961098, 6.253224681349532 ], [ -75.536946935719186, 6.253230073783643 ], [ -75.536958678023396, 6.253233509668023 ], [ -75.536970834152143, 6.25323488850256 ], [ -75.537053385447791, 6.25325652217422 ], [ -75.537200043864104, 6.253308227140493 ], [ -75.537412720020129, 6.253417468305753 ], [ -75.537723698566566, 6.25358058071116 ], [ -75.53777392744739, 6.253611506452774 ] ] } },
{ "type": "Feature", "properties": { "objectid": 39400, "tipo_via": "CR", "grupo_via": "VP", "name": "17D-60", "nombre_comun": null, "label": "CR 17D" }, "geometry": { "type": "LineString", "coordinates": [ [ -75.53882687485158, 6.254099447282643 ], [ -75.538780685360194, 6.254014589923005 ] ] } },
{ "type": "Feature", "properties": { "objectid": 39402, "tipo_via": "CL", "grupo_via": "SP", "name": "61A-17BB-11", "nombre_comun": null, "label": "CL 61A #17BB-11" }, "geometry": { "type": "LineString", "coordinates": [ [ -75.538151778926547, 6.254590249358147 ], [ -75.538150826954833, 6.25450270326346 ], [ -75.53812883804774, 6.25444912148227 ] ] } },
{ "type": "Feature", "properties": { "objectid": 39403, "tipo_via": "CL", "grupo_via": "SP", "name": "61A-17BB-11", "nombre_comun": null, "label": "CL 61A #17BB-11" }, "geometry": { "type": "LineString", "coordinates": [ [ -75.538150826954833, 6.25450270326346 ], [ -75.538106544561231, 6.25451777003152 ] ] } },
{ "type": "Feature", "properties": { "objectid": 40641, "tipo_via": "CR", "grupo_via": "V", "name": "17B-59CC", "nombre_comun": "SANTA ELENA", "label": "CR 17B" }, "geometry": { "type": "LineString", "coordinates": [ [ -75.53777392744739, 6.253611506452774 ], [ -75.537735725447391, 6.253760414051245 ], [ -75.537683859309197, 6.253960181666745 ], [ -75.537645366109331, 6.254050610818035 ] ] } },
{ "type": "Feature", "properties": { "objectid": 40642, "tipo_via": "CR", "grupo_via": "V", "name": "17B-59D", "nombre_comun": "SANTA ELENA", "label": "CR 17B" }, "geometry": { "type": "LineString", "coordinates": [ [ -75.537645366109331, 6.254050610818035 ], [ -75.53762162695071, 6.254093795665945 ], [ -75.537587479351913, 6.254140162649358 ] ] } },
{ "type": "Feature", "properties": { "objectid": 40838, "tipo_via": "CR", "grupo_via": "V", "name": "16C-57F", "nombre_comun": null, "label": "CR 16C" }, "geometry": { "type": "LineString", "coordinates": [ [ -75.537902538320139, 6.252510730188339 ], [ -75.537954634453882, 6.252662604629412 ], [ -75.537965409399405, 6.252680817194127 ], [ -75.537973139831664, 6.252700515858592 ], [ -75.537977627610744, 6.25272119572328 ], [ -75.537978757709681, 6.25274232673937 ], [ -75.537976501162731, 6.252763367294507 ], [ -75.537971579719567, 6.252781899172361 ], [ -75.537947691490473, 6.252852473265895 ], [ -75.537928044784806, 6.252924343684871 ], [ -75.537913980131862, 6.253008480605745 ], [ -75.537913462967765, 6.253023646221331 ], [ -75.537915497583683, 6.253038683631112 ], [ -75.537920026297783, 6.253053166521135 ], [ -75.537926920719997, 6.253066684298211 ], [ -75.537935985391925, 6.253078853730318 ], [ -75.537946963328054, 6.253089329811316 ], [ -75.537983874279234, 6.25310031134094 ], [ -75.538022019398994, 6.253105599265783 ], [ -75.538072762934362, 6.253108091311915 ], [ -75.538123558153728, 6.253107110310158 ], [ -75.538174167628569, 6.253102660845934 ] ] } },
{ "type": "Feature", "properties": { "objectid": 41074, "tipo_via": "CL", "grupo_via": "SP", "name": "57E-17BB-86", "nombre_comun": null, "label": "CL 57E #17BB-86" }, "geometry": { "type": "LineString", "coordinates": [ [ -75.538943001028102, 6.251620158222016 ], [ -75.538931693733673, 6.251657244407316 ], [ -75.538906039632295, 6.251707986920604 ], [ -75.53893587793624, 6.251775030969153 ], [ -75.538973613754735, 6.251881012240896 ] ] } },
{ "type": "Feature", "properties": { "objectid": 41343, "tipo_via": "CR", "grupo_via": "SP", "name": "17BB-57E-32", "nombre_comun": null, "label": "CR 17BB #57E-32" }, "geometry": { "type": "LineString", "coordinates": [ [ -75.538231565678487, 6.251799670470263 ], [ -75.538291389795816, 6.251788315129962 ], [ -75.538314062301851, 6.251783622653726 ], [ -75.538354696943685, 6.251759360671556 ], [ -75.538387554069246, 6.251769153512445 ], [ -75.538414527174012, 6.251764069570074 ], [ -75.5384340723988, 6.251758202384797 ], [ -75.538473945591363, 6.251734734269672 ], [ -75.538490364268199, 6.251731214799069 ], [ -75.538502872790176, 6.251733170540186 ], [ -75.538585742638531, 6.251796544488363 ], [ -75.538610369158846, 6.251812583812503 ], [ -75.538699888876096, 6.251788335156561 ], [ -75.538730379597894, 6.251775819574232 ], [ -75.5387761180979, 6.251746874918527 ], [ -75.538794546656391, 6.251763867278521 ], [ -75.538805254009858, 6.251779017294338 ], [ -75.538812565707332, 6.251789801482539 ], [ -75.538803775581314, 6.251811162028432 ], [ -75.538767585374828, 6.251899100019203 ], [ -75.538744690398985, 6.251943069152528 ] ] } },
{ "type": "Feature", "properties": { "objectid": 41576, "tipo_via": "CL", "grupo_via": "V", "name": "59C-18", "nombre_comun": null, "label": "CL 59C" }, "geometry": { "type": "LineString", "coordinates": [ [ -75.539698605026132, 6.253036387564446 ], [ -75.539716482196056, 6.253037217907563 ], [ -75.539748969127743, 6.25302907934807 ] ] } },
{ "type": "Feature", "properties": { "objectid": 41577, "tipo_via": "CR", "grupo_via": "V", "name": "18AA-59", "nombre_comun": " ", "label": "CR 18AA" }, "geometry": { "type": "LineString", "coordinates": [ [ -75.539901454925868, 6.252195039330768 ], [ -75.539898043672466, 6.252379458495011 ], [ -75.53988910882957, 6.252419303409454 ], [ -75.539877813011856, 6.252456317210007 ], [ -75.539864289770549, 6.252477552367644 ], [ -75.539846169445326, 6.252508321911284 ], [ -75.53982395539127, 6.252533488572976 ], [ -75.539792601208603, 6.252565524562015 ], [ -75.539778142103316, 6.25264743106505 ], [ -75.53977333625437, 6.252721706306329 ], [ -75.539775779290679, 6.252767173138799 ], [ -75.539772528769277, 6.252814206294763 ], [ -75.53976959632061, 6.252850580240628 ], [ -75.539764857760275, 6.252879093527091 ], [ -75.539757860755174, 6.252925638493037 ], [ -75.539757878657397, 6.253008692849817 ], [ -75.539748647216115, 6.253028276244656 ] ] } },
{ "type": "Feature", "properties": { "objectid": 41578, "tipo_via": "CR", "grupo_via": "V", "name": "18B-59", "nombre_comun": " ", "label": "CR 18B" }, "geometry": { "type": "LineString", "coordinates": [ [ -75.54008312101962, 6.252861444433801 ], [ -75.540069044331403, 6.252948813532062 ], [ -75.540034140217045, 6.253059799283252 ], [ -75.540019716625892, 6.253148300202196 ], [ -75.540020929648477, 6.253274520103554 ] ] } },
{ "type": "Feature", "properties": { "objectid": 41832, "tipo_via": "CR", "grupo_via": "VP", "name": "17C-60A", "nombre_comun": null, "label": "CR 17C" }, "geometry": { "type": "LineString", "coordinates": [ [ -75.538304411765893, 6.25433719366619 ], [ -75.538346353537889, 6.254378930961312 ], [ -75.538380957891391, 6.254415796187058 ], [ -75.538411233270836, 6.254439503076821 ] ] } },
{ "type": "Feature", "properties": { "objectid": 41833, "tipo_via": "CL", "grupo_via": "VP", "name": "60A-17BB", "nombre_comun": null, "label": "CL 60A" }, "geometry": { "type": "LineString", "coordinates": [ [ -75.538114195365239, 6.254387631180934 ], [ -75.538172916215117, 6.254359538701776 ], [ -75.538181088750036, 6.254369895603816 ], [ -75.538304411765893, 6.25433719366619 ] ] } },
{ "type": "Feature", "properties": { "objectid": 61605, "tipo_via": "CR", "grupo_via": "SP", "name": "18CC-57A-58", "nombre_comun": null, "label": "CR 18CC #57A-58" }, "geometry": { "type": "LineString", "coordinates": [ [ -75.541398565596097, 6.250749938905298 ], [ -75.541021572340313, 6.250758897134857 ] ] } },
{ "type": "Feature", "properties": { "objectid": 69262, "tipo_via": "CR", "grupo_via": "SP", "name": "18-57A-71", "nombre_comun": null, "label": "CR 18 #57A-71" }, "geometry": { "type": "LineString", "coordinates": [ [ -75.540846533622599, 6.2505815521543 ], [ -75.540834742866039, 6.250604742656907 ], [ -75.540831940841443, 6.250618534861069 ], [ -75.540831196938768, 6.250672361110704 ], [ -75.540835269535975, 6.250726173114374 ], [ -75.540846185166913, 6.250808408936576 ], [ -75.540865977506115, 6.250927838566791 ], [ -75.540897108835907, 6.250966440062399 ], [ -75.540900169702738, 6.25100625407761 ], [ -75.540994464562644, 6.251004004378792 ], [ -75.541010984521577, 6.250935031223335 ], [ -75.54107984451079, 6.250937568809794 ], [ -75.541064321720711, 6.251064666066447 ] ] } },
{ "type": "Feature", "properties": { "objectid": 72948, "tipo_via": "CL", "grupo_via": "SP", "name": "57B-16D-120", "nombre_comun": null, "label": "CL 57B #16D-120" }, "geometry": { "type": "LineString", "coordinates": [ [ -75.539786015823935, 6.25124380426789 ], [ -75.539878446065458, 6.251205633448453 ], [ -75.539944434401022, 6.251179822156033 ], [ -75.539854370735142, 6.250965725251784 ], [ -75.539938847503024, 6.250920089657919 ], [ -75.539898225522208, 6.250844359573516 ], [ -75.539835332008153, 6.25073189364988 ] ] } },
{ "type": "Feature", "properties": { "objectid": 78361, "tipo_via": "CR", "grupo_via": "SP", "name": "18C-59B-02", "nombre_comun": null, "label": "CR 18C #59B-02" }, "geometry": { "type": "LineString", "coordinates": [ [ -75.541273333360536, 6.252484281366888 ], [ -75.541265961176279, 6.252455936077732 ], [ -75.541207215534016, 6.252428482099734 ], [ -75.54118094329867, 6.252419100638106 ], [ -75.541152035170057, 6.252469685338124 ], [ -75.541149387397198, 6.25247481812591 ], [ -75.541039848081965, 6.252448577201006 ], [ -75.541019558267038, 6.25244524784797 ], [ -75.540991747586659, 6.252572279784531 ], [ -75.540935219781716, 6.25256198321709 ], [ -75.540945967958507, 6.252469778793422 ] ] } },
{ "type": "Feature", "properties": { "objectid": 78367, "tipo_via": "CL", "grupo_via": "SP", "name": "59A-18B-46", "nombre_comun": null, "label": "CL 59A #18B-46" }, "geometry": { "type": "LineString", "coordinates": [ [ -75.540894645186512, 6.252197005296598 ], [ -75.540898520249456, 6.252243386450655 ], [ -75.540939089240837, 6.252340071195685 ], [ -75.540982762628119, 6.252346016070305 ], [ -75.540977598863137, 6.252385063387922 ], [ -75.540940607271367, 6.252445232784801 ], [ -75.540908765098024, 6.252439440444455 ], [ -75.5408185514531, 6.252426796054316 ] ] } },
{ "type": "Feature", "properties": { "objectid": 78779, "tipo_via": "CL", "grupo_via": "SP", "name": "59-18B-80", "nombre_comun": null, "label": "CL 59 #18B-80" }, "geometry": { "type": "LineString", "coordinates": [ [ -75.540276571969045, 6.252031870802813 ], [ -75.540390419280286, 6.252053466577522 ] ] } },
{ "type": "Feature", "properties": { "objectid": 151728, "tipo_via": "CR", "grupo_via": "SP", "name": "17D-62 - 75", "nombre_comun": null, "label": "CR 17D #62 - 75" }, "geometry": { "type": "MultiLineString", "coordinates": [ [ [ -75.539547480995438, 6.253430900581328 ], [ -75.539547520916997, 6.253360570407351 ] ], [ [ -75.539547480995438, 6.253430900581328 ], [ -75.539491788491233, 6.253432891251064 ] ], [ [ -75.538985537848887, 6.254007477994895 ], [ -75.539017241712912, 6.253932749022535 ], [ -75.539038493171063, 6.253878105709745 ], [ -75.539070543113709, 6.253832021871013 ], [ -75.539152047506221, 6.253779957859414 ], [ -75.539191283168805, 6.253736709841047 ], [ -75.5392405228191, 6.253686236618402 ], [ -75.539247157718904, 6.253574970696783 ], [ -75.539248156206497, 6.253549727573474 ], [ -75.539545403186992, 6.253555587693358 ], [ -75.539547480995438, 6.253430900581328 ] ] ] } },
{ "type": "Feature", "properties": { "objectid": 163766, "tipo_via": "DG", "grupo_via": "V", "name": "16C-60A", "nombre_comun": "SANTA ELENA", "label": "DG 16C" }, "geometry": { "type": "LineString", "coordinates": [ [ -75.537000684692657, 6.253802010723608 ], [ -75.53694260525063, 6.253826914780633 ], [ -75.536885563812561, 6.253874647218682 ], [ -75.536827484402593, 6.253940023932111 ], [ -75.536682063283763, 6.25411249527068 ] ] } },
{ "type": "Feature", "properties": { "objectid": 163767, "tipo_via": "CL", "grupo_via": "VP", "name": "67-16BB", "nombre_comun": null, "label": "CL 67" }, "geometry": { "type": "LineString", "coordinates": [ [ -75.536682063283763, 6.25411249527068 ], [ -75.536588374116093, 6.254096826475575 ], [ -75.536462902877275, 6.2541034122135 ], [ -75.536403457714698, 6.254137592713123 ], [ -75.536367470444205, 6.254142745452079 ], [ -75.536086631452818, 6.254153072155113 ], [ -75.535877623133729, 6.25418697298274 ], [ -75.535751335705925, 6.254189952372667 ], [ -75.535671525415367, 6.254161747756239 ], [ -75.535644250011856, 6.254132280519845 ], [ -75.535626059747898, 6.254112627890577 ], [ -75.535566181214662, 6.254047938214447 ], [ -75.535501412760937, 6.253995215488099 ] ] } },
{ "type": "Feature", "properties": { "objectid": 165422, "tipo_via": "DG", "grupo_via": "V", "name": "16C-67", "nombre_comun": null, "label": "DG 16C" }, "geometry": { "type": "LineString", "coordinates": [ [ -75.536682063283763, 6.25411249527068 ], [ -75.536571257244972, 6.254243913584376 ], [ -75.536310960662846, 6.254745317617705 ], [ -75.536295400859515, 6.254811733959577 ], [ -75.536274655937078, 6.2548822999128 ], [ -75.53624768585189, 6.254966361810316 ], [ -75.536216917619186, 6.25499745281098 ], [ -75.536122147473719, 6.254983618234258 ], [ -75.535911471972753, 6.254877579354765 ], [ -75.53585158251019, 6.254850938575831 ], [ -75.535808330893431, 6.25484427795068 ], [ -75.535760086048597, 6.254844275824228 ], [ -75.53566692276469, 6.254920844869617 ], [ -75.535567099455434, 6.255000744275105 ], [ -75.535445650876568, 6.255132247369145 ], [ -75.535380767352024, 6.255182186585287 ], [ -75.535350820572503, 6.255222134825585 ], [ -75.535355806559124, 6.255287056950422 ], [ -75.535334177217791, 6.255332002765678 ], [ -75.535284269125441, 6.255371954253804 ], [ -75.535237684560471, 6.255433542346776 ], [ -75.535152836144974, 6.25548181672684 ], [ -75.535061336642855, 6.255520095665943 ], [ -75.534953200845138, 6.255556713577246 ], [ -75.534866693138554, 6.255596662708198 ], [ -75.534771866653813, 6.255609975156649 ], [ -75.534637114734466, 6.255623280492398 ], [ -75.534482400564315, 6.255636589020024 ], [ -75.53431604197479, 6.255648231362699 ], [ -75.534038221021333, 6.255663196222362 ], [ -75.533935076381781, 6.255694819048099 ], [ -75.533841911517669, 6.255733102243712 ], [ -75.533758731702136, 6.25576638992522 ], [ -75.533705492329304, 6.255789692732556 ], [ -75.533655585680748, 6.255817988259291 ], [ -75.533615654518798, 6.255849613429938 ] ] } },
{ "type": "Feature", "properties": { "objectid": 165426, "tipo_via": "DG", "grupo_via": "V", "name": "16B-67", "nombre_comun": null, "label": "DG 16B" }, "geometry": { "type": "LineString", "coordinates": [ [ -75.53691758770853, 6.253118179518901 ], [ -75.536925981866119, 6.253057035342968 ], [ -75.536941335454216, 6.253018686437034 ], [ -75.536941809550797, 6.252992969338169 ], [ -75.536920185217596, 6.252970347956049 ], [ -75.536863855514682, 6.252958817670399 ], [ -75.536790027454458, 6.253016585423087 ], [ -75.536599757952985, 6.253218444462732 ], [ -75.53652590675253, 6.25327142774306 ], [ -75.536223064621453, 6.253428379555218 ], [ -75.535977640824171, 6.253594621405131 ], [ -75.535767992900034, 6.253743946289032 ], [ -75.535734607483292, 6.253760852565485 ], [ -75.535706396605704, 6.253759421016013 ], [ -75.535691566372222, 6.253758668054346 ], [ -75.535600601810202, 6.253732793805837 ], [ -75.535406557199664, 6.253647613501378 ], [ -75.535276045508965, 6.253618449221046 ], [ -75.535289313197737, 6.253671422383852 ] ] } },
{ "type": "Feature", "properties": { "objectid": 165435, "tipo_via": "CL", "grupo_via": "VP", "name": "57F-16B", "nombre_comun": null, "label": "CL 57F" }, "geometry": { "type": "LineString", "coordinates": [ [ -75.53667633896967, 6.252376883248396 ], [ -75.536717703822958, 6.252393660984877 ], [ -75.536792415794253, 6.25242009276632 ], [ -75.536863238711291, 6.252433146150995 ], [ -75.536930254727068, 6.252450045925778 ], [ -75.536974332329777, 6.2524689704655 ], [ -75.537052841077866, 6.252489641838843 ], [ -75.537094780461018, 6.25251276635445 ] ] } },
{ "type": "Feature", "properties": { "objectid": 165436, "tipo_via": "CL", "grupo_via": "VP", "name": "57F-16B", "nombre_comun": null, "label": "CL 57F" }, "geometry": { "type": "LineString", "coordinates": [ [ -75.535857309719177, 6.252038036509447 ], [ -75.536215736664019, 6.252204713180936 ], [ -75.536577823038442, 6.252336925095547 ], [ -75.53667633896967, 6.252376883248396 ] ] } },
{ "type": "Feature", "properties": { "objectid": 165437, "tipo_via": "CL", "grupo_via": "VP", "name": "57F-16C", "nombre_comun": null, "label": "CL 57F" }, "geometry": { "type": "LineString", "coordinates": [ [ -75.537772319686269, 6.252267272095497 ], [ -75.537730962122993, 6.252325615394154 ], [ -75.537723091201087, 6.252387327510522 ], [ -75.537671797183762, 6.252420825849136 ], [ -75.537658197229149, 6.25245109254523 ], [ -75.537550913475982, 6.252474036359565 ], [ -75.53736343088049, 6.252510106450795 ], [ -75.537271224773818, 6.25252442629047 ], [ -75.537094780461018, 6.25251276635445 ] ] } },
{ "type": "Feature", "properties": { "objectid": 191532, "tipo_via": "CR", "grupo_via": "SP", "name": "18C-63-31", "nombre_comun": null, "label": "CR 18C #63-31" }, "geometry": { "type": "LineString", "coordinates": [ [ -75.540636547675049, 6.254799565476053 ], [ -75.540733274452705, 6.254804397444534 ], [ -75.540821719950685, 6.254803491283836 ] ] } },
{ "type": "Feature", "properties": { "objectid": 240492, "tipo_via": "CR", "grupo_via": "SP", "name": "17-57A-262", "nombre_comun": null, "label": "CR 17 #57A-262" }, "geometry": { "type": "LineString", "coordinates": [ [ -75.535892755887602, 6.251409620524152 ], [ -75.536133985749785, 6.251521920873343 ], [ -75.536217770795702, 6.251556455078883 ], [ -75.536365759360962, 6.251609621461196 ], [ -75.536417951541978, 6.25164153520311 ], [ -75.536594346041497, 6.251720497090626 ], [ -75.536918826561532, 6.25184957954685 ] ] } },
{ "type": "Feature", "properties": { "objectid": 241295, "tipo_via": "CR", "grupo_via": "SP", "name": "17-57A-294", "nombre_comun": null, "label": "CR 17 #57A-294" }, "geometry": { "type": "LineString", "coordinates": [ [ -75.536714863150152, 6.251934740936622 ], [ -75.536710435442501, 6.252038259876572 ], [ -75.536711509410765, 6.252083171082355 ], [ -75.536715453993537, 6.25210825476701 ], [ -75.536740466593045, 6.252135596470834 ], [ -75.536798223064466, 6.252170033784981 ], [ -75.536834916849187, 6.252188701970067 ], [ -75.536864722537231, 6.252200861240973 ], [ -75.536882016977813, 6.252204695262143 ], [ -75.5369081037028, 6.252204273657886 ], [ -75.536929421526295, 6.252196504741883 ], [ -75.537002228587255, 6.252135190590677 ] ] } },
{ "type": "Feature", "properties": { "objectid": 260568, "tipo_via": "CL", "grupo_via": "SP", "name": "61A-17BB-65", "nombre_comun": null, "label": "CL 61A #17BB-65" }, "geometry": { "type": "LineString", "coordinates": [ [ -75.538620836147629, 6.254832276326804 ], [ -75.538553657479838, 6.254761529644248 ], [ -75.5385012602122, 6.254699384655689 ] ] } },
{ "type": "Feature", "properties": { "objectid": 289121, "tipo_via": "CL", "grupo_via": "SP", "name": "57B-16D-35", "nombre_comun": null, "label": "CL 57B #16D-35" }, "geometry": { "type": "LineString", "coordinates": [ [ -75.538787414494806, 6.250703616176073 ], [ -75.538696544671282, 6.250733952357203 ], [ -75.538644170278488, 6.250779997776086 ] ] } },
{ "type": "Feature", "properties": { "objectid": 289122, "tipo_via": "CL", "grupo_via": "SP", "name": "57B-16D-35", "nombre_comun": null, "label": "CL 57B #16D-35" }, "geometry": { "type": "LineString", "coordinates": [ [ -75.538787414494806, 6.250703616176073 ], [ -75.538879050817997, 6.250868485060288 ], [ -75.538929052878757, 6.250961447555757 ], [ -75.538908293111916, 6.251033173467865 ], [ -75.538898281372269, 6.251050210115771 ] ] } }
]
}
